[0m16:42:58.686926 [debug] [MainThread]: Sending event: {'category': 'dbt', 'action': 'invocation', 'label': 'start', 'context': [<snowplow_tracker.self_describing_json.SelfDescribingJson object at 0x0000022570BBDA90>, <snowplow_tracker.self_describing_json.SelfDescribingJson object at 0x000002256D8DAE90>, <snowplow_tracker.self_describing_json.SelfDescribingJson object at 0x0000022572FBBED0>]}


============================== 16:42:58.693302 | 5b90382d-1353-495b-949b-78903a76d54e ==============================
[0m16:42:58.693302 [info ] [MainThread]: Running with dbt=1.11.12
[0m16:42:58.694050 [debug] [MainThread]: running dbt with arguments {'version_check': 'True', 'no_print': 'None', 'static_parser': 'True', 'target_path': 'None', 'warn_error_options': 'WarnErrorOptionsV2(error=[], warn=[], silence=[])', 'printer_width': '80', 'write_json': 'True', 'empty': 'None', 'log_cache_events': 'False', 'introspect': 'True', 'cache_selected_only': 'False', 'fail_fast': 'False', 'debug': 'False', 'log_format': 'default', 'partial_parse': 'True', 'send_anonymous_usage_stats': 'True', 'quiet': 'False', 'warn_error': 'None', 'profiles_dir': 'C:\\Users\\tommad01\\.dbt', 'indirect_selection': 'eager', 'use_colors': 'True', 'invocation_command': 'dbt ', 'use_experimental_parser': 'False', 'log_path': 'c:\\Users\\tommad01\\Desktop\\Lab\\lab_dbt\\logs'}
[0m16:42:58.993938 [debug] [MainThread]: Sending event: {'category': 'dbt', 'action': 'project_id', 'label': '5b90382d-1353-495b-949b-78903a76d54e', 'context': [<snowplow_tracker.self_describing_json.SelfDescribingJson object at 0x00000225712A9350>]}
[0m16:42:59.038030 [info ] [MainThread]: Warning: No packages were found in packages.yml
[0m16:42:59.039258 [info ] [MainThread]: Warning: No packages were found in packages.yml
[0m16:42:59.041018 [debug] [MainThread]: Command `cli deps` succeeded at 16:42:59.040569 after 0.55 seconds
[0m16:42:59.041437 [debug] [MainThread]: Sending event: {'category': 'dbt', 'action': 'invocation', 'label': 'end', 'context': [<snowplow_tracker.self_describing_json.SelfDescribingJson object at 0x0000022571DF3DF0>, <snowplow_tracker.self_describing_json.SelfDescribingJson object at 0x0000022573560270>, <snowplow_tracker.self_describing_json.SelfDescribingJson object at 0x0000022571EB9850>]}
[0m16:42:59.041838 [debug] [MainThread]: Flushing usage events
[0m16:42:59.335881 [debug] [MainThread]: An error was encountered while trying to flush usage events
[0m17:01:09.573216 [debug] [MainThread]: Sending event: {'category': 'dbt', 'action': 'invocation', 'label': 'start', 'context': [<snowplow_tracker.self_describing_json.SelfDescribingJson object at 0x000001872B7FAAD0>, <snowplow_tracker.self_describing_json.SelfDescribingJson object at 0x000001872B7FB6D0>, <snowplow_tracker.self_describing_json.SelfDescribingJson object at 0x000001872B7FBC90>]}


============================== 17:01:09.578186 | acdf237a-dbf5-426b-8765-8f6bb81bf987 ==============================
[0m17:01:09.578186 [info ] [MainThread]: Running with dbt=1.12.0
[0m17:01:09.579186 [debug] [MainThread]: running dbt with arguments {'maximum_seed_size_mib': '1', 'no_print': 'None', 'version_check': 'True', 'target_path': 'None', 'warn_error_options': 'WarnErrorOptionsV2(error=[], warn=[], silence=[])', 'static_parser': 'True', 'printer_width': '80', 'write_json': 'True', 'empty': 'None', 'log_cache_events': 'False', 'introspect': 'True', 'cache_selected_only': 'False', 'fail_fast': 'False', 'debug': 'False', 'log_format': 'default', 'partial_parse': 'True', 'send_anonymous_usage_stats': 'True', 'quiet': 'False', 'warn_error': 'None', 'profiles_dir': 'C:\\Users\\tommad01\\.dbt', 'indirect_selection': 'eager', 'hints_enabled': 'True', 'invocation_command': 'dbt debug', 'use_experimental_parser': 'False', 'use_colors': 'True', 'log_path': 'C:\\Users\\tommad01\\Desktop\\Lab\\lab_dbt\\logs'}
[0m17:01:09.604588 [info ] [MainThread]: dbt version: 1.12.0
[0m17:01:09.605187 [info ] [MainThread]: python version: 3.11.15
[0m17:01:09.607187 [info ] [MainThread]: python path: C:\Users\tommad01\envs\dbt\python.exe
[0m17:01:09.607327 [info ] [MainThread]: os info: Windows-10-10.0.19045-SP0
[0m17:01:11.242794 [debug] [MainThread]: Spark adapter: Setting pyhive.hive logging to ERROR
[0m17:01:11.243793 [debug] [MainThread]: Spark adapter: Setting thrift.transport logging to ERROR
[0m17:01:11.244906 [debug] [MainThread]: Spark adapter: Setting thrift.protocol logging to ERROR
[0m17:01:12.396036 [info ] [MainThread]: Using profiles dir at C:\Users\tommad01\.dbt
[0m17:01:12.397326 [info ] [MainThread]: Using profiles.yml file at C:\Users\tommad01\.dbt\profiles.yml
[0m17:01:12.398036 [info ] [MainThread]: Using dbt_project.yml file at C:\Users\tommad01\Desktop\Lab\lab_dbt\dbt_project.yml
[0m17:01:12.399038 [info ] [MainThread]: adapter type: databricks
[0m17:01:12.400040 [info ] [MainThread]: adapter version: 1.12.3
[0m17:01:12.529071 [info ] [MainThread]: Configuration:
[0m17:01:12.530038 [info ] [MainThread]:   profiles.yml file [[32mOK found and valid[0m]
[0m17:01:12.530038 [info ] [MainThread]:   dbt_project.yml file [[32mOK found and valid[0m]
[0m17:01:12.531039 [info ] [MainThread]: Required dependencies:
[0m17:01:12.532038 [debug] [MainThread]: Executing "git --help"
[0m17:01:12.679557 [debug] [MainThread]: STDOUT: "b"usage: git [-v | --version] [-h | --help] [-C <path>] [-c <name>=<value>]\n           [--exec-path[=<path>]] [--html-path] [--man-path] [--info-path]\n           [-p | --paginate | -P | --no-pager] [--no-replace-objects] [--no-lazy-fetch]\n           [--no-optional-locks] [--no-advice] [--bare] [--git-dir=<path>]\n           [--work-tree=<path>] [--namespace=<name>] [--config-env=<name>=<envvar>]\n           <command> [<args>]\n\nThese are common Git commands used in various situations:\n\nstart a working area (see also: git help tutorial)\n   clone     Clone a repository into a new directory\n   init      Create an empty Git repository or reinitialize an existing one\n\nwork on the current change (see also: git help everyday)\n   add       Add file contents to the index\n   mv        Move or rename a file, a directory, or a symlink\n   restore   Restore working tree files\n   rm        Remove files from the working tree and from the index\n\nexamine the history and state (see also: git help revisions)\n   bisect    Use binary search to find the commit that introduced a bug\n   diff      Show changes between commits, commit and working tree, etc\n   grep      Print lines matching a pattern\n   log       Show commit logs\n   show      Show various types of objects\n   status    Show the working tree status\n\ngrow, mark and tweak your common history\n   branch    List, create, or delete branches\n   commit    Record changes to the repository\n   merge     Join two or more development histories together\n   rebase    Reapply commits on top of another base tip\n   reset     Reset current HEAD to the specified state\n   switch    Switch branches\n   tag       Create, list, delete or verify a tag object signed with GPG\n\ncollaborate (see also: git help workflows)\n   fetch     Download objects and refs from another repository\n   pull      Fetch from and integrate with another repository or a local branch\n   push      Update remote refs along with associated objects\n\n'git help -a' and 'git help -g' list available subcommands and some\nconcept guides. See 'git help <command>' or 'git help <concept>'\nto read about a specific subcommand or concept.\nSee 'git help git' for an overview of the system.\n""
[0m17:01:12.680591 [debug] [MainThread]: STDERR: "b''"
[0m17:01:12.681165 [info ] [MainThread]:  - git [[32mOK found[0m]

[0m17:01:12.681556 [info ] [MainThread]: Connection:
[0m17:01:12.682555 [info ] [MainThread]:   host: adb-7405606624435497.17.azuredatabricks.net
[0m17:01:12.682555 [info ] [MainThread]:   http_path: /sql/1.0/warehouses/8f40c0f5ed465bfa
[0m17:01:12.683557 [info ] [MainThread]:   catalog: opsanalytics_adb_workspace01
[0m17:01:12.684556 [info ] [MainThread]:   schema: lab_staging
[0m17:01:12.685557 [info ] [MainThread]: Registered adapter: databricks=1.12.3
[0m17:01:13.397877 [debug] [MainThread]: Databricks adapter: DatabricksDBTConnection(session-id=None, name=debug) - Creating connection
[0m17:01:13.398874 [debug] [MainThread]: Acquiring new databricks connection 'debug'
[0m17:01:16.263796 [info ] [MainThread]: Databricks adapter: SPOG discovery probe to 'https://adb-7405606624435497.17.azuredatabricks.net/.well-known/databricks-config' failed after 3 attempts (last error: HTTPSConnectionPool(host='adb-7405606624435497.17.azuredatabricks.net', port=443): Max retries exceeded with url: /.well-known/databricks-config (Caused by SSLError(SSLCertVerificationError(1, '[SSL: CERTIFICATE_VERIFY_FAILED] certificate verify failed: unable to get local issuer certificate (_ssl.c:1016)')))). Proceeding as a non-SPOG host. If adb-7405606624435497.17.azuredatabricks.net is a SPOG (unified) workspace, routing errors may follow; verify network reachability to /.well-known/databricks-config.
[0m17:01:16.275794 [info ] [MainThread]: Databricks adapter:   SPOG host (host_type=None): no
[0m17:01:16.277882 [info ] [MainThread]: Databricks adapter:   workspace_id (from ?o= in http_path): None
[0m17:01:16.279793 [info ] [MainThread]: Databricks adapter:   databricks-sql-connector version: 4.3.0 (supported)
[0m17:01:16.280822 [info ] [MainThread]: Databricks adapter:   databricks-sdk version: 0.117.0 (supported)
[0m17:01:16.282800 [debug] [MainThread]: Using databricks connection "debug"
[0m17:01:16.283890 [debug] [MainThread]: On debug: select 1 as id
[0m17:01:16.284794 [debug] [MainThread]: Opening a new connection, currently in state init
[0m17:01:33.600792 [error] [MainThread]: [[31mERROR[0m]: Encountered an error:

[0m17:01:33.619072 [error] [MainThread]: Traceback (most recent call last):
  File "C:\Users\tommad01\envs\dbt\Lib\site-packages\urllib3\connectionpool.py", line 464, in _make_request
    self._validate_conn(conn)
  File "C:\Users\tommad01\envs\dbt\Lib\site-packages\urllib3\connectionpool.py", line 1106, in _validate_conn
    conn.connect()
  File "C:\Users\tommad01\envs\dbt\Lib\site-packages\urllib3\connection.py", line 796, in connect
    sock_and_verified = _ssl_wrap_socket_and_match_hostname(
                        ^^^^^^^^^^^^^^^^^^^^^^^^^^^^^^^^^^^^
  File "C:\Users\tommad01\envs\dbt\Lib\site-packages\urllib3\connection.py", line 975, in _ssl_wrap_socket_and_match_hostname
    ssl_sock = ssl_wrap_socket(
               ^^^^^^^^^^^^^^^^
  File "C:\Users\tommad01\envs\dbt\Lib\site-packages\urllib3\util\ssl_.py", line 433, in ssl_wrap_socket
    ssl_sock = _ssl_wrap_socket_impl(sock, context, tls_in_tls, server_hostname)
               ^^^^^^^^^^^^^^^^^^^^^^^^^^^^^^^^^^^^^^^^^^^^^^^^^^^^^^^^^^^^^^^^^
  File "C:\Users\tommad01\envs\dbt\Lib\site-packages\urllib3\util\ssl_.py", line 477, in _ssl_wrap_socket_impl
    return ssl_context.wrap_socket(sock, server_hostname=server_hostname)
           ^^^^^^^^^^^^^^^^^^^^^^^^^^^^^^^^^^^^^^^^^^^^^^^^^^^^^^^^^^^^^^
  File "C:\Users\tommad01\envs\dbt\Lib\ssl.py", line 517, in wrap_socket
    return self.sslsocket_class._create(
           ^^^^^^^^^^^^^^^^^^^^^^^^^^^^^
  File "C:\Users\tommad01\envs\dbt\Lib\ssl.py", line 1104, in _create
    self.do_handshake()
  File "C:\Users\tommad01\envs\dbt\Lib\ssl.py", line 1382, in do_handshake
    self._sslobj.do_handshake()
ssl.SSLCertVerificationError: [SSL: CERTIFICATE_VERIFY_FAILED] certificate verify failed: unable to get local issuer certificate (_ssl.c:1016)

During handling of the above exception, another exception occurred:

Traceback (most recent call last):
  File "C:\Users\tommad01\envs\dbt\Lib\site-packages\urllib3\connectionpool.py", line 788, in urlopen
    response = self._make_request(
               ^^^^^^^^^^^^^^^^^^^
  File "C:\Users\tommad01\envs\dbt\Lib\site-packages\urllib3\connectionpool.py", line 488, in _make_request
    raise new_e
urllib3.exceptions.SSLError: [SSL: CERTIFICATE_VERIFY_FAILED] certificate verify failed: unable to get local issuer certificate (_ssl.c:1016)

The above exception was the direct cause of the following exception:

Traceback (most recent call last):
  File "C:\Users\tommad01\envs\dbt\Lib\site-packages\requests\adapters.py", line 696, in send
    resp = conn.urlopen(
           ^^^^^^^^^^^^^
  File "C:\Users\tommad01\envs\dbt\Lib\site-packages\urllib3\connectionpool.py", line 842, in urlopen
    retries = retries.increment(
              ^^^^^^^^^^^^^^^^^^
  File "C:\Users\tommad01\envs\dbt\Lib\site-packages\urllib3\util\retry.py", line 543, in increment
    raise MaxRetryError(_pool, url, reason) from reason  # type: ignore[arg-type]
    ^^^^^^^^^^^^^^^^^^^^^^^^^^^^^^^^^^^^^^^^^^^^^^^^^^^
urllib3.exceptions.MaxRetryError: HTTPSConnectionPool(host='adb-7405606624435497.17.azuredatabricks.net', port=443): Max retries exceeded with url: /.well-known/databricks-config (Caused by SSLError(SSLCertVerificationError(1, '[SSL: CERTIFICATE_VERIFY_FAILED] certificate verify failed: unable to get local issuer certificate (_ssl.c:1016)')))

During handling of the above exception, another exception occurred:

Traceback (most recent call last):
  File "C:\Users\tommad01\envs\dbt\Lib\site-packages\databricks\sdk\retries.py", line 38, in wrapper
    return func(*args, **kwargs)
           ^^^^^^^^^^^^^^^^^^^^^
  File "C:\Users\tommad01\envs\dbt\Lib\site-packages\databricks\sdk\_base_client.py", line 284, in _perform
    response = self._session.request(
               ^^^^^^^^^^^^^^^^^^^^^^
  File "C:\Users\tommad01\envs\dbt\Lib\site-packages\requests\sessions.py", line 651, in request
    resp = self.send(prep, **send_kwargs)
           ^^^^^^^^^^^^^^^^^^^^^^^^^^^^^^
  File "C:\Users\tommad01\envs\dbt\Lib\site-packages\requests\sessions.py", line 784, in send
    r = adapter.send(request, **kwargs)
        ^^^^^^^^^^^^^^^^^^^^^^^^^^^^^^^
  File "C:\Users\tommad01\envs\dbt\Lib\site-packages\requests\adapters.py", line 727, in send
    raise SSLError(e, request=request)
requests.exceptions.SSLError: HTTPSConnectionPool(host='adb-7405606624435497.17.azuredatabricks.net', port=443): Max retries exceeded with url: /.well-known/databricks-config (Caused by SSLError(SSLCertVerificationError(1, '[SSL: CERTIFICATE_VERIFY_FAILED] certificate verify failed: unable to get local issuer certificate (_ssl.c:1016)')))

During handling of the above exception, another exception occurred:

Traceback (most recent call last):
  File "C:\Users\tommad01\envs\dbt\Lib\site-packages\dbt\cli\requires.py", line 190, in wrapper
    result, success = func(*args, **kwargs)
                      ^^^^^^^^^^^^^^^^^^^^^
  File "C:\Users\tommad01\envs\dbt\Lib\site-packages\dbt\cli\requires.py", line 136, in wrapper
    return func(*args, **kwargs)
           ^^^^^^^^^^^^^^^^^^^^^
  File "C:\Users\tommad01\envs\dbt\Lib\site-packages\dbt\cli\main.py", line 439, in debug
    results = task.run()
              ^^^^^^^^^^
  File "C:\Users\tommad01\envs\dbt\Lib\site-packages\dbt\task\debug.py", line 144, in run
    connection_status = self.test_connection()
                        ^^^^^^^^^^^^^^^^^^^^^^
  File "C:\Users\tommad01\envs\dbt\Lib\site-packages\dbt\task\debug.py", line 465, in test_connection
    connection_result = self.attempt_connection(self.profile)
                        ^^^^^^^^^^^^^^^^^^^^^^^^^^^^^^^^^^^^^
  File "C:\Users\tommad01\envs\dbt\Lib\site-packages\dbt\task\debug.py", line 443, in attempt_connection
    adapter.debug_query()
  File "C:\Users\tommad01\envs\dbt\Lib\site-packages\dbt\adapters\databricks\impl.py", line 1179, in debug_query
    self.execute("select 1 as id")
  File "C:\Users\tommad01\envs\dbt\Lib\site-packages\dbt\adapters\databricks\impl.py", line 520, in execute
    return super().execute(sql=sql, auto_begin=auto_begin, fetch=fetch, limit=limit)
           ^^^^^^^^^^^^^^^^^^^^^^^^^^^^^^^^^^^^^^^^^^^^^^^^^^^^^^^^^^^^^^^^^^^^^^^^^
  File "C:\Users\tommad01\envs\dbt\Lib\site-packages\dbt_common\record.py", line 538, in record_replay_wrapper
    return func_to_record(*call_args, **kwargs)
           ^^^^^^^^^^^^^^^^^^^^^^^^^^^^^^^^^^^^
  File "C:\Users\tommad01\envs\dbt\Lib\site-packages\dbt\adapters\base\impl.py", line 523, in execute
    return self.connections.execute(sql=sql, auto_begin=auto_begin, fetch=fetch, limit=limit)
           ^^^^^^^^^^^^^^^^^^^^^^^^^^^^^^^^^^^^^^^^^^^^^^^^^^^^^^^^^^^^^^^^^^^^^^^^^^^^^^^^^^
  File "C:\Users\tommad01\envs\dbt\Lib\site-packages\dbt\adapters\databricks\connections.py", line 384, in execute
    _, cursor = self.add_query(sql, auto_begin)
                ^^^^^^^^^^^^^^^^^^^^^^^^^^^^^^^
  File "C:\Users\tommad01\envs\dbt\Lib\site-packages\dbt\adapters\databricks\connections.py", line 356, in add_query
    handle: DatabricksHandle = connection.handle
                               ^^^^^^^^^^^^^^^^^
  File "C:\Users\tommad01\envs\dbt\Lib\site-packages\dbt\adapters\contracts\connection.py", line 96, in handle
    self._handle.resolve(self)
  File "C:\Users\tommad01\envs\dbt\Lib\site-packages\dbt\adapters\contracts\connection.py", line 120, in resolve
    return self.opener(connection)
           ^^^^^^^^^^^^^^^^^^^^^^^
  File "C:\Users\tommad01\envs\dbt\Lib\site-packages\dbt\adapters\databricks\connections.py", line 536, in open
    return cls.retry_connection(
           ^^^^^^^^^^^^^^^^^^^^^
  File "C:\Users\tommad01\envs\dbt\Lib\site-packages\dbt\adapters\base\connections.py", line 237, in retry_connection
    connection.handle = connect()
                        ^^^^^^^^^
  File "C:\Users\tommad01\envs\dbt\Lib\site-packages\dbt\adapters\databricks\connections.py", line 511, in connect
    conn = DatabricksHandle.from_connection_args(
           ^^^^^^^^^^^^^^^^^^^^^^^^^^^^^^^^^^^^^^
  File "C:\Users\tommad01\envs\dbt\Lib\site-packages\dbt\adapters\databricks\handle.py", line 280, in from_connection_args
    conn = dbsql.connect(**conn_args)
           ^^^^^^^^^^^^^^^^^^^^^^^^^^
  File "C:\Users\tommad01\envs\dbt\Lib\site-packages\databricks\sql\__init__.py", line 93, in connect
    return Connection(server_hostname, http_path, access_token, **kwargs)
           ^^^^^^^^^^^^^^^^^^^^^^^^^^^^^^^^^^^^^^^^^^^^^^^^^^^^^^^^^^^^^^
  File "C:\Users\tommad01\envs\dbt\Lib\site-packages\databricks\sql\client.py", line 321, in __init__
    self.session = Session(
                   ^^^^^^^^
  File "C:\Users\tommad01\envs\dbt\Lib\site-packages\databricks\sql\session.py", line 121, in __init__
    self.auth_provider = get_python_sql_connector_auth_provider(
                         ^^^^^^^^^^^^^^^^^^^^^^^^^^^^^^^^^^^^^^^
  File "C:\Users\tommad01\envs\dbt\Lib\site-packages\databricks\sql\auth\auth.py", line 134, in get_python_sql_connector_auth_provider
    return get_auth_provider(cfg, http_client)
           ^^^^^^^^^^^^^^^^^^^^^^^^^^^^^^^^^^^
  File "C:\Users\tommad01\envs\dbt\Lib\site-packages\databricks\sql\auth\auth.py", line 19, in get_auth_provider
    base_provider = ExternalAuthProvider(cfg.credentials_provider)
                    ^^^^^^^^^^^^^^^^^^^^^^^^^^^^^^^^^^^^^^^^^^^^^^
  File "C:\Users\tommad01\envs\dbt\Lib\site-packages\databricks\sql\auth\authenticators.py", line 153, in __init__
    self._header_factory = credentials_provider()
                           ^^^^^^^^^^^^^^^^^^^^^^
  File "C:\Users\tommad01\envs\dbt\Lib\site-packages\dbt\adapters\databricks\credentials.py", line 433, in inner
    return self.header_factory
           ^^^^^^^^^^^^^^^^^^^
  File "C:\Users\tommad01\envs\dbt\Lib\site-packages\dbt\adapters\databricks\credentials.py", line 439, in header_factory
    header_factory = self._ensure_config()._header_factory
                     ^^^^^^^^^^^^^^^^^^^^^
  File "C:\Users\tommad01\envs\dbt\Lib\site-packages\dbt\adapters\databricks\credentials.py", line 375, in _ensure_config
    self._config = self.authenticate_with_pat()
                   ^^^^^^^^^^^^^^^^^^^^^^^^^^^^
  File "C:\Users\tommad01\envs\dbt\Lib\site-packages\dbt\adapters\databricks\credentials.py", line 314, in authenticate_with_pat
    return Config(**self._config_kwargs(host=self.host, token=self.token))
           ^^^^^^^^^^^^^^^^^^^^^^^^^^^^^^^^^^^^^^^^^^^^^^^^^^^^^^^^^^^^^^^
  File "C:\Users\tommad01\envs\dbt\Lib\site-packages\databricks\sdk\config.py", line 321, in __init__
    self._resolve_host_metadata()
  File "C:\Users\tommad01\envs\dbt\Lib\site-packages\databricks\sdk\config.py", line 641, in _resolve_host_metadata
    meta = get_host_metadata(self.host)
           ^^^^^^^^^^^^^^^^^^^^^^^^^^^^
  File "C:\Users\tommad01\envs\dbt\Lib\site-packages\databricks\sdk\oauth.py", line 482, in get_host_metadata
    resp = client.do("GET", f"{host}/.well-known/databricks-config")
           ^^^^^^^^^^^^^^^^^^^^^^^^^^^^^^^^^^^^^^^^^^^^^^^^^^^^^^^^^
  File "C:\Users\tommad01\envs\dbt\Lib\site-packages\databricks\sdk\_base_client.py", line 197, in do
    response = call(
               ^^^^^
  File "C:\Users\tommad01\envs\dbt\Lib\site-packages\databricks\sdk\retries.py", line 65, in wrapper
    clock.sleep(sleep + random())
  File "C:\Users\tommad01\envs\dbt\Lib\site-packages\databricks\sdk\clock.py", line 48, in sleep
    time.sleep(seconds)
KeyboardInterrupt

[0m17:01:33.620791 [debug] [MainThread]: Command `dbt debug` failed at 17:01:33.620791 after 24.25 seconds
[0m17:01:33.622792 [debug] [MainThread]: Sending event: {'category': 'dbt', 'action': 'invocation', 'label': 'end', 'context': [<snowplow_tracker.self_describing_json.SelfDescribingJson object at 0x000001872B895190>, <snowplow_tracker.self_describing_json.SelfDescribingJson object at 0x000001872B7F76D0>, <snowplow_tracker.self_describing_json.SelfDescribingJson object at 0x000001872B7F7D90>]}
[0m17:01:33.623796 [debug] [MainThread]: Flushing usage events
[0m17:01:33.752554 [debug] [MainThread]: An error was encountered while trying to flush usage events
[0m17:02:27.214905 [debug] [MainThread]: Sending event: {'category': 'dbt', 'action': 'invocation', 'label': 'start', 'context': [<snowplow_tracker.self_describing_json.SelfDescribingJson object at 0x00000277001AA3D0>, <snowplow_tracker.self_describing_json.SelfDescribingJson object at 0x00000277002DB010>, <snowplow_tracker.self_describing_json.SelfDescribingJson object at 0x00000277002DB1D0>]}


============================== 17:02:27.219222 | 23303ff7-8e12-45c3-a38f-302d12ea2fd5 ==============================
[0m17:02:27.219222 [info ] [MainThread]: Running with dbt=1.12.0
[0m17:02:27.221004 [debug] [MainThread]: running dbt with arguments {'maximum_seed_size_mib': '1', 'no_print': 'None', 'static_parser': 'True', 'target_path': 'None', 'version_check': 'True', 'warn_error_options': 'WarnErrorOptionsV2(error=[], warn=[], silence=[])', 'printer_width': '80', 'write_json': 'True', 'empty': 'None', 'log_cache_events': 'False', 'introspect': 'True', 'cache_selected_only': 'False', 'log_format': 'default', 'debug': 'False', 'fail_fast': 'False', 'profiles_dir': 'C:\\Users\\tommad01\\.dbt', 'send_anonymous_usage_stats': 'True', 'quiet': 'False', 'warn_error': 'None', 'partial_parse': 'True', 'use_colors': 'True', 'hints_enabled': 'True', 'invocation_command': 'dbt debug', 'use_experimental_parser': 'False', 'indirect_selection': 'eager', 'log_path': 'C:\\Users\\tommad01\\Desktop\\Lab\\lab_dbt\\logs'}
[0m17:02:27.248437 [info ] [MainThread]: dbt version: 1.12.0
[0m17:02:27.249449 [info ] [MainThread]: python version: 3.11.15
[0m17:02:27.250666 [info ] [MainThread]: python path: C:\Users\tommad01\envs\dbt\python.exe
[0m17:02:27.251392 [info ] [MainThread]: os info: Windows-10-10.0.19045-SP0
[0m17:02:28.952419 [debug] [MainThread]: Spark adapter: Setting pyhive.hive logging to ERROR
[0m17:02:28.953420 [debug] [MainThread]: Spark adapter: Setting thrift.transport logging to ERROR
[0m17:02:28.954419 [debug] [MainThread]: Spark adapter: Setting thrift.protocol logging to ERROR
[0m17:02:30.118030 [info ] [MainThread]: Using profiles dir at C:\Users\tommad01\.dbt
[0m17:02:30.119030 [info ] [MainThread]: Using profiles.yml file at C:\Users\tommad01\.dbt\profiles.yml
[0m17:02:30.120032 [info ] [MainThread]: Using dbt_project.yml file at C:\Users\tommad01\Desktop\Lab\lab_dbt\dbt_project.yml
[0m17:02:30.121033 [info ] [MainThread]: adapter type: databricks
[0m17:02:30.122030 [info ] [MainThread]: adapter version: 1.12.3
[0m17:02:30.251063 [info ] [MainThread]: Configuration:
[0m17:02:30.252402 [info ] [MainThread]:   profiles.yml file [[32mOK found and valid[0m]
[0m17:02:30.253065 [info ] [MainThread]:   dbt_project.yml file [[32mOK found and valid[0m]
[0m17:02:30.254064 [info ] [MainThread]: Required dependencies:
[0m17:02:30.255031 [debug] [MainThread]: Executing "git --help"
[0m17:02:30.408059 [debug] [MainThread]: STDOUT: "b"usage: git [-v | --version] [-h | --help] [-C <path>] [-c <name>=<value>]\n           [--exec-path[=<path>]] [--html-path] [--man-path] [--info-path]\n           [-p | --paginate | -P | --no-pager] [--no-replace-objects] [--no-lazy-fetch]\n           [--no-optional-locks] [--no-advice] [--bare] [--git-dir=<path>]\n           [--work-tree=<path>] [--namespace=<name>] [--config-env=<name>=<envvar>]\n           <command> [<args>]\n\nThese are common Git commands used in various situations:\n\nstart a working area (see also: git help tutorial)\n   clone     Clone a repository into a new directory\n   init      Create an empty Git repository or reinitialize an existing one\n\nwork on the current change (see also: git help everyday)\n   add       Add file contents to the index\n   mv        Move or rename a file, a directory, or a symlink\n   restore   Restore working tree files\n   rm        Remove files from the working tree and from the index\n\nexamine the history and state (see also: git help revisions)\n   bisect    Use binary search to find the commit that introduced a bug\n   diff      Show changes between commits, commit and working tree, etc\n   grep      Print lines matching a pattern\n   log       Show commit logs\n   show      Show various types of objects\n   status    Show the working tree status\n\ngrow, mark and tweak your common history\n   branch    List, create, or delete branches\n   commit    Record changes to the repository\n   merge     Join two or more development histories together\n   rebase    Reapply commits on top of another base tip\n   reset     Reset current HEAD to the specified state\n   switch    Switch branches\n   tag       Create, list, delete or verify a tag object signed with GPG\n\ncollaborate (see also: git help workflows)\n   fetch     Download objects and refs from another repository\n   pull      Fetch from and integrate with another repository or a local branch\n   push      Update remote refs along with associated objects\n\n'git help -a' and 'git help -g' list available subcommands and some\nconcept guides. See 'git help <command>' or 'git help <concept>'\nto read about a specific subcommand or concept.\nSee 'git help git' for an overview of the system.\n""
[0m17:02:30.409061 [debug] [MainThread]: STDERR: "b''"
[0m17:02:30.409668 [info ] [MainThread]:  - git [[32mOK found[0m]

[0m17:02:30.410059 [info ] [MainThread]: Connection:
[0m17:02:30.411060 [info ] [MainThread]:   host: adb-7405606624435497.17.azuredatabricks.net
[0m17:02:30.411060 [info ] [MainThread]:   http_path: /sql/1.0/warehouses/8f40c0f5ed465bfa
[0m17:02:30.412059 [info ] [MainThread]:   catalog: opsanalytics_adb_workspace01
[0m17:02:30.413059 [info ] [MainThread]:   schema: lab_staging
[0m17:02:30.414058 [info ] [MainThread]: Registered adapter: databricks=1.12.3
[0m17:02:31.328339 [debug] [MainThread]: Databricks adapter: DatabricksDBTConnection(session-id=None, name=debug) - Creating connection
[0m17:02:31.329335 [debug] [MainThread]: Acquiring new databricks connection 'debug'
[0m17:02:31.925453 [info ] [MainThread]: Databricks adapter:   SPOG host (host_type='workspace'): no
[0m17:02:31.926448 [info ] [MainThread]: Databricks adapter:   workspace_id (from ?o= in http_path): None
[0m17:02:31.927453 [info ] [MainThread]: Databricks adapter:   databricks-sql-connector version: 4.3.0 (supported)
[0m17:02:31.929425 [info ] [MainThread]: Databricks adapter:   databricks-sdk version: 0.117.0 (supported)
[0m17:02:31.930423 [debug] [MainThread]: Using databricks connection "debug"
[0m17:02:31.931422 [debug] [MainThread]: On debug: select 1 as id
[0m17:02:31.932958 [debug] [MainThread]: Opening a new connection, currently in state init
[0m17:02:33.709051 [debug] [MainThread]: Databricks adapter: Connection(session-id=01f18f7e-a592-11e5-830a-b699a38bd0f6) - Created
[0m17:02:39.994633 [debug] [MainThread]: SQL status: OK in 8.060 seconds
[0m17:02:39.999632 [debug] [MainThread]: Databricks adapter: Cursor(session-id=01f18f7e-a592-11e5-830a-b699a38bd0f6, command-id=01f18f7e-a5f3-17c5-9d17-3d93daa70973) - Closing
[0m17:02:40.243801 [debug] [MainThread]: On debug: Close
[0m17:02:40.244796 [debug] [MainThread]: Databricks adapter: Connection(session-id=01f18f7e-a592-11e5-830a-b699a38bd0f6) - Closing
[0m17:02:40.398669 [info ] [MainThread]:   Connection test: [[32mOK connection ok[0m]

[0m17:02:40.400632 [info ] [MainThread]: [32mAll checks passed![0m
[0m17:02:40.403629 [debug] [MainThread]: Command `dbt debug` succeeded at 17:02:40.403629 after 13.33 seconds
[0m17:02:40.405629 [debug] [MainThread]: Sending event: {'category': 'dbt', 'action': 'invocation', 'label': 'end', 'context': [<snowplow_tracker.self_describing_json.SelfDescribingJson object at 0x00000277001CD890>, <snowplow_tracker.self_describing_json.SelfDescribingJson object at 0x000002770019E250>, <snowplow_tracker.self_describing_json.SelfDescribingJson object at 0x0000027700264650>]}
[0m17:02:40.406627 [debug] [MainThread]: Flushing usage events
[0m17:02:40.810635 [debug] [MainThread]: An error was encountered while trying to flush usage events
[0m17:06:59.734103 [debug] [MainThread]: Sending event: {'category': 'dbt', 'action': 'invocation', 'label': 'start', 'context': [<snowplow_tracker.self_describing_json.SelfDescribingJson object at 0x00000277C6AD8150>, <snowplow_tracker.self_describing_json.SelfDescribingJson object at 0x00000277C6A18F50>, <snowplow_tracker.self_describing_json.SelfDescribingJson object at 0x00000277C6A19810>]}


============================== 17:06:59.739580 | 503f5bea-e597-44fd-bf88-1e81dfa04894 ==============================
[0m17:06:59.739580 [info ] [MainThread]: Running with dbt=1.12.0
[0m17:06:59.741104 [debug] [MainThread]: running dbt with arguments {'static_parser': 'True', 'no_print': 'None', 'version_check': 'True', 'target_path': 'None', 'warn_error_options': 'WarnErrorOptionsV2(error=[], warn=[], silence=[])', 'maximum_seed_size_mib': '1', 'printer_width': '80', 'write_json': 'True', 'empty': 'False', 'log_cache_events': 'False', 'introspect': 'True', 'cache_selected_only': 'False', 'fail_fast': 'False', 'debug': 'False', 'log_format': 'default', 'partial_parse': 'True', 'send_anonymous_usage_stats': 'True', 'quiet': 'False', 'warn_error': 'None', 'profiles_dir': 'C:\\Users\\tommad01\\.dbt', 'indirect_selection': 'eager', 'hints_enabled': 'True', 'use_colors': 'True', 'use_experimental_parser': 'False', 'invocation_command': 'dbt run', 'log_path': 'C:\\Users\\tommad01\\Desktop\\Lab\\lab_dbt\\logs'}
[0m17:07:01.408762 [debug] [MainThread]: Spark adapter: Setting pyhive.hive logging to ERROR
[0m17:07:01.409763 [debug] [MainThread]: Spark adapter: Setting thrift.transport logging to ERROR
[0m17:07:01.410923 [debug] [MainThread]: Spark adapter: Setting thrift.protocol logging to ERROR
[0m17:07:03.047587 [debug] [MainThread]: Sending event: {'category': 'dbt', 'action': 'project_id', 'label': '503f5bea-e597-44fd-bf88-1e81dfa04894', 'context': [<snowplow_tracker.self_describing_json.SelfDescribingJson object at 0x00000277D8EA62D0>]}
[0m17:07:03.143590 [debug] [MainThread]: Sending event: {'category': 'dbt', 'action': 'adapter_info', 'label': '503f5bea-e597-44fd-bf88-1e81dfa04894', 'context': [<snowplow_tracker.self_describing_json.SelfDescribingJson object at 0x00000277C6B77610>]}
[0m17:07:03.144590 [info ] [MainThread]: Registered adapter: databricks=1.12.3
[0m17:07:03.937188 [debug] [MainThread]: checksum: b154c3494314c7223c912bef68d7678b521a9d4ab83524a76084633bd437b3da, vars: {}, profile: lab_dbt, target: dev, version: 1.12.0
[0m17:07:04.249240 [debug] [MainThread]: Partial parsing enabled: 0 files deleted, 0 files added, 0 files changed.
[0m17:07:04.250240 [debug] [MainThread]: Nothing changed, skipping partial parsing.
[0m17:07:04.250590 [debug] [MainThread]: Partial parsing enabled, no changes found, skipping parsing
[0m17:07:04.263269 [debug] [MainThread]: Sending event: {'category': 'dbt', 'action': 'load_project', 'label': '503f5bea-e597-44fd-bf88-1e81dfa04894', 'context': [<snowplow_tracker.self_describing_json.SelfDescribingJson object at 0x00000277D8F3D010>]}
[0m17:07:04.430577 [debug] [MainThread]: Wrote artifact WritableManifest to C:\Users\tommad01\Desktop\Lab\lab_dbt\target\manifest.json
[0m17:07:04.436579 [debug] [MainThread]: Wrote artifact SemanticManifest to C:\Users\tommad01\Desktop\Lab\lab_dbt\target\semantic_manifest.json
[0m17:07:04.481909 [debug] [MainThread]: Wrote artifact OsiDocument to C:\Users\tommad01\Desktop\Lab\lab_dbt\target\osi_document.json
[0m17:07:04.502166 [debug] [MainThread]: Sending event: {'category': 'dbt', 'action': 'resource_counts', 'label': '503f5bea-e597-44fd-bf88-1e81dfa04894', 'context': [<snowplow_tracker.self_describing_json.SelfDescribingJson object at 0x00000277DAD5EE10>]}
[0m17:07:04.503167 [info ] [MainThread]: Found 2 models, 4 data tests, 773 macros
[0m17:07:04.504166 [debug] [MainThread]: Sending event: {'category': 'dbt', 'action': 'runnable_timing', 'label': '503f5bea-e597-44fd-bf88-1e81dfa04894', 'context': [<snowplow_tracker.self_describing_json.SelfDescribingJson object at 0x00000277DAD0B350>]}
[0m17:07:04.507199 [info ] [MainThread]: 
[0m17:07:04.507827 [info ] [MainThread]: Concurrency: 4 threads (target='dev')
[0m17:07:04.508167 [info ] [MainThread]: 
[0m17:07:04.509524 [debug] [MainThread]: Databricks adapter: DatabricksDBTConnection(session-id=None, name=master) - Creating connection
[0m17:07:04.510200 [debug] [MainThread]: Acquiring new databricks connection 'master'
[0m17:07:04.520168 [debug] [ThreadPool]: Databricks adapter: DatabricksDBTConnection(session-id=None, name=list_opsanalytics_adb_workspace01) - Creating connection
[0m17:07:04.521168 [debug] [ThreadPool]: Acquiring new databricks connection 'list_opsanalytics_adb_workspace01'
[0m17:07:04.538681 [debug] [ThreadPool]: Using databricks connection "list_opsanalytics_adb_workspace01"
[0m17:07:04.539651 [debug] [ThreadPool]: On list_opsanalytics_adb_workspace01: /* {"app": "dbt", "dbt_version": "1.12.0", "dbt_databricks_version": "1.12.3", "databricks_sql_connector_version": "4.3.0", "profile_name": "lab_dbt", "target_name": "dev", "invocation_id": "503f5bea-e597-44fd-bf88-1e81dfa04894", "connection_name": "list_opsanalytics_adb_workspace01"} */

    

  SHOW SCHEMAS IN `opsanalytics_adb_workspace01`


  
[0m17:07:04.540655 [debug] [ThreadPool]: Opening a new connection, currently in state init
[0m17:07:06.303356 [debug] [ThreadPool]: Databricks adapter: Connection(session-id=01f18f7f-4821-1536-81a0-8068e9fae958) - Created
[0m17:07:07.216923 [debug] [ThreadPool]: SQL status: OK in 2.680 seconds
[0m17:07:07.240986 [debug] [ThreadPool]: Databricks adapter: Cursor(session-id=01f18f7f-4821-1536-81a0-8068e9fae958, command-id=01f18f7f-486f-161e-ac42-1eb9d126e245) - Closing
[0m17:07:07.241916 [debug] [ThreadPool]: On list_opsanalytics_adb_workspace01: Close
[0m17:07:07.243108 [debug] [ThreadPool]: Databricks adapter: Connection(session-id=01f18f7f-4821-1536-81a0-8068e9fae958) - Closing
[0m17:07:07.407588 [debug] [ThreadPool]: Databricks adapter: DatabricksDBTConnection(session-id=None, name=list_opsanalytics_adb_workspace01_lab_staging) - Creating connection
[0m17:07:07.408586 [debug] [ThreadPool]: Acquiring new databricks connection 'list_opsanalytics_adb_workspace01_lab_staging'
[0m17:07:07.414586 [debug] [ThreadPool]: Using databricks connection "list_opsanalytics_adb_workspace01_lab_staging"
[0m17:07:07.415874 [debug] [ThreadPool]: On list_opsanalytics_adb_workspace01_lab_staging: /* {"app": "dbt", "dbt_version": "1.12.0", "dbt_databricks_version": "1.12.3", "databricks_sql_connector_version": "4.3.0", "profile_name": "lab_dbt", "target_name": "dev", "invocation_id": "503f5bea-e597-44fd-bf88-1e81dfa04894", "connection_name": "list_opsanalytics_adb_workspace01_lab_staging"} */

    
SELECT
  table_name,
  if(table_type IN ('EXTERNAL', 'MANAGED', 'MANAGED_SHALLOW_CLONE', 'EXTERNAL_SHALLOW_CLONE'), 'table', lower(table_type)) AS table_type,
  lower(data_source_format) AS file_format,
  table_owner,
  if(
    table_type IN (
      'EXTERNAL',
      'MANAGED',
      'MANAGED_SHALLOW_CLONE',
      'EXTERNAL_SHALLOW_CLONE'
    ),
    lower(table_type),
    NULL
  ) AS databricks_table_type
FROM `system`.`information_schema`.`tables`
WHERE table_catalog = 'opsanalytics_adb_workspace01'
  AND table_schema = 'lab_staging'

  
[0m17:07:07.416589 [debug] [ThreadPool]: Opening a new connection, currently in state init
[0m17:07:08.326009 [debug] [ThreadPool]: Databricks adapter: Connection(session-id=01f18f7f-4971-14a7-85a0-eeb70192ab93) - Created
[0m17:07:10.225018 [debug] [ThreadPool]: SQL status: OK in 2.810 seconds
[0m17:07:10.245718 [debug] [ThreadPool]: Databricks adapter: Cursor(session-id=01f18f7f-4971-14a7-85a0-eeb70192ab93, command-id=01f18f7f-49a6-16ec-8d33-dddf12ef2cf7) - Closing
[0m17:07:10.247758 [debug] [ThreadPool]: On list_opsanalytics_adb_workspace01_lab_staging: Close
[0m17:07:10.250156 [debug] [ThreadPool]: Databricks adapter: Connection(session-id=01f18f7f-4971-14a7-85a0-eeb70192ab93) - Closing
[0m17:07:10.393776 [debug] [MainThread]: Sending event: {'category': 'dbt', 'action': 'runnable_timing', 'label': '503f5bea-e597-44fd-bf88-1e81dfa04894', 'context': [<snowplow_tracker.self_describing_json.SelfDescribingJson object at 0x00000277C2279550>]}
[0m17:07:10.408780 [debug] [Thread-3 (]: Began running node model.lab_dbt.my_first_dbt_model
[0m17:07:10.410763 [info ] [Thread-3 (]: 1 of 2 START sql table model lab_staging.my_first_dbt_model .................... [RUN]
[0m17:07:10.412760 [debug] [Thread-3 (]: Databricks adapter: DatabricksDBTConnection(session-id=None, name=model.lab_dbt.my_first_dbt_model) - Creating connection
[0m17:07:10.413790 [debug] [Thread-3 (]: Acquiring new databricks connection 'model.lab_dbt.my_first_dbt_model'
[0m17:07:10.414789 [debug] [Thread-3 (]: Began compiling node model.lab_dbt.my_first_dbt_model
[0m17:07:10.421786 [debug] [Thread-3 (]: Writing injected SQL for node "model.lab_dbt.my_first_dbt_model"
[0m17:07:10.427765 [debug] [Thread-3 (]: Began executing node model.lab_dbt.my_first_dbt_model
[0m17:07:10.461785 [debug] [Thread-3 (]: MATERIALIZING TABLE
[0m17:07:10.510789 [debug] [Thread-3 (]: Using databricks connection "model.lab_dbt.my_first_dbt_model"
[0m17:07:10.512757 [debug] [Thread-3 (]: On model.lab_dbt.my_first_dbt_model: /* {"app": "dbt", "dbt_version": "1.12.0", "dbt_databricks_version": "1.12.3", "databricks_sql_connector_version": "4.3.0", "profile_name": "lab_dbt", "target_name": "dev", "invocation_id": "503f5bea-e597-44fd-bf88-1e81dfa04894", "node_id": "model.lab_dbt.my_first_dbt_model"} */
SELECT
    table_catalog,
    table_schema,
    table_name,
    filter_name,
    target_columns
  FROM `opsanalytics_adb_workspace01`.`information_schema`.`row_filters`
  WHERE table_catalog = 'opsanalytics_adb_workspace01'
    AND table_schema = 'lab_staging'
    AND table_name = 'my_first_dbt_model'
[0m17:07:10.514164 [debug] [Thread-3 (]: Opening a new connection, currently in state init
[0m17:07:11.595495 [debug] [Thread-3 (]: Databricks adapter: Connection(session-id=01f18f7f-4b5b-171e-9cbe-6cf26bb2eedc) - Created
[0m17:07:12.262989 [debug] [Thread-3 (]: SQL status: OK in 1.750 seconds
[0m17:07:12.274965 [debug] [Thread-3 (]: Databricks adapter: Cursor(session-id=01f18f7f-4b5b-171e-9cbe-6cf26bb2eedc, command-id=01f18f7f-4b96-1cd6-8025-10cb88370124) - Closing
[0m17:07:12.320932 [debug] [Thread-3 (]: Writing runtime sql for node "model.lab_dbt.my_first_dbt_model"
[0m17:07:12.325936 [debug] [Thread-3 (]: Using databricks connection "model.lab_dbt.my_first_dbt_model"
[0m17:07:12.327934 [debug] [Thread-3 (]: On model.lab_dbt.my_first_dbt_model: /* {"app": "dbt", "dbt_version": "1.12.0", "dbt_databricks_version": "1.12.3", "databricks_sql_connector_version": "4.3.0", "profile_name": "lab_dbt", "target_name": "dev", "invocation_id": "503f5bea-e597-44fd-bf88-1e81dfa04894", "node_id": "model.lab_dbt.my_first_dbt_model"} */

  
    
        create or replace table `opsanalytics_adb_workspace01`.`lab_staging`.`my_first_dbt_model`
      
      
    using delta
  
      
      
      
      
      
      
      
      
      as
      /*
    Welcome to your first dbt model!
    Did you know that you can also configure models directly within SQL files?
    This will override configurations stated in dbt_project.yml

    Try changing "table" to "view" below
*/



with source_data as (

    select 1 as id
    union all
    select null as id

)

select *
from source_data

/*
    Uncomment the line below to remove records with null `id` values
*/

-- where id is not null
  
[0m17:07:19.294902 [debug] [Thread-3 (]: SQL status: OK in 6.970 seconds
[0m17:07:19.297016 [debug] [Thread-3 (]: Databricks adapter: Cursor(session-id=01f18f7f-4b5b-171e-9cbe-6cf26bb2eedc, command-id=01f18f7f-4c0b-187a-8eac-b475843d5c4a) - Closing
[0m17:07:19.525834 [debug] [Thread-3 (]: Applying tags to relation None
[0m17:07:19.560832 [debug] [Thread-3 (]: On model.lab_dbt.my_first_dbt_model: Close
[0m17:07:19.562834 [debug] [Thread-3 (]: Databricks adapter: Connection(session-id=01f18f7f-4b5b-171e-9cbe-6cf26bb2eedc) - Closing
[0m17:07:19.686834 [debug] [Thread-3 (]: Sending event: {'category': 'dbt', 'action': 'run_model', 'label': '503f5bea-e597-44fd-bf88-1e81dfa04894', 'context': [<snowplow_tracker.self_describing_json.SelfDescribingJson object at 0x00000277DAE34ED0>]}
[0m17:07:19.688835 [info ] [Thread-3 (]: 1 of 2 OK created sql table model lab_staging.my_first_dbt_model ............... [[32mOK[0m in 9.27s]
[0m17:07:19.692883 [debug] [Thread-3 (]: Finished running node model.lab_dbt.my_first_dbt_model
[0m17:07:19.694833 [debug] [Thread-5 (]: Began running node model.lab_dbt.my_second_dbt_model
[0m17:07:19.696833 [info ] [Thread-5 (]: 2 of 2 START sql view model lab_staging.my_second_dbt_model .................... [RUN]
[0m17:07:19.701365 [debug] [Thread-5 (]: Databricks adapter: DatabricksDBTConnection(session-id=None, name=model.lab_dbt.my_second_dbt_model) - Creating connection
[0m17:07:19.703340 [debug] [Thread-5 (]: Acquiring new databricks connection 'model.lab_dbt.my_second_dbt_model'
[0m17:07:19.704728 [debug] [Thread-5 (]: Began compiling node model.lab_dbt.my_second_dbt_model
[0m17:07:19.710340 [debug] [Thread-5 (]: Writing injected SQL for node "model.lab_dbt.my_second_dbt_model"
[0m17:07:19.715460 [debug] [Thread-5 (]: Began executing node model.lab_dbt.my_second_dbt_model
[0m17:07:19.764343 [debug] [Thread-5 (]: MATERIALIZING VIEW
[0m17:07:19.799340 [debug] [Thread-5 (]: Creating view `opsanalytics_adb_workspace01`.`lab_staging`.`my_second_dbt_model`
[0m17:07:19.801497 [debug] [Thread-5 (]: Writing runtime sql for node "model.lab_dbt.my_second_dbt_model"
[0m17:07:19.804736 [debug] [Thread-5 (]: Using databricks connection "model.lab_dbt.my_second_dbt_model"
[0m17:07:19.806341 [debug] [Thread-5 (]: On model.lab_dbt.my_second_dbt_model: /* {"app": "dbt", "dbt_version": "1.12.0", "dbt_databricks_version": "1.12.3", "databricks_sql_connector_version": "4.3.0", "profile_name": "lab_dbt", "target_name": "dev", "invocation_id": "503f5bea-e597-44fd-bf88-1e81dfa04894", "node_id": "model.lab_dbt.my_second_dbt_model"} */

  
  
  
  create or replace view `opsanalytics_adb_workspace01`.`lab_staging`.`my_second_dbt_model`
  
  as (
    -- Use the `ref` function to select from other models

select *
from `opsanalytics_adb_workspace01`.`lab_staging`.`my_first_dbt_model`
where id = 1
  )

[0m17:07:19.806341 [debug] [Thread-5 (]: Opening a new connection, currently in state init
[0m17:07:20.765016 [debug] [Thread-5 (]: Databricks adapter: Connection(session-id=01f18f7f-50db-1fc8-b638-112d053b6258) - Created
[0m17:07:21.484340 [debug] [Thread-5 (]: SQL status: OK in 1.680 seconds
[0m17:07:21.486340 [debug] [Thread-5 (]: Databricks adapter: Cursor(session-id=01f18f7f-50db-1fc8-b638-112d053b6258, command-id=01f18f7f-510e-194a-9026-a93e89abe1ee) - Closing
[0m17:07:21.488341 [debug] [Thread-5 (]: Applying tags to relation None
[0m17:07:21.489551 [debug] [Thread-5 (]: On model.lab_dbt.my_second_dbt_model: Close
[0m17:07:21.491342 [debug] [Thread-5 (]: Databricks adapter: Connection(session-id=01f18f7f-50db-1fc8-b638-112d053b6258) - Closing
[0m17:07:21.621455 [debug] [Thread-5 (]: Sending event: {'category': 'dbt', 'action': 'run_model', 'label': '503f5bea-e597-44fd-bf88-1e81dfa04894', 'context': [<snowplow_tracker.self_describing_json.SelfDescribingJson object at 0x00000277DAE3F150>]}
[0m17:07:21.622607 [info ] [Thread-5 (]: 2 of 2 OK created sql view model lab_staging.my_second_dbt_model ............... [[32mOK[0m in 1.92s]
[0m17:07:21.624485 [debug] [Thread-5 (]: Finished running node model.lab_dbt.my_second_dbt_model
[0m17:07:21.627420 [debug] [MainThread]: Databricks adapter: DatabricksDBTConnection(session-id=None, name=master) - Creating connection
[0m17:07:21.628415 [debug] [MainThread]: Acquiring new databricks connection 'master'
[0m17:07:21.629417 [info ] [MainThread]: 
[0m17:07:21.630414 [info ] [MainThread]: Finished running 1 table model, 1 view model in 0 hours 0 minutes and 17.12 seconds (17.12s).
[0m17:07:21.632447 [debug] [MainThread]: Command end result
[0m17:07:21.743706 [debug] [MainThread]: Wrote artifact WritableManifest to C:\Users\tommad01\Desktop\Lab\lab_dbt\target\manifest.json
[0m17:07:21.749706 [debug] [MainThread]: Wrote artifact SemanticManifest to C:\Users\tommad01\Desktop\Lab\lab_dbt\target\semantic_manifest.json
[0m17:07:21.755707 [debug] [MainThread]: Wrote artifact OsiDocument to C:\Users\tommad01\Desktop\Lab\lab_dbt\target\osi_document.json
[0m17:07:21.766706 [debug] [MainThread]: Wrote artifact RunExecutionResult to C:\Users\tommad01\Desktop\Lab\lab_dbt\target\run_results.json
[0m17:07:21.767707 [info ] [MainThread]: 
[0m17:07:21.769709 [info ] [MainThread]: [32mCompleted successfully[0m
[0m17:07:21.770708 [info ] [MainThread]: 
[0m17:07:21.770708 [info ] [MainThread]: Done. PASS=2 WARN=0 ERROR=0 SKIP=0 NO-OP=0 REUSED=0 TOTAL=2
[0m17:07:21.772707 [debug] [MainThread]: Command `dbt run` succeeded at 17:07:21.772707 after 22.18 seconds
[0m17:07:21.774708 [debug] [MainThread]: Sending event: {'category': 'dbt', 'action': 'invocation', 'label': 'end', 'context': [<snowplow_tracker.self_describing_json.SelfDescribingJson object at 0x00000277C6A19190>, <snowplow_tracker.self_describing_json.SelfDescribingJson object at 0x00000277C6A0A5D0>, <snowplow_tracker.self_describing_json.SelfDescribingJson object at 0x00000277C6AC4790>]}
[0m17:07:21.775708 [debug] [MainThread]: Flushing usage events
[0m17:07:22.184851 [debug] [MainThread]: An error was encountered while trying to flush usage events
[0m17:10:36.909777 [debug] [MainThread]: Sending event: {'category': 'dbt', 'action': 'invocation', 'label': 'start', 'context': [<snowplow_tracker.self_describing_json.SelfDescribingJson object at 0x0000026920B6CD50>, <snowplow_tracker.self_describing_json.SelfDescribingJson object at 0x0000026920B12690>, <snowplow_tracker.self_describing_json.SelfDescribingJson object at 0x0000026920B6FBD0>]}


============================== 17:10:36.913775 | 8f94e093-58a4-458b-a977-2b535a50e070 ==============================
[0m17:10:36.913775 [info ] [MainThread]: Running with dbt=1.12.0
[0m17:10:36.914949 [debug] [MainThread]: running dbt with arguments {'static_parser': 'True', 'no_print': 'None', 'maximum_seed_size_mib': '1', 'target_path': 'None', 'version_check': 'True', 'warn_error_options': 'WarnErrorOptionsV2(error=[], warn=[], silence=[])', 'printer_width': '80', 'write_json': 'True', 'empty': 'None', 'log_cache_events': 'False', 'introspect': 'True', 'cache_selected_only': 'False', 'log_format': 'default', 'debug': 'False', 'fail_fast': 'False', 'profiles_dir': 'C:\\Users\\tommad01\\.dbt', 'send_anonymous_usage_stats': 'True', 'quiet': 'False', 'warn_error': 'None', 'partial_parse': 'True', 'invocation_command': 'dbt run-operation drop_example_models', 'hints_enabled': 'True', 'indirect_selection': 'eager', 'use_experimental_parser': 'False', 'use_colors': 'True', 'log_path': 'C:\\Users\\tommad01\\Desktop\\Lab\\lab_dbt\\logs'}
[0m17:10:38.432441 [debug] [MainThread]: Spark adapter: Setting pyhive.hive logging to ERROR
[0m17:10:38.433443 [debug] [MainThread]: Spark adapter: Setting thrift.transport logging to ERROR
[0m17:10:38.434440 [debug] [MainThread]: Spark adapter: Setting thrift.protocol logging to ERROR
[0m17:10:39.780359 [debug] [MainThread]: Sending event: {'category': 'dbt', 'action': 'project_id', 'label': '8f94e093-58a4-458b-a977-2b535a50e070', 'context': [<snowplow_tracker.self_describing_json.SelfDescribingJson object at 0x0000026934A07990>]}
[0m17:10:39.853391 [debug] [MainThread]: Sending event: {'category': 'dbt', 'action': 'adapter_info', 'label': '8f94e093-58a4-458b-a977-2b535a50e070', 'context': [<snowplow_tracker.self_describing_json.SelfDescribingJson object at 0x0000026934845A90>]}
[0m17:10:39.855359 [info ] [MainThread]: Registered adapter: databricks=1.12.3
[0m17:10:40.597455 [debug] [MainThread]: checksum: b154c3494314c7223c912bef68d7678b521a9d4ab83524a76084633bd437b3da, vars: {}, profile: lab_dbt, target: dev, version: 1.12.0
[0m17:10:40.857870 [debug] [MainThread]: Partial parsing enabled: 0 files deleted, 0 files added, 0 files changed.
[0m17:10:40.858982 [debug] [MainThread]: Nothing changed, skipping partial parsing.
[0m17:10:40.858982 [debug] [MainThread]: Partial parsing enabled, no changes found, skipping parsing
[0m17:10:40.872720 [debug] [MainThread]: Sending event: {'category': 'dbt', 'action': 'load_project', 'label': '8f94e093-58a4-458b-a977-2b535a50e070', 'context': [<snowplow_tracker.self_describing_json.SelfDescribingJson object at 0x0000026934F4F1D0>]}
[0m17:10:41.052947 [debug] [MainThread]: Wrote artifact WritableManifest to C:\Users\tommad01\Desktop\Lab\lab_dbt\target\manifest.json
[0m17:10:41.058070 [debug] [MainThread]: Wrote artifact SemanticManifest to C:\Users\tommad01\Desktop\Lab\lab_dbt\target\semantic_manifest.json
[0m17:10:41.093333 [debug] [MainThread]: Wrote artifact OsiDocument to C:\Users\tommad01\Desktop\Lab\lab_dbt\target\osi_document.json
[0m17:10:41.114193 [debug] [MainThread]: Sending event: {'category': 'dbt', 'action': 'resource_counts', 'label': '8f94e093-58a4-458b-a977-2b535a50e070', 'context': [<snowplow_tracker.self_describing_json.SelfDescribingJson object at 0x0000026934D27BD0>]}
[0m17:10:41.114193 [info ] [MainThread]: Found 2 models, 4 data tests, 773 macros
[0m17:10:41.115508 [debug] [MainThread]: Sending event: {'category': 'dbt', 'action': 'runnable_timing', 'label': '8f94e093-58a4-458b-a977-2b535a50e070', 'context': [<snowplow_tracker.self_describing_json.SelfDescribingJson object at 0x0000026934CC7310>]}
[0m17:10:41.116159 [debug] [MainThread]: Databricks adapter: DatabricksDBTConnection(session-id=None, name=macro_drop_example_models) - Creating connection
[0m17:10:41.117540 [debug] [MainThread]: Acquiring new databricks connection 'macro_drop_example_models'
[0m17:10:41.118157 [error] [MainThread]: [[31mERROR[0m]: Encountered an error while running operation: Runtime Error
  dbt could not find a macro with the name "drop_example_models" in any package
[0m17:10:41.120928 [debug] [MainThread]: Traceback (most recent call last):
  File "C:\Users\tommad01\envs\dbt\Lib\site-packages\dbt\task\run_operation.py", line 141, in run
    self._run_unsafe(package_name, operation_name)
  File "C:\Users\tommad01\envs\dbt\Lib\site-packages\dbt\task\run_operation.py", line 50, in _run_unsafe
    res = adapter.execute_macro(
          ^^^^^^^^^^^^^^^^^^^^^^
  File "C:\Users\tommad01\envs\dbt\Lib\site-packages\dbt\adapters\base\impl.py", line 1356, in execute_macro
    raise DbtRuntimeError(
dbt_common.exceptions.base.DbtRuntimeError: Runtime Error
  dbt could not find a macro with the name "drop_example_models" in any package

[0m17:10:41.121857 [error] [MainThread]: [[31mERROR[0m]: Encountered an error:
Compilation Error
  dbt could not find a macro with the name 'drop_example_models' in any package. This can happen when calling a macro that does not exist. Check for typos and/or install package dependencies with "dbt deps".
[0m17:10:41.122860 [debug] [MainThread]: Command `dbt run-operation` failed at 17:10:41.122860 after 4.35 seconds
[0m17:10:41.123889 [debug] [MainThread]: Sending event: {'category': 'dbt', 'action': 'invocation', 'label': 'end', 'context': [<snowplow_tracker.self_describing_json.SelfDescribingJson object at 0x0000026920ACA190>, <snowplow_tracker.self_describing_json.SelfDescribingJson object at 0x0000026934D5F7D0>, <snowplow_tracker.self_describing_json.SelfDescribingJson object at 0x0000026920AC7290>]}
[0m17:10:41.124857 [debug] [MainThread]: Flushing usage events
[0m17:10:41.764086 [debug] [MainThread]: An error was encountered while trying to flush usage events
[0m13:22:01.065899 [debug] [MainThread]: Sending event: {'category': 'dbt', 'action': 'invocation', 'label': 'start', 'context': [<snowplow_tracker.self_describing_json.SelfDescribingJson object at 0x0000028F96C8C1D0>, <snowplow_tracker.self_describing_json.SelfDescribingJson object at 0x0000028F96BE78D0>, <snowplow_tracker.self_describing_json.SelfDescribingJson object at 0x0000028F96B29810>]}


============================== 13:22:01.072314 | b3104f67-b41e-4f47-ab7b-afc3e8cedb06 ==============================
[0m13:22:01.072314 [info ] [MainThread]: Running with dbt=1.12.0
[0m13:22:01.072955 [debug] [MainThread]: running dbt with arguments {'static_parser': 'True', 'no_print': 'None', 'version_check': 'True', 'target_path': 'None', 'warn_error_options': 'WarnErrorOptionsV2(error=[], warn=[], silence=[])', 'maximum_seed_size_mib': '1', 'printer_width': '80', 'write_json': 'True', 'introspect': 'True', 'log_cache_events': 'False', 'empty': 'None', 'cache_selected_only': 'False', 'log_format': 'default', 'debug': 'False', 'fail_fast': 'False', 'profiles_dir': 'C:\\Users\\tommad01\\.dbt', 'send_anonymous_usage_stats': 'True', 'quiet': 'False', 'warn_error': 'None', 'partial_parse': 'True', 'invocation_command': 'dbt parse', 'hints_enabled': 'True', 'use_colors': 'True', 'use_experimental_parser': 'False', 'indirect_selection': 'eager', 'log_path': 'C:\\Users\\tommad01\\Desktop\\Lab\\lab_dbt\\logs'}
[0m13:22:03.111743 [debug] [MainThread]: Spark adapter: Setting pyhive.hive logging to ERROR
[0m13:22:03.112740 [debug] [MainThread]: Spark adapter: Setting thrift.transport logging to ERROR
[0m13:22:03.112740 [debug] [MainThread]: Spark adapter: Setting thrift.protocol logging to ERROR
[0m13:22:05.351726 [debug] [MainThread]: Sending event: {'category': 'dbt', 'action': 'project_id', 'label': 'b3104f67-b41e-4f47-ab7b-afc3e8cedb06', 'context': [<snowplow_tracker.self_describing_json.SelfDescribingJson object at 0x0000028FAAB29F10>]}
[0m13:22:05.437727 [debug] [MainThread]: Sending event: {'category': 'dbt', 'action': 'adapter_info', 'label': 'b3104f67-b41e-4f47-ab7b-afc3e8cedb06', 'context': [<snowplow_tracker.self_describing_json.SelfDescribingJson object at 0x0000028FAA968ED0>]}
[0m13:22:05.438728 [info ] [MainThread]: Registered adapter: databricks=1.12.3
[0m13:22:06.358676 [debug] [MainThread]: checksum: b154c3494314c7223c912bef68d7678b521a9d4ab83524a76084633bd437b3da, vars: {}, profile: lab_dbt, target: dev, version: 1.12.0
[0m13:22:06.688627 [debug] [MainThread]: Partial parsing enabled: 0 files deleted, 0 files added, 0 files changed.
[0m13:22:06.690022 [debug] [MainThread]: Nothing changed, skipping partial parsing.
[0m13:22:06.690627 [debug] [MainThread]: Partial parsing enabled, no changes found, skipping parsing
[0m13:22:06.691626 [warn ] [MainThread]: [[33mWARNING[0m]: Configuration paths exist in your dbt_project.yml file which do not apply to any resources.
There are 4 unused configuration paths:
- models.lab_dbt.gold
- models.lab_dbt.bronze
- models.lab_dbt
- models.lab_dbt.silver
[0m13:22:06.699625 [debug] [MainThread]: Sending event: {'category': 'dbt', 'action': 'load_project', 'label': 'b3104f67-b41e-4f47-ab7b-afc3e8cedb06', 'context': [<snowplow_tracker.self_describing_json.SelfDescribingJson object at 0x0000028FAB067D90>]}
[0m13:22:06.707628 [info ] [MainThread]: Performance info: C:\Users\tommad01\Desktop\Lab\lab_dbt\target\perf_info.json
[0m13:22:06.856982 [debug] [MainThread]: Wrote artifact WritableManifest to C:\Users\tommad01\Desktop\Lab\lab_dbt\target\manifest.json
[0m13:22:06.864546 [debug] [MainThread]: Wrote artifact SemanticManifest to C:\Users\tommad01\Desktop\Lab\lab_dbt\target\semantic_manifest.json
[0m13:22:06.918191 [debug] [MainThread]: Wrote artifact OsiDocument to C:\Users\tommad01\Desktop\Lab\lab_dbt\target\osi_document.json
[0m13:22:06.919192 [debug] [MainThread]: Command `dbt parse` succeeded at 13:22:06.919192 after 5.99 seconds
[0m13:22:06.920327 [debug] [MainThread]: Sending event: {'category': 'dbt', 'action': 'invocation', 'label': 'end', 'context': [<snowplow_tracker.self_describing_json.SelfDescribingJson object at 0x0000028F96B29810>, <snowplow_tracker.self_describing_json.SelfDescribingJson object at 0x0000028F96BE79D0>, <snowplow_tracker.self_describing_json.SelfDescribingJson object at 0x0000028F96BE70D0>]}
[0m13:22:06.921190 [debug] [MainThread]: Flushing usage events
[0m13:22:07.463094 [debug] [MainThread]: An error was encountered while trying to flush usage events
[0m13:38:44.813154 [debug] [MainThread]: Sending event: {'category': 'dbt', 'action': 'invocation', 'label': 'start', 'context': [<snowplow_tracker.self_describing_json.SelfDescribingJson object at 0x000001D940EF9DD0>, <snowplow_tracker.self_describing_json.SelfDescribingJson object at 0x000001D940E38F50>, <snowplow_tracker.self_describing_json.SelfDescribingJson object at 0x000001D940E398D0>]}


============================== 13:38:44.819154 | 13798109-9e2f-4ec4-a708-70634bd8e494 ==============================
[0m13:38:44.819154 [info ] [MainThread]: Running with dbt=1.12.0
[0m13:38:44.821156 [debug] [MainThread]: running dbt with arguments {'maximum_seed_size_mib': '1', 'no_print': 'None', 'version_check': 'True', 'target_path': 'None', 'warn_error_options': 'WarnErrorOptionsV2(error=[], warn=[], silence=[])', 'static_parser': 'True', 'printer_width': '80', 'write_json': 'True', 'empty': 'False', 'log_cache_events': 'False', 'introspect': 'True', 'cache_selected_only': 'False', 'fail_fast': 'False', 'debug': 'False', 'log_format': 'default', 'profiles_dir': 'C:\\Users\\tommad01\\.dbt', 'send_anonymous_usage_stats': 'True', 'quiet': 'False', 'warn_error': 'None', 'partial_parse': 'True', 'invocation_command': 'dbt seed', 'hints_enabled': 'True', 'indirect_selection': 'eager', 'use_experimental_parser': 'False', 'use_colors': 'True', 'log_path': 'C:\\Users\\tommad01\\Desktop\\Lab\\lab_dbt\\logs'}
[0m13:38:46.916494 [debug] [MainThread]: Spark adapter: Setting pyhive.hive logging to ERROR
[0m13:38:46.917687 [debug] [MainThread]: Spark adapter: Setting thrift.transport logging to ERROR
[0m13:38:46.918494 [debug] [MainThread]: Spark adapter: Setting thrift.protocol logging to ERROR
[0m13:38:48.840949 [debug] [MainThread]: Sending event: {'category': 'dbt', 'action': 'project_id', 'label': '13798109-9e2f-4ec4-a708-70634bd8e494', 'context': [<snowplow_tracker.self_describing_json.SelfDescribingJson object at 0x000001D954E40790>]}
[0m13:38:48.930947 [debug] [MainThread]: Sending event: {'category': 'dbt', 'action': 'adapter_info', 'label': '13798109-9e2f-4ec4-a708-70634bd8e494', 'context': [<snowplow_tracker.self_describing_json.SelfDescribingJson object at 0x000001D940F9BB50>]}
[0m13:38:48.932948 [info ] [MainThread]: Registered adapter: databricks=1.12.3
[0m13:38:49.851729 [debug] [MainThread]: checksum: b154c3494314c7223c912bef68d7678b521a9d4ab83524a76084633bd437b3da, vars: {}, profile: lab_dbt, target: dev, version: 1.12.0
[0m13:38:50.195942 [debug] [MainThread]: Partial parsing enabled: 0 files deleted, 0 files added, 0 files changed.
[0m13:38:50.196942 [debug] [MainThread]: Nothing changed, skipping partial parsing.
[0m13:38:50.197942 [debug] [MainThread]: Partial parsing enabled, no changes found, skipping parsing
[0m13:38:50.210974 [warn ] [MainThread]: [[33mWARNING[0m]: Configuration paths exist in your dbt_project.yml file which do not apply to any resources.
There are 4 unused configuration paths:
- models.lab_dbt
- models.lab_dbt.silver
- models.lab_dbt.bronze
- models.lab_dbt.gold
[0m13:38:50.216942 [debug] [MainThread]: Sending event: {'category': 'dbt', 'action': 'load_project', 'label': '13798109-9e2f-4ec4-a708-70634bd8e494', 'context': [<snowplow_tracker.self_describing_json.SelfDescribingJson object at 0x000001D955343E10>]}
[0m13:38:50.399849 [debug] [MainThread]: Wrote artifact WritableManifest to C:\Users\tommad01\Desktop\Lab\lab_dbt\target\manifest.json
[0m13:38:50.406849 [debug] [MainThread]: Wrote artifact SemanticManifest to C:\Users\tommad01\Desktop\Lab\lab_dbt\target\semantic_manifest.json
[0m13:38:50.456850 [debug] [MainThread]: Wrote artifact OsiDocument to C:\Users\tommad01\Desktop\Lab\lab_dbt\target\osi_document.json
[0m13:38:50.490851 [debug] [MainThread]: Sending event: {'category': 'dbt', 'action': 'resource_counts', 'label': '13798109-9e2f-4ec4-a708-70634bd8e494', 'context': [<snowplow_tracker.self_describing_json.SelfDescribingJson object at 0x000001D95519C8D0>]}
[0m13:38:50.492853 [info ] [MainThread]: Found 1 seed, 2 sources, 773 macros
[0m13:38:50.493979 [debug] [MainThread]: Sending event: {'category': 'dbt', 'action': 'runnable_timing', 'label': '13798109-9e2f-4ec4-a708-70634bd8e494', 'context': [<snowplow_tracker.self_describing_json.SelfDescribingJson object at 0x000001D95518F8D0>]}
[0m13:38:50.497854 [info ] [MainThread]: 
[0m13:38:50.498853 [info ] [MainThread]: Concurrency: 4 threads (target='dev')
[0m13:38:50.499851 [info ] [MainThread]: 
[0m13:38:50.501918 [debug] [MainThread]: Databricks adapter: DatabricksDBTConnection(session-id=None, name=master) - Creating connection
[0m13:38:50.503930 [debug] [MainThread]: Acquiring new databricks connection 'master'
[0m13:38:50.508851 [debug] [ThreadPool]: Databricks adapter: DatabricksDBTConnection(session-id=None, name=list_opsanalytics_adb_workspace01) - Creating connection
[0m13:38:50.509851 [debug] [ThreadPool]: Acquiring new databricks connection 'list_opsanalytics_adb_workspace01'
[0m13:38:50.535850 [debug] [ThreadPool]: Using databricks connection "list_opsanalytics_adb_workspace01"
[0m13:38:50.536852 [debug] [ThreadPool]: On list_opsanalytics_adb_workspace01: /* {"app": "dbt", "dbt_version": "1.12.0", "dbt_databricks_version": "1.12.3", "databricks_sql_connector_version": "4.3.0", "profile_name": "lab_dbt", "target_name": "dev", "invocation_id": "13798109-9e2f-4ec4-a708-70634bd8e494", "connection_name": "list_opsanalytics_adb_workspace01"} */

    

  SHOW SCHEMAS IN `opsanalytics_adb_workspace01`


  
[0m13:38:50.537853 [debug] [ThreadPool]: Opening a new connection, currently in state init
[0m13:38:52.792672 [debug] [ThreadPool]: Databricks adapter: Connection(session-id=01f1902b-5bb6-10e2-8829-2005fd51e4a2) - Created
[0m13:38:57.787108 [debug] [ThreadPool]: SQL status: OK in 7.250 seconds
[0m13:38:57.812439 [debug] [ThreadPool]: Databricks adapter: Cursor(session-id=01f1902b-5bb6-10e2-8829-2005fd51e4a2, command-id=01f1902b-5c28-1d80-a40b-338a5587a11c) - Closing
[0m13:38:58.025183 [debug] [ThreadPool]: On list_opsanalytics_adb_workspace01: Close
[0m13:38:58.026077 [debug] [ThreadPool]: Databricks adapter: Connection(session-id=01f1902b-5bb6-10e2-8829-2005fd51e4a2) - Closing
[0m13:38:58.200172 [debug] [ThreadPool]: Databricks adapter: DatabricksDBTConnection(session-id=None, name=list_opsanalytics_adb_workspace01_lab_staging) - Creating connection
[0m13:38:58.201171 [debug] [ThreadPool]: Acquiring new databricks connection 'list_opsanalytics_adb_workspace01_lab_staging'
[0m13:38:58.209176 [debug] [ThreadPool]: Using databricks connection "list_opsanalytics_adb_workspace01_lab_staging"
[0m13:38:58.211173 [debug] [ThreadPool]: On list_opsanalytics_adb_workspace01_lab_staging: /* {"app": "dbt", "dbt_version": "1.12.0", "dbt_databricks_version": "1.12.3", "databricks_sql_connector_version": "4.3.0", "profile_name": "lab_dbt", "target_name": "dev", "invocation_id": "13798109-9e2f-4ec4-a708-70634bd8e494", "connection_name": "list_opsanalytics_adb_workspace01_lab_staging"} */

    
SELECT
  table_name,
  if(table_type IN ('EXTERNAL', 'MANAGED', 'MANAGED_SHALLOW_CLONE', 'EXTERNAL_SHALLOW_CLONE'), 'table', lower(table_type)) AS table_type,
  lower(data_source_format) AS file_format,
  table_owner,
  if(
    table_type IN (
      'EXTERNAL',
      'MANAGED',
      'MANAGED_SHALLOW_CLONE',
      'EXTERNAL_SHALLOW_CLONE'
    ),
    lower(table_type),
    NULL
  ) AS databricks_table_type
FROM `system`.`information_schema`.`tables`
WHERE table_catalog = 'opsanalytics_adb_workspace01'
  AND table_schema = 'lab_staging'

  
[0m13:38:58.212172 [debug] [ThreadPool]: Opening a new connection, currently in state init
[0m13:38:59.294696 [debug] [ThreadPool]: Databricks adapter: Connection(session-id=01f1902b-5fcc-1eea-a7f9-3ca3d3d298c7) - Created
[0m13:39:02.093331 [debug] [ThreadPool]: SQL status: OK in 3.880 seconds
[0m13:39:02.100299 [debug] [ThreadPool]: Databricks adapter: Cursor(session-id=01f1902b-5fcc-1eea-a7f9-3ca3d3d298c7, command-id=01f1902b-6008-1424-bda4-636f82b96fe3) - Closing
[0m13:39:02.102300 [debug] [ThreadPool]: On list_opsanalytics_adb_workspace01_lab_staging: Close
[0m13:39:02.103300 [debug] [ThreadPool]: Databricks adapter: Connection(session-id=01f1902b-5fcc-1eea-a7f9-3ca3d3d298c7) - Closing
[0m13:39:02.243813 [debug] [MainThread]: Sending event: {'category': 'dbt', 'action': 'runnable_timing', 'label': '13798109-9e2f-4ec4-a708-70634bd8e494', 'context': [<snowplow_tracker.self_describing_json.SelfDescribingJson object at 0x000001D9551AC290>]}
[0m13:39:02.255814 [debug] [Thread-3 (]: Began running node seed.lab_dbt.mshs_holidays
[0m13:39:02.257364 [info ] [Thread-3 (]: 1 of 1 START seed file lab_staging.mshs_holidays ............................... [RUN]
[0m13:39:02.257843 [debug] [Thread-3 (]: Databricks adapter: DatabricksDBTConnection(session-id=None, name=seed.lab_dbt.mshs_holidays) - Creating connection
[0m13:39:02.258930 [debug] [Thread-3 (]: Acquiring new databricks connection 'seed.lab_dbt.mshs_holidays'
[0m13:39:02.259813 [debug] [Thread-3 (]: Began compiling node seed.lab_dbt.mshs_holidays
[0m13:39:02.260811 [debug] [Thread-3 (]: Began executing node seed.lab_dbt.mshs_holidays
[0m13:39:02.346845 [debug] [Thread-3 (]: Using databricks connection "seed.lab_dbt.mshs_holidays"
[0m13:39:02.347840 [debug] [Thread-3 (]: On seed.lab_dbt.mshs_holidays: /* {"app": "dbt", "dbt_version": "1.12.0", "dbt_databricks_version": "1.12.3", "databricks_sql_connector_version": "4.3.0", "profile_name": "lab_dbt", "target_name": "dev", "invocation_id": "13798109-9e2f-4ec4-a708-70634bd8e494", "node_id": "seed.lab_dbt.mshs_holidays"} */

    create  table `opsanalytics_adb_workspace01`.`lab_staging`.`mshs_holidays` (`holiday_date` date )
    
    using delta
  
    
    
    
    
    
  
[0m13:39:02.349109 [debug] [Thread-3 (]: Opening a new connection, currently in state init
[0m13:39:03.504460 [debug] [Thread-3 (]: Databricks adapter: Connection(session-id=01f1902b-622e-1b20-9fe1-0a02e0e86ad4) - Created
[0m13:39:06.572285 [debug] [Thread-3 (]: SQL status: OK in 4.220 seconds
[0m13:39:06.575278 [debug] [Thread-3 (]: Databricks adapter: Cursor(session-id=01f1902b-622e-1b20-9fe1-0a02e0e86ad4, command-id=01f1902b-628f-1938-9771-a96286575047) - Closing
[0m13:39:07.075876 [debug] [Thread-3 (]: Using databricks connection "seed.lab_dbt.mshs_holidays"
[0m13:39:07.076878 [debug] [Thread-3 (]: On seed.lab_dbt.mshs_holidays: 
          insert overwrite `opsanalytics_adb_workspace01`.`lab_staging`.`mshs_holidays` values
          (%s),(%s),(%s),(%s),(%s),(%s),(%s),(%s),(%s),(%s),(%s),(%s),(%s),(%s),(%s),(%s),(%s),(%s),(%s),(%s),(%s),(%s),(%s),(%s),(%s),(%s),(%s),(%s),(%s),(%s),(%s),(%s),(%s),(%s),(%s),(%s),(%s),(%s),(%s),(%s),(%s),(%s),(%s),(%s),(%s),(%s),(%s),(%s),(%s),(%s),(%s),(%s),(%s),(%s),(%s),(%s),(%s),(%s),(%s),(%s),(%s),(%s),(%s),(%s),(%s),(%s),(%s),(%s),(%s),(%s),(%s),(%s),(%s),(%s),(%s),(%s),(%s),(%s),(%s),(%s),(%s),(...
[0m13:39:13.333586 [debug] [Thread-3 (]: SQL status: OK in 6.260 seconds
[0m13:39:13.334586 [debug] [Thread-3 (]: Databricks adapter: Cursor(session-id=01f1902b-622e-1b20-9fe1-0a02e0e86ad4, command-id=01f1902b-64b5-17fd-aa97-8a6b4fc76b5d) - Closing
[0m13:39:13.566836 [debug] [Thread-3 (]: Writing runtime SQL for node "seed.lab_dbt.mshs_holidays"
[0m13:39:13.600868 [debug] [Thread-3 (]: On seed.lab_dbt.mshs_holidays: Close
[0m13:39:13.601833 [debug] [Thread-3 (]: Databricks adapter: Connection(session-id=01f1902b-622e-1b20-9fe1-0a02e0e86ad4) - Closing
[0m13:39:13.764997 [debug] [Thread-3 (]: Sending event: {'category': 'dbt', 'action': 'run_model', 'label': '13798109-9e2f-4ec4-a708-70634bd8e494', 'context': [<snowplow_tracker.self_describing_json.SelfDescribingJson object at 0x000001D9551CB110>]}
[0m13:39:13.765995 [info ] [Thread-3 (]: 1 of 1 OK loaded seed file lab_staging.mshs_holidays ........................... [[32mINSERT 952[0m in 11.50s]
[0m13:39:13.766789 [debug] [Thread-3 (]: Finished running node seed.lab_dbt.mshs_holidays
[0m13:39:13.769740 [debug] [MainThread]: Databricks adapter: DatabricksDBTConnection(session-id=None, name=master) - Creating connection
[0m13:39:13.770739 [debug] [MainThread]: Acquiring new databricks connection 'master'
[0m13:39:13.771839 [info ] [MainThread]: 
[0m13:39:13.772739 [info ] [MainThread]: Finished running 1 seed in 0 hours 0 minutes and 23.27 seconds (23.27s).
[0m13:39:13.774738 [debug] [MainThread]: Command end result
[0m13:39:13.854516 [debug] [MainThread]: Wrote artifact WritableManifest to C:\Users\tommad01\Desktop\Lab\lab_dbt\target\manifest.json
[0m13:39:13.859406 [debug] [MainThread]: Wrote artifact SemanticManifest to C:\Users\tommad01\Desktop\Lab\lab_dbt\target\semantic_manifest.json
[0m13:39:13.864311 [debug] [MainThread]: Wrote artifact OsiDocument to C:\Users\tommad01\Desktop\Lab\lab_dbt\target\osi_document.json
[0m13:39:13.874479 [debug] [MainThread]: Wrote artifact RunExecutionResult to C:\Users\tommad01\Desktop\Lab\lab_dbt\target\run_results.json
[0m13:39:13.875295 [info ] [MainThread]: 
[0m13:39:13.876294 [info ] [MainThread]: [32mCompleted successfully[0m
[0m13:39:13.877294 [info ] [MainThread]: 
[0m13:39:13.877294 [info ] [MainThread]: Done. PASS=1 WARN=0 ERROR=0 SKIP=0 NO-OP=0 REUSED=0 TOTAL=1
[0m13:39:13.879294 [debug] [MainThread]: Command `dbt seed` succeeded at 13:39:13.879294 after 29.24 seconds
[0m13:39:13.880293 [debug] [MainThread]: Sending event: {'category': 'dbt', 'action': 'invocation', 'label': 'end', 'context': [<snowplow_tracker.self_describing_json.SelfDescribingJson object at 0x000001D940FF7C90>, <snowplow_tracker.self_describing_json.SelfDescribingJson object at 0x000001D940FF5B10>, <snowplow_tracker.self_describing_json.SelfDescribingJson object at 0x000001D940EE4790>]}
[0m13:39:13.880293 [debug] [MainThread]: Flushing usage events
[0m13:39:14.323136 [debug] [MainThread]: An error was encountered while trying to flush usage events
[0m14:08:24.594839 [debug] [MainThread]: Sending event: {'category': 'dbt', 'action': 'invocation', 'label': 'start', 'context': [<snowplow_tracker.self_describing_json.SelfDescribingJson object at 0x00000230A147A3D0>, <snowplow_tracker.self_describing_json.SelfDescribingJson object at 0x00000230A1488E50>, <snowplow_tracker.self_describing_json.SelfDescribingJson object at 0x00000230A1489610>]}


============================== 14:08:24.602164 | b53863c2-b69b-426d-a215-4dd172ccdd5a ==============================
[0m14:08:24.602164 [info ] [MainThread]: Running with dbt=1.12.0
[0m14:08:24.603752 [debug] [MainThread]: running dbt with arguments {'version_check': 'True', 'no_print': 'None', 'maximum_seed_size_mib': '1', 'target_path': 'None', 'static_parser': 'True', 'warn_error_options': 'WarnErrorOptionsV2(error=[], warn=[], silence=[])', 'printer_width': '80', 'write_json': 'True', 'empty': 'None', 'log_cache_events': 'False', 'introspect': 'True', 'cache_selected_only': 'False', 'log_format': 'default', 'debug': 'False', 'fail_fast': 'False', 'profiles_dir': 'C:\\Users\\tommad01\\.dbt', 'send_anonymous_usage_stats': 'True', 'quiet': 'False', 'warn_error': 'None', 'partial_parse': 'True', 'indirect_selection': 'eager', 'hints_enabled': 'True', 'use_colors': 'True', 'use_experimental_parser': 'False', 'invocation_command': 'dbt parse', 'log_path': 'C:\\Users\\tommad01\\Desktop\\Lab\\lab_dbt\\logs'}
[0m14:08:26.471749 [debug] [MainThread]: Spark adapter: Setting pyhive.hive logging to ERROR
[0m14:08:26.472770 [debug] [MainThread]: Spark adapter: Setting thrift.transport logging to ERROR
[0m14:08:26.473811 [debug] [MainThread]: Spark adapter: Setting thrift.protocol logging to ERROR
[0m14:08:28.338756 [debug] [MainThread]: Sending event: {'category': 'dbt', 'action': 'project_id', 'label': 'b53863c2-b69b-426d-a215-4dd172ccdd5a', 'context': [<snowplow_tracker.self_describing_json.SelfDescribingJson object at 0x00000230B5489150>]}
[0m14:08:28.422973 [debug] [MainThread]: Sending event: {'category': 'dbt', 'action': 'adapter_info', 'label': 'b53863c2-b69b-426d-a215-4dd172ccdd5a', 'context': [<snowplow_tracker.self_describing_json.SelfDescribingJson object at 0x00000230A15ACD90>]}
[0m14:08:28.424758 [info ] [MainThread]: Registered adapter: databricks=1.12.3
[0m14:08:29.284859 [debug] [MainThread]: checksum: b154c3494314c7223c912bef68d7678b521a9d4ab83524a76084633bd437b3da, vars: {}, profile: lab_dbt, target: dev, version: 1.12.0
[0m14:08:29.539952 [debug] [MainThread]: Partial parsing enabled: 0 files deleted, 0 files added, 0 files changed.
[0m14:08:29.541508 [debug] [MainThread]: Nothing changed, skipping partial parsing.
[0m14:08:29.541952 [debug] [MainThread]: Partial parsing enabled, no changes found, skipping parsing
[0m14:08:29.549987 [warn ] [MainThread]: [[33mWARNING[0m]: Configuration paths exist in your dbt_project.yml file which do not apply to any resources.
There are 2 unused configuration paths:
- models.lab_dbt.silver
- models.lab_dbt.gold
[0m14:08:29.555983 [debug] [MainThread]: Sending event: {'category': 'dbt', 'action': 'load_project', 'label': 'b53863c2-b69b-426d-a215-4dd172ccdd5a', 'context': [<snowplow_tracker.self_describing_json.SelfDescribingJson object at 0x00000230A406F950>]}
[0m14:08:29.562214 [info ] [MainThread]: Performance info: C:\Users\tommad01\Desktop\Lab\lab_dbt\target\perf_info.json
[0m14:08:29.731913 [debug] [MainThread]: Wrote artifact WritableManifest to C:\Users\tommad01\Desktop\Lab\lab_dbt\target\manifest.json
[0m14:08:29.738915 [debug] [MainThread]: Wrote artifact SemanticManifest to C:\Users\tommad01\Desktop\Lab\lab_dbt\target\semantic_manifest.json
[0m14:08:29.783753 [debug] [MainThread]: Wrote artifact OsiDocument to C:\Users\tommad01\Desktop\Lab\lab_dbt\target\osi_document.json
[0m14:08:29.784750 [debug] [MainThread]: Command `dbt parse` succeeded at 14:08:29.784750 after 5.32 seconds
[0m14:08:29.786065 [debug] [MainThread]: Sending event: {'category': 'dbt', 'action': 'invocation', 'label': 'end', 'context': [<snowplow_tracker.self_describing_json.SelfDescribingJson object at 0x00000230A154AE90>, <snowplow_tracker.self_describing_json.SelfDescribingJson object at 0x00000230A154AD90>, <snowplow_tracker.self_describing_json.SelfDescribingJson object at 0x00000230A1547190>]}
[0m14:08:29.786749 [debug] [MainThread]: Flushing usage events
[0m14:08:30.306012 [debug] [MainThread]: An error was encountered while trying to flush usage events
[0m14:22:57.831746 [debug] [MainThread]: Sending event: {'category': 'dbt', 'action': 'invocation', 'label': 'start', 'context': [<snowplow_tracker.self_describing_json.SelfDescribingJson object at 0x000001BB4378BC10>, <snowplow_tracker.self_describing_json.SelfDescribingJson object at 0x000001BB436C8D10>, <snowplow_tracker.self_describing_json.SelfDescribingJson object at 0x000001BB43789490>]}


============================== 14:22:57.837790 | 20a5a7b2-dd7a-4059-a538-560eefd96550 ==============================
[0m14:22:57.837790 [info ] [MainThread]: Running with dbt=1.12.0
[0m14:22:57.838662 [debug] [MainThread]: running dbt with arguments {'version_check': 'True', 'no_print': 'None', 'static_parser': 'True', 'warn_error_options': 'WarnErrorOptionsV2(error=[], warn=[], silence=[])', 'target_path': 'None', 'maximum_seed_size_mib': '1', 'printer_width': '80', 'write_json': 'True', 'empty': 'False', 'log_cache_events': 'False', 'introspect': 'True', 'cache_selected_only': 'False', 'fail_fast': 'False', 'debug': 'False', 'log_format': 'default', 'partial_parse': 'True', 'send_anonymous_usage_stats': 'True', 'quiet': 'False', 'warn_error': 'None', 'profiles_dir': 'C:\\Users\\tommad01\\.dbt', 'indirect_selection': 'eager', 'hints_enabled': 'True', 'invocation_command': 'dbt run --select date_spine', 'use_experimental_parser': 'False', 'use_colors': 'True', 'log_path': 'C:\\Users\\tommad01\\Desktop\\Lab\\lab_dbt\\logs'}
[0m14:22:59.665183 [debug] [MainThread]: Spark adapter: Setting pyhive.hive logging to ERROR
[0m14:22:59.666594 [debug] [MainThread]: Spark adapter: Setting thrift.transport logging to ERROR
[0m14:22:59.667760 [debug] [MainThread]: Spark adapter: Setting thrift.protocol logging to ERROR
[0m14:23:01.561717 [debug] [MainThread]: Sending event: {'category': 'dbt', 'action': 'project_id', 'label': '20a5a7b2-dd7a-4059-a538-560eefd96550', 'context': [<snowplow_tracker.self_describing_json.SelfDescribingJson object at 0x000001BB57628CD0>]}
[0m14:23:01.650815 [debug] [MainThread]: Sending event: {'category': 'dbt', 'action': 'adapter_info', 'label': '20a5a7b2-dd7a-4059-a538-560eefd96550', 'context': [<snowplow_tracker.self_describing_json.SelfDescribingJson object at 0x000001BB4382BAD0>]}
[0m14:23:01.652013 [info ] [MainThread]: Registered adapter: databricks=1.12.3
[0m14:23:02.481129 [debug] [MainThread]: checksum: b154c3494314c7223c912bef68d7678b521a9d4ab83524a76084633bd437b3da, vars: {}, profile: lab_dbt, target: dev, version: 1.12.0
[0m14:23:02.788689 [debug] [MainThread]: Partial parsing enabled: 0 files deleted, 0 files added, 0 files changed.
[0m14:23:02.789709 [debug] [MainThread]: Nothing changed, skipping partial parsing.
[0m14:23:02.789709 [debug] [MainThread]: Partial parsing enabled, no changes found, skipping parsing
[0m14:23:02.799422 [warn ] [MainThread]: [[33mWARNING[0m]: Configuration paths exist in your dbt_project.yml file which do not apply to any resources.
There are 2 unused configuration paths:
- models.lab_dbt.gold
- models.lab_dbt.silver
[0m14:23:02.804094 [debug] [MainThread]: Sending event: {'category': 'dbt', 'action': 'load_project', 'label': '20a5a7b2-dd7a-4059-a538-560eefd96550', 'context': [<snowplow_tracker.self_describing_json.SelfDescribingJson object at 0x000001BB57C1A650>]}
[0m14:23:02.985791 [debug] [MainThread]: Wrote artifact WritableManifest to C:\Users\tommad01\Desktop\Lab\lab_dbt\target\manifest.json
[0m14:23:02.992134 [debug] [MainThread]: Wrote artifact SemanticManifest to C:\Users\tommad01\Desktop\Lab\lab_dbt\target\semantic_manifest.json
[0m14:23:03.038733 [debug] [MainThread]: Wrote artifact OsiDocument to C:\Users\tommad01\Desktop\Lab\lab_dbt\target\osi_document.json
[0m14:23:03.062767 [debug] [MainThread]: Sending event: {'category': 'dbt', 'action': 'resource_counts', 'label': '20a5a7b2-dd7a-4059-a538-560eefd96550', 'context': [<snowplow_tracker.self_describing_json.SelfDescribingJson object at 0x000001BB57A1E550>]}
[0m14:23:03.063760 [info ] [MainThread]: Found 1 model, 3 sources, 774 macros
[0m14:23:03.064760 [debug] [MainThread]: Sending event: {'category': 'dbt', 'action': 'runnable_timing', 'label': '20a5a7b2-dd7a-4059-a538-560eefd96550', 'context': [<snowplow_tracker.self_describing_json.SelfDescribingJson object at 0x000001BB579EA490>]}
[0m14:23:03.066793 [info ] [MainThread]: 
[0m14:23:03.067762 [info ] [MainThread]: Concurrency: 4 threads (target='dev')
[0m14:23:03.067762 [info ] [MainThread]: 
[0m14:23:03.068905 [debug] [MainThread]: Databricks adapter: DatabricksDBTConnection(session-id=None, name=master) - Creating connection
[0m14:23:03.069787 [debug] [MainThread]: Acquiring new databricks connection 'master'
[0m14:23:03.072973 [debug] [ThreadPool]: Databricks adapter: DatabricksDBTConnection(session-id=None, name=list_opsanalytics_adb_workspace01) - Creating connection
[0m14:23:03.073641 [debug] [ThreadPool]: Acquiring new databricks connection 'list_opsanalytics_adb_workspace01'
[0m14:23:03.091957 [debug] [ThreadPool]: Using databricks connection "list_opsanalytics_adb_workspace01"
[0m14:23:03.092779 [debug] [ThreadPool]: On list_opsanalytics_adb_workspace01: /* {"app": "dbt", "dbt_version": "1.12.0", "dbt_databricks_version": "1.12.3", "databricks_sql_connector_version": "4.3.0", "profile_name": "lab_dbt", "target_name": "dev", "invocation_id": "20a5a7b2-dd7a-4059-a538-560eefd96550", "connection_name": "list_opsanalytics_adb_workspace01"} */

    

  SHOW SCHEMAS IN `opsanalytics_adb_workspace01`


  
[0m14:23:03.093742 [debug] [ThreadPool]: Opening a new connection, currently in state init
[0m14:23:05.154778 [debug] [ThreadPool]: Databricks adapter: Connection(session-id=01f19031-88c3-1662-ada4-aa57396e7168) - Created
[0m14:23:05.996060 [debug] [ThreadPool]: SQL status: OK in 2.900 seconds
[0m14:23:06.015058 [debug] [ThreadPool]: Databricks adapter: Cursor(session-id=01f19031-88c3-1662-ada4-aa57396e7168, command-id=01f19031-8915-1459-a473-e92ebe54718c) - Closing
[0m14:23:06.015740 [debug] [ThreadPool]: On list_opsanalytics_adb_workspace01: Close
[0m14:23:06.016058 [debug] [ThreadPool]: Databricks adapter: Connection(session-id=01f19031-88c3-1662-ada4-aa57396e7168) - Closing
[0m14:23:06.199791 [debug] [ThreadPool]: Databricks adapter: DatabricksDBTConnection(session-id=None, name=list_opsanalytics_adb_workspace01_lab_staging) - Creating connection
[0m14:23:06.200792 [debug] [ThreadPool]: Acquiring new databricks connection 'list_opsanalytics_adb_workspace01_lab_staging'
[0m14:23:06.208792 [debug] [ThreadPool]: Using databricks connection "list_opsanalytics_adb_workspace01_lab_staging"
[0m14:23:06.209869 [debug] [ThreadPool]: On list_opsanalytics_adb_workspace01_lab_staging: /* {"app": "dbt", "dbt_version": "1.12.0", "dbt_databricks_version": "1.12.3", "databricks_sql_connector_version": "4.3.0", "profile_name": "lab_dbt", "target_name": "dev", "invocation_id": "20a5a7b2-dd7a-4059-a538-560eefd96550", "connection_name": "list_opsanalytics_adb_workspace01_lab_staging"} */

    
SELECT
  table_name,
  if(table_type IN ('EXTERNAL', 'MANAGED', 'MANAGED_SHALLOW_CLONE', 'EXTERNAL_SHALLOW_CLONE'), 'table', lower(table_type)) AS table_type,
  lower(data_source_format) AS file_format,
  table_owner,
  if(
    table_type IN (
      'EXTERNAL',
      'MANAGED',
      'MANAGED_SHALLOW_CLONE',
      'EXTERNAL_SHALLOW_CLONE'
    ),
    lower(table_type),
    NULL
  ) AS databricks_table_type
FROM `system`.`information_schema`.`tables`
WHERE table_catalog = 'opsanalytics_adb_workspace01'
  AND table_schema = 'lab_staging'

  
[0m14:23:06.210792 [debug] [ThreadPool]: Opening a new connection, currently in state init
[0m14:23:07.087948 [debug] [ThreadPool]: Databricks adapter: Connection(session-id=01f19031-8a12-189e-be01-b3275c70fdc7) - Created
[0m14:23:08.167611 [debug] [ThreadPool]: SQL status: OK in 1.960 seconds
[0m14:23:08.172559 [debug] [ThreadPool]: Databricks adapter: Cursor(session-id=01f19031-8a12-189e-be01-b3275c70fdc7, command-id=01f19031-8a3c-1302-96f2-c1e09a42eadb) - Closing
[0m14:23:08.174563 [debug] [ThreadPool]: On list_opsanalytics_adb_workspace01_lab_staging: Close
[0m14:23:08.175561 [debug] [ThreadPool]: Databricks adapter: Connection(session-id=01f19031-8a12-189e-be01-b3275c70fdc7) - Closing
[0m14:23:08.342574 [debug] [MainThread]: Sending event: {'category': 'dbt', 'action': 'runnable_timing', 'label': '20a5a7b2-dd7a-4059-a538-560eefd96550', 'context': [<snowplow_tracker.self_describing_json.SelfDescribingJson object at 0x000001BB57A1F1D0>]}
[0m14:23:08.352576 [debug] [Thread-3 (]: Began running node model.lab_dbt.date_spine
[0m14:23:08.353574 [info ] [Thread-3 (]: 1 of 1 START sql table model lab_staging.date_spine ............................ [RUN]
[0m14:23:08.354577 [debug] [Thread-3 (]: Databricks adapter: DatabricksDBTConnection(session-id=None, name=model.lab_dbt.date_spine) - Creating connection
[0m14:23:08.355574 [debug] [Thread-3 (]: Acquiring new databricks connection 'model.lab_dbt.date_spine'
[0m14:23:08.355574 [debug] [Thread-3 (]: Began compiling node model.lab_dbt.date_spine
[0m14:23:08.366295 [debug] [Thread-3 (]: Writing injected SQL for node "model.lab_dbt.date_spine"
[0m14:23:08.368295 [debug] [Thread-3 (]: Began executing node model.lab_dbt.date_spine
[0m14:23:08.392448 [debug] [Thread-3 (]: MATERIALIZING TABLE
[0m14:23:08.448044 [debug] [Thread-3 (]: Using databricks connection "model.lab_dbt.date_spine"
[0m14:23:08.450045 [debug] [Thread-3 (]: On model.lab_dbt.date_spine: /* {"app": "dbt", "dbt_version": "1.12.0", "dbt_databricks_version": "1.12.3", "databricks_sql_connector_version": "4.3.0", "profile_name": "lab_dbt", "target_name": "dev", "invocation_id": "20a5a7b2-dd7a-4059-a538-560eefd96550", "node_id": "model.lab_dbt.date_spine"} */
SELECT
    table_catalog,
    table_schema,
    table_name,
    filter_name,
    target_columns
  FROM `opsanalytics_adb_workspace01`.`information_schema`.`row_filters`
  WHERE table_catalog = 'opsanalytics_adb_workspace01'
    AND table_schema = 'lab_staging'
    AND table_name = 'date_spine'
[0m14:23:08.451277 [debug] [Thread-3 (]: Opening a new connection, currently in state init
[0m14:23:09.287198 [debug] [Thread-3 (]: Databricks adapter: Connection(session-id=01f19031-8b61-1319-b537-326435ec354d) - Created
[0m14:23:09.958913 [debug] [Thread-3 (]: SQL status: OK in 1.510 seconds
[0m14:23:09.966875 [debug] [Thread-3 (]: Databricks adapter: Cursor(session-id=01f19031-8b61-1319-b537-326435ec354d, command-id=01f19031-8b8b-1954-bbff-2a57b102dae8) - Closing
[0m14:23:09.998275 [debug] [Thread-3 (]: Writing runtime sql for node "model.lab_dbt.date_spine"
[0m14:23:10.000836 [debug] [Thread-3 (]: Using databricks connection "model.lab_dbt.date_spine"
[0m14:23:10.001836 [debug] [Thread-3 (]: On model.lab_dbt.date_spine: /* {"app": "dbt", "dbt_version": "1.12.0", "dbt_databricks_version": "1.12.3", "databricks_sql_connector_version": "4.3.0", "profile_name": "lab_dbt", "target_name": "dev", "invocation_id": "20a5a7b2-dd7a-4059-a538-560eefd96550", "node_id": "model.lab_dbt.date_spine"} */

  
    
        create or replace table `opsanalytics_adb_workspace01`.`lab_staging`.`date_spine`
      
      
    using delta
  
      
      
      
      
      
      
      
      
      as
      with dates as (
    select explode(sequence(
        date '1990-01-01',
        date '2100-12-31',
        interval 1 day
    )) as calendar_date
),

flagged as (
    select
        d.calendar_date,
        case
            when dayofweek(d.calendar_date) in (1, 7) then 0   -- Sun=1, Sat=7
            when h.holiday_date is not null           then 0
            else 1
        end as is_working_day
    from dates d
    left join `opsanalytics_adb_workspace01`.`lab`.`mshs_holidays` h
        on d.calendar_date = h.holiday_date
)

select
    calendar_date,
    is_working_day,
    sum(is_working_day) over (order by calendar_date
        rows between unbounded preceding and current row) as bizday_index
from flagged
  
[0m14:23:14.692693 [debug] [Thread-3 (]: SQL status: OK in 4.690 seconds
[0m14:23:14.694210 [debug] [Thread-3 (]: Databricks adapter: Cursor(session-id=01f19031-8b61-1319-b537-326435ec354d, command-id=01f19031-8bfe-15d0-85a8-faa18634c39e) - Closing
[0m14:23:14.711851 [debug] [Thread-3 (]: Applying tags to relation None
[0m14:23:14.760976 [debug] [Thread-3 (]: On model.lab_dbt.date_spine: Close
[0m14:23:14.761922 [debug] [Thread-3 (]: Databricks adapter: Connection(session-id=01f19031-8b61-1319-b537-326435ec354d) - Closing
[0m14:23:14.955724 [debug] [Thread-3 (]: Sending event: {'category': 'dbt', 'action': 'run_model', 'label': '20a5a7b2-dd7a-4059-a538-560eefd96550', 'context': [<snowplow_tracker.self_describing_json.SelfDescribingJson object at 0x000001BB576788D0>]}
[0m14:23:14.957722 [info ] [Thread-3 (]: 1 of 1 OK created sql table model lab_staging.date_spine ....................... [[32mOK[0m in 6.60s]
[0m14:23:14.958723 [debug] [Thread-3 (]: Finished running node model.lab_dbt.date_spine
[0m14:23:14.961744 [debug] [MainThread]: Databricks adapter: DatabricksDBTConnection(session-id=None, name=master) - Creating connection
[0m14:23:14.962878 [debug] [MainThread]: Acquiring new databricks connection 'master'
[0m14:23:14.963830 [info ] [MainThread]: 
[0m14:23:14.964865 [info ] [MainThread]: Finished running 1 table model in 0 hours 0 minutes and 11.89 seconds (11.89s).
[0m14:23:14.966832 [debug] [MainThread]: Command end result
[0m14:23:15.048778 [debug] [MainThread]: Wrote artifact WritableManifest to C:\Users\tommad01\Desktop\Lab\lab_dbt\target\manifest.json
[0m14:23:15.054813 [debug] [MainThread]: Wrote artifact SemanticManifest to C:\Users\tommad01\Desktop\Lab\lab_dbt\target\semantic_manifest.json
[0m14:23:15.064394 [debug] [MainThread]: Wrote artifact OsiDocument to C:\Users\tommad01\Desktop\Lab\lab_dbt\target\osi_document.json
[0m14:23:15.073842 [debug] [MainThread]: Wrote artifact RunExecutionResult to C:\Users\tommad01\Desktop\Lab\lab_dbt\target\run_results.json
[0m14:23:15.075793 [info ] [MainThread]: 
[0m14:23:15.077229 [info ] [MainThread]: [32mCompleted successfully[0m
[0m14:23:15.077820 [info ] [MainThread]: 
[0m14:23:15.079796 [info ] [MainThread]: Done. PASS=1 WARN=0 ERROR=0 SKIP=0 NO-OP=0 REUSED=0 TOTAL=1
[0m14:23:15.082796 [debug] [MainThread]: Command `dbt run` succeeded at 14:23:15.082796 after 17.40 seconds
[0m14:23:15.083793 [debug] [MainThread]: Sending event: {'category': 'dbt', 'action': 'invocation', 'label': 'end', 'context': [<snowplow_tracker.self_describing_json.SelfDescribingJson object at 0x000001BB437747D0>, <snowplow_tracker.self_describing_json.SelfDescribingJson object at 0x000001BB43787310>, <snowplow_tracker.self_describing_json.SelfDescribingJson object at 0x000001BB43787850>]}
[0m14:23:15.084828 [debug] [MainThread]: Flushing usage events
[0m14:23:15.484195 [debug] [MainThread]: An error was encountered while trying to flush usage events
[0m15:05:16.627756 [debug] [MainThread]: Sending event: {'category': 'dbt', 'action': 'invocation', 'label': 'start', 'context': [<snowplow_tracker.self_describing_json.SelfDescribingJson object at 0x0000027EAB98A710>, <snowplow_tracker.self_describing_json.SelfDescribingJson object at 0x0000027EAB8C8D10>, <snowplow_tracker.self_describing_json.SelfDescribingJson object at 0x0000027EAB987FD0>]}


============================== 15:05:16.636254 | 86e671fe-92d2-4454-960d-5772f4af84d1 ==============================
[0m15:05:16.636254 [info ] [MainThread]: Running with dbt=1.12.0
[0m15:05:16.637223 [debug] [MainThread]: running dbt with arguments {'static_parser': 'True', 'no_print': 'None', 'maximum_seed_size_mib': '1', 'warn_error_options': 'WarnErrorOptionsV2(error=[], warn=[], silence=[])', 'target_path': 'None', 'version_check': 'True', 'printer_width': '80', 'write_json': 'True', 'introspect': 'True', 'log_cache_events': 'False', 'empty': 'False', 'cache_selected_only': 'False', 'log_format': 'default', 'debug': 'False', 'fail_fast': 'False', 'profiles_dir': 'C:\\Users\\tommad01\\.dbt', 'send_anonymous_usage_stats': 'True', 'quiet': 'False', 'warn_error': 'None', 'partial_parse': 'True', 'indirect_selection': 'eager', 'hints_enabled': 'True', 'use_colors': 'True', 'use_experimental_parser': 'False', 'invocation_command': 'dbt run --select powerpath_cyto_biopsy_silver', 'log_path': 'C:\\Users\\tommad01\\Desktop\\Lab\\lab_dbt\\logs'}
[0m15:05:19.458827 [debug] [MainThread]: Spark adapter: Setting pyhive.hive logging to ERROR
[0m15:05:19.460836 [debug] [MainThread]: Spark adapter: Setting thrift.transport logging to ERROR
[0m15:05:19.462839 [debug] [MainThread]: Spark adapter: Setting thrift.protocol logging to ERROR
[0m15:05:24.409413 [debug] [MainThread]: Sending event: {'category': 'dbt', 'action': 'project_id', 'label': '86e671fe-92d2-4454-960d-5772f4af84d1', 'context': [<snowplow_tracker.self_describing_json.SelfDescribingJson object at 0x0000027EBF813290>]}
[0m15:05:24.612078 [debug] [MainThread]: Sending event: {'category': 'dbt', 'action': 'adapter_info', 'label': '86e671fe-92d2-4454-960d-5772f4af84d1', 'context': [<snowplow_tracker.self_describing_json.SelfDescribingJson object at 0x0000027EABA278D0>]}
[0m15:05:24.614077 [info ] [MainThread]: Registered adapter: databricks=1.12.3
[0m15:05:26.532203 [debug] [MainThread]: checksum: b154c3494314c7223c912bef68d7678b521a9d4ab83524a76084633bd437b3da, vars: {}, profile: lab_dbt, target: dev, version: 1.12.0
[0m15:05:27.175184 [debug] [MainThread]: Partial parsing enabled: 0 files deleted, 0 files added, 0 files changed.
[0m15:05:27.176184 [debug] [MainThread]: Nothing changed, skipping partial parsing.
[0m15:05:27.177185 [debug] [MainThread]: Partial parsing enabled, no changes found, skipping parsing
[0m15:05:27.195340 [warn ] [MainThread]: [[33mWARNING[0m]: Configuration paths exist in your dbt_project.yml file which do not apply to any resources.
There are 1 unused configuration paths:
- models.lab_dbt.gold
[0m15:05:27.203659 [debug] [MainThread]: Sending event: {'category': 'dbt', 'action': 'load_project', 'label': '86e671fe-92d2-4454-960d-5772f4af84d1', 'context': [<snowplow_tracker.self_describing_json.SelfDescribingJson object at 0x0000027EBFDD3090>]}
[0m15:05:27.679100 [debug] [MainThread]: Wrote artifact WritableManifest to C:\Users\tommad01\Desktop\Lab\lab_dbt\target\manifest.json
[0m15:05:27.697440 [debug] [MainThread]: Wrote artifact SemanticManifest to C:\Users\tommad01\Desktop\Lab\lab_dbt\target\semantic_manifest.json
[0m15:05:27.864071 [debug] [MainThread]: Wrote artifact OsiDocument to C:\Users\tommad01\Desktop\Lab\lab_dbt\target\osi_document.json
[0m15:05:27.928866 [debug] [MainThread]: Sending event: {'category': 'dbt', 'action': 'resource_counts', 'label': '86e671fe-92d2-4454-960d-5772f4af84d1', 'context': [<snowplow_tracker.self_describing_json.SelfDescribingJson object at 0x0000027EBFC0EC50>]}
[0m15:05:27.931012 [info ] [MainThread]: Found 2 models, 3 sources, 774 macros
[0m15:05:27.932830 [debug] [MainThread]: Sending event: {'category': 'dbt', 'action': 'runnable_timing', 'label': '86e671fe-92d2-4454-960d-5772f4af84d1', 'context': [<snowplow_tracker.self_describing_json.SelfDescribingJson object at 0x0000027EBFBD98D0>]}
[0m15:05:27.934830 [warn ] [MainThread]: [[33mWARNING[0m]: The selection criterion 'powerpath_cyto_biopsy_silver' does not match any enabled nodes
[0m15:05:27.940469 [warn ] [MainThread]: [[33mWARNING[0m]: Nothing to do. Try checking your model configs and model specification args
[0m15:05:27.948787 [debug] [MainThread]: Command end result
[0m15:05:28.256124 [debug] [MainThread]: Wrote artifact WritableManifest to C:\Users\tommad01\Desktop\Lab\lab_dbt\target\manifest.json
[0m15:05:28.271136 [debug] [MainThread]: Wrote artifact SemanticManifest to C:\Users\tommad01\Desktop\Lab\lab_dbt\target\semantic_manifest.json
[0m15:05:28.430938 [debug] [MainThread]: Wrote artifact OsiDocument to C:\Users\tommad01\Desktop\Lab\lab_dbt\target\osi_document.json
[0m15:05:28.496668 [debug] [MainThread]: Wrote artifact RunExecutionResult to C:\Users\tommad01\Desktop\Lab\lab_dbt\target\run_results.json
[0m15:05:28.518051 [debug] [MainThread]: Command `dbt run` succeeded at 15:05:28.517713 after 12.08 seconds
[0m15:05:28.520126 [debug] [MainThread]: Sending event: {'category': 'dbt', 'action': 'invocation', 'label': 'end', 'context': [<snowplow_tracker.self_describing_json.SelfDescribingJson object at 0x0000027EAB8C8F10>, <snowplow_tracker.self_describing_json.SelfDescribingJson object at 0x0000027EAB987210>, <snowplow_tracker.self_describing_json.SelfDescribingJson object at 0x0000027EAB9877D0>]}
[0m15:05:28.522567 [debug] [MainThread]: Flushing usage events
[0m15:05:32.733332 [debug] [MainThread]: An error was encountered while trying to flush usage events
[0m15:29:36.044890 [debug] [MainThread]: Sending event: {'category': 'dbt', 'action': 'invocation', 'label': 'start', 'context': [<snowplow_tracker.self_describing_json.SelfDescribingJson object at 0x00000129706D2690>, <snowplow_tracker.self_describing_json.SelfDescribingJson object at 0x00000129706C7FD0>, <snowplow_tracker.self_describing_json.SelfDescribingJson object at 0x00000129706C8610>]}


============================== 15:29:36.051759 | c74ecfd5-a9b4-4646-b23e-e56bb559e161 ==============================
[0m15:29:36.051759 [info ] [MainThread]: Running with dbt=1.12.0
[0m15:29:36.051889 [debug] [MainThread]: running dbt with arguments {'maximum_seed_size_mib': '1', 'no_print': 'None', 'version_check': 'True', 'target_path': 'None', 'warn_error_options': 'WarnErrorOptionsV2(error=[], warn=[], silence=[])', 'static_parser': 'True', 'printer_width': '80', 'write_json': 'True', 'empty': 'False', 'log_cache_events': 'False', 'introspect': 'True', 'cache_selected_only': 'False', 'fail_fast': 'False', 'debug': 'False', 'log_format': 'default', 'profiles_dir': 'C:\\Users\\tommad01\\.dbt', 'send_anonymous_usage_stats': 'True', 'quiet': 'False', 'warn_error': 'None', 'partial_parse': 'True', 'indirect_selection': 'eager', 'hints_enabled': 'True', 'invocation_command': 'dbt run --select powerpath_cyto_biopsy_silverv2', 'use_experimental_parser': 'False', 'use_colors': 'True', 'log_path': 'C:\\Users\\tommad01\\Desktop\\Lab\\lab_dbt\\logs'}
[0m15:29:37.691437 [debug] [MainThread]: Spark adapter: Setting pyhive.hive logging to ERROR
[0m15:29:37.692438 [debug] [MainThread]: Spark adapter: Setting thrift.transport logging to ERROR
[0m15:29:37.693510 [debug] [MainThread]: Spark adapter: Setting thrift.protocol logging to ERROR
[0m15:29:39.402949 [debug] [MainThread]: Sending event: {'category': 'dbt', 'action': 'project_id', 'label': 'c74ecfd5-a9b4-4646-b23e-e56bb559e161', 'context': [<snowplow_tracker.self_describing_json.SelfDescribingJson object at 0x0000012902B2CB90>]}
[0m15:29:39.483950 [debug] [MainThread]: Sending event: {'category': 'dbt', 'action': 'adapter_info', 'label': 'c74ecfd5-a9b4-4646-b23e-e56bb559e161', 'context': [<snowplow_tracker.self_describing_json.SelfDescribingJson object at 0x0000012970767810>]}
[0m15:29:39.485014 [info ] [MainThread]: Registered adapter: databricks=1.12.3
[0m15:29:40.302559 [debug] [MainThread]: checksum: b154c3494314c7223c912bef68d7678b521a9d4ab83524a76084633bd437b3da, vars: {}, profile: lab_dbt, target: dev, version: 1.12.0
[0m15:29:40.556540 [debug] [MainThread]: Partial parsing enabled: 0 files deleted, 0 files added, 0 files changed.
[0m15:29:40.557387 [debug] [MainThread]: Nothing changed, skipping partial parsing.
[0m15:29:40.557543 [debug] [MainThread]: Partial parsing enabled, no changes found, skipping parsing
[0m15:29:40.566576 [warn ] [MainThread]: [[33mWARNING[0m]: Configuration paths exist in your dbt_project.yml file which do not apply to any resources.
There are 1 unused configuration paths:
- models.lab_dbt.gold
[0m15:29:40.573542 [debug] [MainThread]: Sending event: {'category': 'dbt', 'action': 'load_project', 'label': 'c74ecfd5-a9b4-4646-b23e-e56bb559e161', 'context': [<snowplow_tracker.self_describing_json.SelfDescribingJson object at 0x00000129707A5210>]}
[0m15:29:40.746630 [debug] [MainThread]: Wrote artifact WritableManifest to C:\Users\tommad01\Desktop\Lab\lab_dbt\target\manifest.json
[0m15:29:40.752597 [debug] [MainThread]: Wrote artifact SemanticManifest to C:\Users\tommad01\Desktop\Lab\lab_dbt\target\semantic_manifest.json
[0m15:29:40.796599 [debug] [MainThread]: Wrote artifact OsiDocument to C:\Users\tommad01\Desktop\Lab\lab_dbt\target\osi_document.json
[0m15:29:40.816342 [debug] [MainThread]: Sending event: {'category': 'dbt', 'action': 'resource_counts', 'label': 'c74ecfd5-a9b4-4646-b23e-e56bb559e161', 'context': [<snowplow_tracker.self_describing_json.SelfDescribingJson object at 0x000001290495AE10>]}
[0m15:29:40.818342 [info ] [MainThread]: Found 2 models, 3 sources, 774 macros
[0m15:29:40.818342 [debug] [MainThread]: Sending event: {'category': 'dbt', 'action': 'runnable_timing', 'label': 'c74ecfd5-a9b4-4646-b23e-e56bb559e161', 'context': [<snowplow_tracker.self_describing_json.SelfDescribingJson object at 0x000001290494FB50>]}
[0m15:29:40.820377 [info ] [MainThread]: 
[0m15:29:40.821523 [info ] [MainThread]: Concurrency: 4 threads (target='dev')
[0m15:29:40.822343 [info ] [MainThread]: 
[0m15:29:40.823341 [debug] [MainThread]: Databricks adapter: DatabricksDBTConnection(session-id=None, name=master) - Creating connection
[0m15:29:40.824341 [debug] [MainThread]: Acquiring new databricks connection 'master'
[0m15:29:40.826342 [debug] [ThreadPool]: Databricks adapter: DatabricksDBTConnection(session-id=None, name=list_opsanalytics_adb_workspace01) - Creating connection
[0m15:29:40.827757 [debug] [ThreadPool]: Acquiring new databricks connection 'list_opsanalytics_adb_workspace01'
[0m15:29:40.843302 [debug] [ThreadPool]: Using databricks connection "list_opsanalytics_adb_workspace01"
[0m15:29:40.844373 [debug] [ThreadPool]: On list_opsanalytics_adb_workspace01: /* {"app": "dbt", "dbt_version": "1.12.0", "dbt_databricks_version": "1.12.3", "databricks_sql_connector_version": "4.3.0", "profile_name": "lab_dbt", "target_name": "dev", "invocation_id": "c74ecfd5-a9b4-4646-b23e-e56bb559e161", "connection_name": "list_opsanalytics_adb_workspace01"} */

    

  SHOW SCHEMAS IN `opsanalytics_adb_workspace01`


  
[0m15:29:40.845268 [debug] [ThreadPool]: Opening a new connection, currently in state init
[0m15:29:42.849614 [debug] [ThreadPool]: Databricks adapter: Connection(session-id=01f1903a-d797-1426-8c4e-2616f79f4ca6) - Created
[0m15:29:43.707622 [debug] [ThreadPool]: SQL status: OK in 2.860 seconds
[0m15:29:43.737605 [debug] [ThreadPool]: Databricks adapter: Cursor(session-id=01f1903a-d797-1426-8c4e-2616f79f4ca6, command-id=01f1903a-d7e4-1097-a40e-7ae3583c0d14) - Closing
[0m15:29:43.738605 [debug] [ThreadPool]: On list_opsanalytics_adb_workspace01: Close
[0m15:29:43.738605 [debug] [ThreadPool]: Databricks adapter: Connection(session-id=01f1903a-d797-1426-8c4e-2616f79f4ca6) - Closing
[0m15:29:43.909100 [debug] [ThreadPool]: Databricks adapter: DatabricksDBTConnection(session-id=None, name=list_opsanalytics_adb_workspace01_lab_staging) - Creating connection
[0m15:29:43.910100 [debug] [ThreadPool]: Acquiring new databricks connection 'list_opsanalytics_adb_workspace01_lab_staging'
[0m15:29:43.917131 [debug] [ThreadPool]: Using databricks connection "list_opsanalytics_adb_workspace01_lab_staging"
[0m15:29:43.918103 [debug] [ThreadPool]: On list_opsanalytics_adb_workspace01_lab_staging: /* {"app": "dbt", "dbt_version": "1.12.0", "dbt_databricks_version": "1.12.3", "databricks_sql_connector_version": "4.3.0", "profile_name": "lab_dbt", "target_name": "dev", "invocation_id": "c74ecfd5-a9b4-4646-b23e-e56bb559e161", "connection_name": "list_opsanalytics_adb_workspace01_lab_staging"} */

    
SELECT
  table_name,
  if(table_type IN ('EXTERNAL', 'MANAGED', 'MANAGED_SHALLOW_CLONE', 'EXTERNAL_SHALLOW_CLONE'), 'table', lower(table_type)) AS table_type,
  lower(data_source_format) AS file_format,
  table_owner,
  if(
    table_type IN (
      'EXTERNAL',
      'MANAGED',
      'MANAGED_SHALLOW_CLONE',
      'EXTERNAL_SHALLOW_CLONE'
    ),
    lower(table_type),
    NULL
  ) AS databricks_table_type
FROM `system`.`information_schema`.`tables`
WHERE table_catalog = 'opsanalytics_adb_workspace01'
  AND table_schema = 'lab_staging'

  
[0m15:29:43.919100 [debug] [ThreadPool]: Opening a new connection, currently in state init
[0m15:29:44.828725 [debug] [ThreadPool]: Databricks adapter: Connection(session-id=01f1903a-d8e6-1424-9cb3-2d589d670ab9) - Created
[0m15:29:47.100621 [debug] [ThreadPool]: SQL status: OK in 3.180 seconds
[0m15:29:47.108620 [debug] [ThreadPool]: Databricks adapter: Cursor(session-id=01f1903a-d8e6-1424-9cb3-2d589d670ab9, command-id=01f1903a-d912-1fe7-92b8-74605084af31) - Closing
[0m15:29:47.109624 [debug] [ThreadPool]: On list_opsanalytics_adb_workspace01_lab_staging: Close
[0m15:29:47.111600 [debug] [ThreadPool]: Databricks adapter: Connection(session-id=01f1903a-d8e6-1424-9cb3-2d589d670ab9) - Closing
[0m15:29:47.250526 [debug] [MainThread]: Sending event: {'category': 'dbt', 'action': 'runnable_timing', 'label': 'c74ecfd5-a9b4-4646-b23e-e56bb559e161', 'context': [<snowplow_tracker.self_describing_json.SelfDescribingJson object at 0x000001290492A490>]}
[0m15:29:47.262536 [debug] [Thread-3 (]: Began running node model.lab_dbt.powerpath_cyto_biopsy_silverv2
[0m15:29:47.263535 [info ] [Thread-3 (]: 1 of 1 START sql table model lab_staging.powerpath_cyto_biopsy_silverv2 ........ [RUN]
[0m15:29:47.265534 [debug] [Thread-3 (]: Databricks adapter: DatabricksDBTConnection(session-id=None, name=model.lab_dbt.powerpath_cyto_biopsy_silverv2) - Creating connection
[0m15:29:47.266533 [debug] [Thread-3 (]: Acquiring new databricks connection 'model.lab_dbt.powerpath_cyto_biopsy_silverv2'
[0m15:29:47.266533 [debug] [Thread-3 (]: Began compiling node model.lab_dbt.powerpath_cyto_biopsy_silverv2
[0m15:29:47.282562 [debug] [Thread-3 (]: Writing injected SQL for node "model.lab_dbt.powerpath_cyto_biopsy_silverv2"
[0m15:29:47.287536 [debug] [Thread-3 (]: Began executing node model.lab_dbt.powerpath_cyto_biopsy_silverv2
[0m15:29:47.315538 [debug] [Thread-3 (]: MATERIALIZING TABLE
[0m15:29:47.374534 [debug] [Thread-3 (]: Using databricks connection "model.lab_dbt.powerpath_cyto_biopsy_silverv2"
[0m15:29:47.377536 [debug] [Thread-3 (]: On model.lab_dbt.powerpath_cyto_biopsy_silverv2: /* {"app": "dbt", "dbt_version": "1.12.0", "dbt_databricks_version": "1.12.3", "databricks_sql_connector_version": "4.3.0", "profile_name": "lab_dbt", "target_name": "dev", "invocation_id": "c74ecfd5-a9b4-4646-b23e-e56bb559e161", "node_id": "model.lab_dbt.powerpath_cyto_biopsy_silverv2"} */
SELECT
    table_catalog,
    table_schema,
    table_name,
    filter_name,
    target_columns
  FROM `opsanalytics_adb_workspace01`.`information_schema`.`row_filters`
  WHERE table_catalog = 'opsanalytics_adb_workspace01'
    AND table_schema = 'lab_staging'
    AND table_name = 'powerpath_cyto_biopsy_silverv2'
[0m15:29:47.380535 [debug] [Thread-3 (]: Opening a new connection, currently in state init
[0m15:29:48.258264 [debug] [Thread-3 (]: Databricks adapter: Connection(session-id=01f1903a-daf4-10be-babc-9ad54441b728) - Created
[0m15:29:48.918585 [debug] [Thread-3 (]: SQL status: OK in 1.540 seconds
[0m15:29:48.923297 [debug] [Thread-3 (]: Databricks adapter: Cursor(session-id=01f1903a-daf4-10be-babc-9ad54441b728, command-id=01f1903a-db23-191d-95da-bd6167127ffd) - Closing
[0m15:29:48.946586 [debug] [Thread-3 (]: Writing runtime sql for node "model.lab_dbt.powerpath_cyto_biopsy_silverv2"
[0m15:29:48.949586 [debug] [Thread-3 (]: Using databricks connection "model.lab_dbt.powerpath_cyto_biopsy_silverv2"
[0m15:29:48.950589 [debug] [Thread-3 (]: On model.lab_dbt.powerpath_cyto_biopsy_silverv2: /* {"app": "dbt", "dbt_version": "1.12.0", "dbt_databricks_version": "1.12.3", "databricks_sql_connector_version": "4.3.0", "profile_name": "lab_dbt", "target_name": "dev", "invocation_id": "c74ecfd5-a9b4-4646-b23e-e56bb559e161", "node_id": "model.lab_dbt.powerpath_cyto_biopsy_silverv2"} */

  
    
        create or replace table `opsanalytics_adb_workspace01`.`lab_staging`.`powerpath_cyto_biopsy_silverv2`
      
      
    using delta
  
      
      
      
      
      
      
      
      
      as
      with raw as (
    select *
    from `opsanalytics_adb_workspace01`.`lab`.`powerpath_raw`
    where spec_group in ('CYTO NONGYN', 'CYTO GYN', 'BREAST')
      and spec_sort_order = 'A'
),

cleaned as (
    select
        replace(Case_no, '*failed to decode utf16*', '')   as Case_no,
        case
            when Facility = 'KH'   then 'MSB'
            when Facility = 'R'    then 'MSW'
            when Facility = 'STL'  then 'MSM'
            when Facility = 'SNCH' then 'MSSN'
            when Facility = 'MSS'  then 'MSH'
            when Facility = 'SL'   then 'MSM'
            when Facility = 'PACC' then 'MSUS'
            else Facility
        end                                                 as Facility,
        case
            when Spec_code = 'BREA1' and spec_group = 'BREAST' then 'Breast Biopsy'
            when spec_group = 'CYTO NONGYN'                    then 'Cytology NONGYN'
            when spec_group = 'CYTO GYN'                       then 'Cytology GYN'
            else 'Breast Large/Resection'
        end                                                 as TEST_NAME,
        cast(Case_created_date as timestamp)                as Case_created_date,
        cast(Collection_Date   as timestamp)                as Collection_Date,
        cast(Received_Date     as timestamp)                as Received_Date,
        cast(signed_out_date   as timestamp)                as signed_out_date,
        Priority, Spec_code, Specimen_description, CPT_code, Rev_ctr,
        Encounter_no, MRN, Refmd_code, Refmd_name,
        spec_sort_order, spec_group, patient_type,
        _source_file, _ingested_at
    from raw
),

with_setting as (
    select
        c.*,
        case
            when c.Rev_ctr = 'MSBK' and c.patient_type in ('A', 'O') then 'Amb'
            when c.Rev_ctr = 'MSBK' and c.patient_type = 'IN'        then 'IP'
            else ps.PATIENT_SETTING
        end as PATIENT_SETTING
    from cleaned c
    left join `opsanalytics_adb_workspace01`.`lab`.`lab_kpi_ap_patient_setting` ps
        on c.Rev_ctr = ps.REV_CTR
),

with_tat as (
    select
        w.*,
        datediff(w.signed_out_date, w.Collection_Date)   as Collection_to_signed_out,
        so.bizday_index - rc.bizday_index                as Received_to_signed_out
    from with_setting w
    left join `opsanalytics_adb_workspace01`.`lab_staging`.`date_spine` rc
        on cast(w.Received_Date   as date) = rc.calendar_date
    left join `opsanalytics_adb_workspace01`.`lab_staging`.`date_spine` so
        on cast(w.signed_out_date as date) = so.calendar_date
)

select
    Facility                as FACILITY,
    Priority                as PRIORITY,
    Spec_code               as SPEC_CODE,
    Specimen_description    as SPECIMEN_DESCRIPTION,
    CPT_code                as CPT_CODE,
    Rev_ctr                 as REV_CTR,
    Encounter_no            as ENCOUNTER_NO,
    MRN,
    Case_no                 as CASE_NO,
    Case_created_date       as CASE_CREATED_DATE,
    Collection_Date         as COLLECTION_DATE,
    Received_Date           as RECEIVED_DATE,
    signed_out_date         as SIGNED_OUT_DATE,
    Refmd_code              as REFMD_CODE,
    spec_sort_order         as SPEC_SORT_ORDER,
    TEST_NAME,
    PATIENT_SETTING,
    Collection_to_signed_out as COLLECTION_TO_SIGNED_OUT,
    Received_to_signed_out   as RECEIVED_TO_SIGNED_OUT,
    case
        when TEST_NAME = 'Breast Biopsy'          then 3
        when TEST_NAME = 'Breast Large/Resection' then 5
        when TEST_NAME = 'Cytology GYN'           then 8
        else 8
    end                     as TAT_TARGET,
    case
        when Received_to_signed_out <= case
            when TEST_NAME = 'Breast Biopsy'          then 3
            when TEST_NAME = 'Breast Large/Resection' then 5
            when TEST_NAME = 'Cytology GYN'           then 8
            else 8
        end then 1 else 0
    end                     as IS_TAT_WITHIN_TARGET,
    spec_group              as SPEC_GROUP,
    Refmd_name              as REFMD_NAME,
    _source_file            as _SOURCE_FILE,
    _ingested_at            as _INGESTED_AT
from with_tat
  
[0m15:29:58.444039 [debug] [Thread-3 (]: SQL status: OK in 9.490 seconds
[0m15:29:58.445804 [debug] [Thread-3 (]: Databricks adapter: Cursor(session-id=01f1903a-daf4-10be-babc-9ad54441b728, command-id=01f1903a-db8d-12c4-afb2-a4d365938235) - Closing
[0m15:29:58.684199 [debug] [Thread-3 (]: Applying tags to relation None
[0m15:29:58.708586 [debug] [Thread-3 (]: On model.lab_dbt.powerpath_cyto_biopsy_silverv2: Close
[0m15:29:58.709661 [debug] [Thread-3 (]: Databricks adapter: Connection(session-id=01f1903a-daf4-10be-babc-9ad54441b728) - Closing
[0m15:29:58.886641 [debug] [Thread-3 (]: Sending event: {'category': 'dbt', 'action': 'run_model', 'label': 'c74ecfd5-a9b4-4646-b23e-e56bb559e161', 'context': [<snowplow_tracker.self_describing_json.SelfDescribingJson object at 0x0000012904A58E90>]}
[0m15:29:58.887642 [info ] [Thread-3 (]: 1 of 1 OK created sql table model lab_staging.powerpath_cyto_biopsy_silverv2 ... [[32mOK[0m in 11.62s]
[0m15:29:58.889642 [debug] [Thread-3 (]: Finished running node model.lab_dbt.powerpath_cyto_biopsy_silverv2
[0m15:29:58.892641 [debug] [MainThread]: Databricks adapter: DatabricksDBTConnection(session-id=None, name=master) - Creating connection
[0m15:29:58.893640 [debug] [MainThread]: Acquiring new databricks connection 'master'
[0m15:29:58.895652 [info ] [MainThread]: 
[0m15:29:58.897474 [info ] [MainThread]: Finished running 1 table model in 0 hours 0 minutes and 18.07 seconds (18.07s).
[0m15:29:58.899641 [debug] [MainThread]: Command end result
[0m15:29:59.005565 [debug] [MainThread]: Wrote artifact WritableManifest to C:\Users\tommad01\Desktop\Lab\lab_dbt\target\manifest.json
[0m15:29:59.013566 [debug] [MainThread]: Wrote artifact SemanticManifest to C:\Users\tommad01\Desktop\Lab\lab_dbt\target\semantic_manifest.json
[0m15:29:59.020566 [debug] [MainThread]: Wrote artifact OsiDocument to C:\Users\tommad01\Desktop\Lab\lab_dbt\target\osi_document.json
[0m15:29:59.031565 [debug] [MainThread]: Wrote artifact RunExecutionResult to C:\Users\tommad01\Desktop\Lab\lab_dbt\target\run_results.json
[0m15:29:59.032567 [info ] [MainThread]: 
[0m15:29:59.034213 [info ] [MainThread]: [32mCompleted successfully[0m
[0m15:29:59.034567 [info ] [MainThread]: 
[0m15:29:59.035568 [info ] [MainThread]: Done. PASS=1 WARN=0 ERROR=0 SKIP=0 NO-OP=0 REUSED=0 TOTAL=1
[0m15:29:59.037566 [debug] [MainThread]: Command `dbt run` succeeded at 15:29:59.037566 after 23.17 seconds
[0m15:29:59.038566 [debug] [MainThread]: Sending event: {'category': 'dbt', 'action': 'invocation', 'label': 'end', 'context': [<snowplow_tracker.self_describing_json.SelfDescribingJson object at 0x0000012970608C50>, <snowplow_tracker.self_describing_json.SelfDescribingJson object at 0x00000129706B4750>, <snowplow_tracker.self_describing_json.SelfDescribingJson object at 0x00000129706C7290>]}
[0m15:29:59.038566 [debug] [MainThread]: Flushing usage events
[0m15:29:59.579478 [debug] [MainThread]: An error was encountered while trying to flush usage events
[0m15:57:24.089097 [debug] [MainThread]: Sending event: {'category': 'dbt', 'action': 'invocation', 'label': 'start', 'context': [<snowplow_tracker.self_describing_json.SelfDescribingJson object at 0x00000295B4C523D0>, <snowplow_tracker.self_describing_json.SelfDescribingJson object at 0x00000295B4D0CF90>, <snowplow_tracker.self_describing_json.SelfDescribingJson object at 0x00000295B4C47FD0>]}


============================== 15:57:24.095097 | d3a0cd44-b442-4365-a623-7044d08d4668 ==============================
[0m15:57:24.095097 [info ] [MainThread]: Running with dbt=1.12.0
[0m15:57:24.096097 [debug] [MainThread]: running dbt with arguments {'version_check': 'True', 'no_print': 'None', 'maximum_seed_size_mib': '1', 'warn_error_options': 'WarnErrorOptionsV2(error=[], warn=[], silence=[])', 'static_parser': 'True', 'target_path': 'None', 'printer_width': '80', 'write_json': 'True', 'empty': 'False', 'log_cache_events': 'False', 'introspect': 'True', 'cache_selected_only': 'False', 'log_format': 'default', 'debug': 'False', 'fail_fast': 'False', 'partial_parse': 'True', 'send_anonymous_usage_stats': 'True', 'quiet': 'False', 'warn_error': 'None', 'profiles_dir': 'C:\\Users\\tommad01\\.dbt', 'invocation_command': 'dbt run --select powerpath_cyto_biopsy_silverv2', 'hints_enabled': 'True', 'use_colors': 'True', 'use_experimental_parser': 'False', 'indirect_selection': 'eager', 'log_path': 'C:\\Users\\tommad01\\Desktop\\Lab\\lab_dbt\\logs'}
[0m15:57:25.891374 [debug] [MainThread]: Spark adapter: Setting pyhive.hive logging to ERROR
[0m15:57:25.892374 [debug] [MainThread]: Spark adapter: Setting thrift.transport logging to ERROR
[0m15:57:25.893373 [debug] [MainThread]: Spark adapter: Setting thrift.protocol logging to ERROR
[0m15:57:27.540478 [debug] [MainThread]: Sending event: {'category': 'dbt', 'action': 'project_id', 'label': 'd3a0cd44-b442-4365-a623-7044d08d4668', 'context': [<snowplow_tracker.self_describing_json.SelfDescribingJson object at 0x00000295C8BABD50>]}
[0m15:57:27.614687 [debug] [MainThread]: Sending event: {'category': 'dbt', 'action': 'adapter_info', 'label': 'd3a0cd44-b442-4365-a623-7044d08d4668', 'context': [<snowplow_tracker.self_describing_json.SelfDescribingJson object at 0x00000295C89D6DD0>]}
[0m15:57:27.616152 [info ] [MainThread]: Registered adapter: databricks=1.12.3
[0m15:57:28.379049 [debug] [MainThread]: checksum: b154c3494314c7223c912bef68d7678b521a9d4ab83524a76084633bd437b3da, vars: {}, profile: lab_dbt, target: dev, version: 1.12.0
[0m15:57:28.672773 [debug] [MainThread]: Partial parsing enabled: 0 files deleted, 0 files added, 0 files changed.
[0m15:57:28.673627 [debug] [MainThread]: Nothing changed, skipping partial parsing.
[0m15:57:28.673627 [debug] [MainThread]: Partial parsing enabled, no changes found, skipping parsing
[0m15:57:28.682625 [warn ] [MainThread]: [[33mWARNING[0m]: Configuration paths exist in your dbt_project.yml file which do not apply to any resources.
There are 1 unused configuration paths:
- models.lab_dbt.gold
[0m15:57:28.687625 [debug] [MainThread]: Sending event: {'category': 'dbt', 'action': 'load_project', 'label': 'd3a0cd44-b442-4365-a623-7044d08d4668', 'context': [<snowplow_tracker.self_describing_json.SelfDescribingJson object at 0x00000295C8BFB790>]}
[0m15:57:28.859783 [debug] [MainThread]: Wrote artifact WritableManifest to C:\Users\tommad01\Desktop\Lab\lab_dbt\target\manifest.json
[0m15:57:28.865794 [debug] [MainThread]: Wrote artifact SemanticManifest to C:\Users\tommad01\Desktop\Lab\lab_dbt\target\semantic_manifest.json
[0m15:57:28.911806 [debug] [MainThread]: Wrote artifact OsiDocument to C:\Users\tommad01\Desktop\Lab\lab_dbt\target\osi_document.json
[0m15:57:28.930466 [debug] [MainThread]: Sending event: {'category': 'dbt', 'action': 'resource_counts', 'label': 'd3a0cd44-b442-4365-a623-7044d08d4668', 'context': [<snowplow_tracker.self_describing_json.SelfDescribingJson object at 0x00000295C8EDD710>]}
[0m15:57:28.931466 [info ] [MainThread]: Found 2 models, 3 sources, 774 macros
[0m15:57:28.932596 [debug] [MainThread]: Sending event: {'category': 'dbt', 'action': 'runnable_timing', 'label': 'd3a0cd44-b442-4365-a623-7044d08d4668', 'context': [<snowplow_tracker.self_describing_json.SelfDescribingJson object at 0x00000295C8ECFA10>]}
[0m15:57:28.934465 [info ] [MainThread]: 
[0m15:57:28.935080 [info ] [MainThread]: Concurrency: 4 threads (target='dev')
[0m15:57:28.935465 [info ] [MainThread]: 
[0m15:57:28.936466 [debug] [MainThread]: Databricks adapter: DatabricksDBTConnection(session-id=None, name=master) - Creating connection
[0m15:57:28.937527 [debug] [MainThread]: Acquiring new databricks connection 'master'
[0m15:57:28.940549 [debug] [ThreadPool]: Databricks adapter: DatabricksDBTConnection(session-id=None, name=list_opsanalytics_adb_workspace01) - Creating connection
[0m15:57:28.941470 [debug] [ThreadPool]: Acquiring new databricks connection 'list_opsanalytics_adb_workspace01'
[0m15:57:28.957500 [debug] [ThreadPool]: Using databricks connection "list_opsanalytics_adb_workspace01"
[0m15:57:28.957500 [debug] [ThreadPool]: On list_opsanalytics_adb_workspace01: /* {"app": "dbt", "dbt_version": "1.12.0", "dbt_databricks_version": "1.12.3", "databricks_sql_connector_version": "4.3.0", "profile_name": "lab_dbt", "target_name": "dev", "invocation_id": "d3a0cd44-b442-4365-a623-7044d08d4668", "connection_name": "list_opsanalytics_adb_workspace01"} */

    

  SHOW SCHEMAS IN `opsanalytics_adb_workspace01`


  
[0m15:57:28.958982 [debug] [ThreadPool]: Opening a new connection, currently in state init
[0m15:57:31.897681 [debug] [ThreadPool]: Databricks adapter: Connection(session-id=01f1903e-b9cb-1cef-9d99-da7782275717) - Created
[0m15:57:35.247002 [debug] [ThreadPool]: SQL status: OK in 6.290 seconds
[0m15:57:35.267004 [debug] [ThreadPool]: Databricks adapter: Cursor(session-id=01f1903e-b9cb-1cef-9d99-da7782275717, command-id=01f1903e-babe-1bf7-b47f-31d6f156ae94) - Closing
[0m15:57:35.457889 [debug] [ThreadPool]: On list_opsanalytics_adb_workspace01: Close
[0m15:57:35.459058 [debug] [ThreadPool]: Databricks adapter: Connection(session-id=01f1903e-b9cb-1cef-9d99-da7782275717) - Closing
[0m15:57:35.604552 [debug] [ThreadPool]: Databricks adapter: DatabricksDBTConnection(session-id=None, name=list_opsanalytics_adb_workspace01_lab_staging) - Creating connection
[0m15:57:35.605272 [debug] [ThreadPool]: Acquiring new databricks connection 'list_opsanalytics_adb_workspace01_lab_staging'
[0m15:57:35.610272 [debug] [ThreadPool]: Using databricks connection "list_opsanalytics_adb_workspace01_lab_staging"
[0m15:57:35.611272 [debug] [ThreadPool]: On list_opsanalytics_adb_workspace01_lab_staging: /* {"app": "dbt", "dbt_version": "1.12.0", "dbt_databricks_version": "1.12.3", "databricks_sql_connector_version": "4.3.0", "profile_name": "lab_dbt", "target_name": "dev", "invocation_id": "d3a0cd44-b442-4365-a623-7044d08d4668", "connection_name": "list_opsanalytics_adb_workspace01_lab_staging"} */

    
SELECT
  table_name,
  if(table_type IN ('EXTERNAL', 'MANAGED', 'MANAGED_SHALLOW_CLONE', 'EXTERNAL_SHALLOW_CLONE'), 'table', lower(table_type)) AS table_type,
  lower(data_source_format) AS file_format,
  table_owner,
  if(
    table_type IN (
      'EXTERNAL',
      'MANAGED',
      'MANAGED_SHALLOW_CLONE',
      'EXTERNAL_SHALLOW_CLONE'
    ),
    lower(table_type),
    NULL
  ) AS databricks_table_type
FROM `system`.`information_schema`.`tables`
WHERE table_catalog = 'opsanalytics_adb_workspace01'
  AND table_schema = 'lab_staging'

  
[0m15:57:35.611272 [debug] [ThreadPool]: Opening a new connection, currently in state init
[0m15:57:36.398207 [debug] [ThreadPool]: Databricks adapter: Connection(session-id=01f1903e-bd3e-10c1-be67-7d0d9970603d) - Created
[0m15:57:39.670203 [debug] [ThreadPool]: SQL status: OK in 4.060 seconds
[0m15:57:39.679240 [debug] [ThreadPool]: Databricks adapter: Cursor(session-id=01f1903e-bd3e-10c1-be67-7d0d9970603d, command-id=01f1903e-bd66-13b3-aa07-1db81915665d) - Closing
[0m15:57:39.680237 [debug] [ThreadPool]: On list_opsanalytics_adb_workspace01_lab_staging: Close
[0m15:57:39.681811 [debug] [ThreadPool]: Databricks adapter: Connection(session-id=01f1903e-bd3e-10c1-be67-7d0d9970603d) - Closing
[0m15:57:39.852262 [debug] [MainThread]: Sending event: {'category': 'dbt', 'action': 'runnable_timing', 'label': 'd3a0cd44-b442-4365-a623-7044d08d4668', 'context': [<snowplow_tracker.self_describing_json.SelfDescribingJson object at 0x00000295C8ECFC10>]}
[0m15:57:39.866140 [debug] [Thread-3 (]: Began running node model.lab_dbt.powerpath_cyto_biopsy_silverv2
[0m15:57:39.867144 [info ] [Thread-3 (]: 1 of 1 START sql table model lab_staging.powerpath_cyto_biopsy_silverv2 ........ [RUN]
[0m15:57:39.870164 [debug] [Thread-3 (]: Databricks adapter: DatabricksDBTConnection(session-id=None, name=model.lab_dbt.powerpath_cyto_biopsy_silverv2) - Creating connection
[0m15:57:39.871293 [debug] [Thread-3 (]: Acquiring new databricks connection 'model.lab_dbt.powerpath_cyto_biopsy_silverv2'
[0m15:57:39.872135 [debug] [Thread-3 (]: Began compiling node model.lab_dbt.powerpath_cyto_biopsy_silverv2
[0m15:57:39.883684 [debug] [Thread-3 (]: Writing injected SQL for node "model.lab_dbt.powerpath_cyto_biopsy_silverv2"
[0m15:57:39.887092 [debug] [Thread-3 (]: Began executing node model.lab_dbt.powerpath_cyto_biopsy_silverv2
[0m15:57:39.910160 [debug] [Thread-3 (]: MATERIALIZING TABLE
[0m15:57:39.954164 [debug] [Thread-3 (]: Using databricks connection "model.lab_dbt.powerpath_cyto_biopsy_silverv2"
[0m15:57:39.955164 [debug] [Thread-3 (]: On model.lab_dbt.powerpath_cyto_biopsy_silverv2: /* {"app": "dbt", "dbt_version": "1.12.0", "dbt_databricks_version": "1.12.3", "databricks_sql_connector_version": "4.3.0", "profile_name": "lab_dbt", "target_name": "dev", "invocation_id": "d3a0cd44-b442-4365-a623-7044d08d4668", "node_id": "model.lab_dbt.powerpath_cyto_biopsy_silverv2"} */
SELECT
    table_catalog,
    table_schema,
    table_name,
    filter_name,
    target_columns
  FROM `opsanalytics_adb_workspace01`.`information_schema`.`row_filters`
  WHERE table_catalog = 'opsanalytics_adb_workspace01'
    AND table_schema = 'lab_staging'
    AND table_name = 'powerpath_cyto_biopsy_silverv2'
[0m15:57:39.957166 [debug] [Thread-3 (]: Opening a new connection, currently in state init
[0m15:57:40.828489 [debug] [Thread-3 (]: Databricks adapter: Connection(session-id=01f1903e-bfe0-1b4d-9849-1ab7c4fdc594) - Created
[0m15:57:41.660219 [debug] [Thread-3 (]: SQL status: OK in 1.700 seconds
[0m15:57:41.664215 [debug] [Thread-3 (]: Databricks adapter: Cursor(session-id=01f1903e-bfe0-1b4d-9849-1ab7c4fdc594, command-id=01f1903e-c021-154a-afc1-fd62c4f1e7a1) - Closing
[0m15:57:41.696431 [debug] [Thread-3 (]: Writing runtime sql for node "model.lab_dbt.powerpath_cyto_biopsy_silverv2"
[0m15:57:41.698690 [debug] [Thread-3 (]: Using databricks connection "model.lab_dbt.powerpath_cyto_biopsy_silverv2"
[0m15:57:41.699432 [debug] [Thread-3 (]: On model.lab_dbt.powerpath_cyto_biopsy_silverv2: /* {"app": "dbt", "dbt_version": "1.12.0", "dbt_databricks_version": "1.12.3", "databricks_sql_connector_version": "4.3.0", "profile_name": "lab_dbt", "target_name": "dev", "invocation_id": "d3a0cd44-b442-4365-a623-7044d08d4668", "node_id": "model.lab_dbt.powerpath_cyto_biopsy_silverv2"} */

  
    
        create or replace table `opsanalytics_adb_workspace01`.`lab_staging`.`powerpath_cyto_biopsy_silverv2`
      
      
    using delta
  
      
      
      
      
      
      
      
      
      as
      with raw as (
    select *
    from `opsanalytics_adb_workspace01`.`lab`.`powerpath_raw`
    where spec_group in ('CYTO NONGYN', 'CYTO GYN', 'BREAST')
      and spec_sort_order = 'A'
),

cleaned as (
    select
        replace(Case_no, '*failed to decode utf16*', '')   as Case_no,
        case
            when Facility = 'KH'   then 'MSB'
            when Facility = 'R'    then 'MSW'
            when Facility = 'STL'  then 'MSM'
            when Facility = 'SNCH' then 'MSSN'
            when Facility = 'MSS'  then 'MSH'
            when Facility = 'SL'   then 'MSM'
            when Facility = 'PACC' then 'MSUS'
            else Facility
        end                                                 as Facility,
        case
            when Spec_code = 'BREA1' and spec_group = 'BREAST' then 'Breast Biopsy'
            when spec_group = 'CYTO NONGYN'                    then 'Cytology NONGYN'
            when spec_group = 'CYTO GYN'                       then 'Cytology GYN'
            else 'Breast Large/Resection'
        end                                                 as TEST_NAME,
        cast(Case_created_date as timestamp)                as Case_created_date,
        cast(Collection_Date   as timestamp)                as Collection_Date,
        cast(Received_Date     as timestamp)                as Received_Date,
        cast(signed_out_date   as timestamp)                as signed_out_date,
        Priority, Spec_code, Specimen_description, CPT_code, Rev_ctr,
        Encounter_no, MRN, Refmd_code, Refmd_name,
        spec_sort_order, spec_group, patient_type,
        _source_file, _ingested_at
    from raw
),

with_setting as (
    select
        c.*,
        case
            when c.Rev_ctr = 'MSBK' and c.patient_type in ('A', 'O') then 'Amb'
            when c.Rev_ctr = 'MSBK' and c.patient_type = 'IN'        then 'IP'
            else ps.PATIENT_SETTING
        end as PATIENT_SETTING
    from cleaned c
    left join `opsanalytics_adb_workspace01`.`lab`.`lab_kpi_ap_patient_setting` ps
        on c.Rev_ctr = ps.REV_CTR
),

with_tat as (
    select
        w.*,
        datediff(w.signed_out_date, w.Collection_Date)   as Collection_to_signed_out,
        so.bizday_index - rc.bizday_index                as Received_to_signed_out
    from with_setting w
    left join `opsanalytics_adb_workspace01`.`lab_staging`.`date_spine` rc
        on cast(w.Received_Date   as date) = rc.calendar_date
    left join `opsanalytics_adb_workspace01`.`lab_staging`.`date_spine` so
        on cast(w.signed_out_date as date) = so.calendar_date
)

select
    Facility                as FACILITY,
    Priority                as PRIORITY,
    Spec_code               as SPEC_CODE,
    Specimen_description    as SPECIMEN_DESCRIPTION,
    CPT_code                as CPT_CODE,
    Rev_ctr                 as REV_CTR,
    Encounter_no            as ENCOUNTER_NO,
    MRN,
    Case_no                 as CASE_NO,
    Case_created_date       as CASE_CREATED_DATE,
    Collection_Date         as COLLECTION_DATE,
    Received_Date           as RECEIVED_DATE,
    signed_out_date         as SIGNED_OUT_DATE,
    Refmd_code              as REFMD_CODE,
    spec_sort_order         as SPEC_SORT_ORDER,
    TEST_NAME,
    PATIENT_SETTING,
    Collection_to_signed_out as COLLECTION_TO_SIGNED_OUT,
    Received_to_signed_out   as RECEIVED_TO_SIGNED_OUT,
    case
        when TEST_NAME = 'Breast Biopsy'          then 3
        when TEST_NAME = 'Breast Large/Resection' then 5
        when TEST_NAME = 'Cytology GYN'           then 8
        else 8
    end                     as TAT_TARGET,
    case
        when Received_to_signed_out <= case
            when TEST_NAME = 'Breast Biopsy'          then 3
            when TEST_NAME = 'Breast Large/Resection' then 5
            when TEST_NAME = 'Cytology GYN'           then 8
            else 8
        end then 1 else 0
    end                     as IS_TAT_WITHIN_TARGET,
    spec_group              as SPEC_GROUP,
    Refmd_name              as REFMD_NAME,
    _source_file            as _SOURCE_FILE,
    _ingested_at            as _INGESTED_AT
from with_tat
  
[0m15:57:52.260532 [debug] [Thread-3 (]: SQL status: OK in 10.560 seconds
[0m15:57:52.261500 [debug] [Thread-3 (]: Databricks adapter: Cursor(session-id=01f1903e-bfe0-1b4d-9849-1ab7c4fdc594, command-id=01f1903e-c094-1c22-94c7-df371c03860c) - Closing
[0m15:57:52.476301 [debug] [Thread-3 (]: Applying tags to relation None
[0m15:57:52.509304 [debug] [Thread-3 (]: On model.lab_dbt.powerpath_cyto_biopsy_silverv2: Close
[0m15:57:52.510304 [debug] [Thread-3 (]: Databricks adapter: Connection(session-id=01f1903e-bfe0-1b4d-9849-1ab7c4fdc594) - Closing
[0m15:57:52.649383 [debug] [Thread-3 (]: Sending event: {'category': 'dbt', 'action': 'run_model', 'label': 'd3a0cd44-b442-4365-a623-7044d08d4668', 'context': [<snowplow_tracker.self_describing_json.SelfDescribingJson object at 0x00000295C8FD8190>]}
[0m15:57:52.650419 [info ] [Thread-3 (]: 1 of 1 OK created sql table model lab_staging.powerpath_cyto_biopsy_silverv2 ... [[32mOK[0m in 12.78s]
[0m15:57:52.651385 [debug] [Thread-3 (]: Finished running node model.lab_dbt.powerpath_cyto_biopsy_silverv2
[0m15:57:52.653383 [debug] [MainThread]: Databricks adapter: DatabricksDBTConnection(session-id=None, name=master) - Creating connection
[0m15:57:52.653383 [debug] [MainThread]: Acquiring new databricks connection 'master'
[0m15:57:52.654385 [info ] [MainThread]: 
[0m15:57:52.655548 [info ] [MainThread]: Finished running 1 table model in 0 hours 0 minutes and 23.72 seconds (23.72s).
[0m15:57:52.657435 [debug] [MainThread]: Command end result
[0m15:57:52.761303 [debug] [MainThread]: Wrote artifact WritableManifest to C:\Users\tommad01\Desktop\Lab\lab_dbt\target\manifest.json
[0m15:57:52.767448 [debug] [MainThread]: Wrote artifact SemanticManifest to C:\Users\tommad01\Desktop\Lab\lab_dbt\target\semantic_manifest.json
[0m15:57:52.773404 [debug] [MainThread]: Wrote artifact OsiDocument to C:\Users\tommad01\Desktop\Lab\lab_dbt\target\osi_document.json
[0m15:57:52.787404 [debug] [MainThread]: Wrote artifact RunExecutionResult to C:\Users\tommad01\Desktop\Lab\lab_dbt\target\run_results.json
[0m15:57:52.788401 [info ] [MainThread]: 
[0m15:57:52.790406 [info ] [MainThread]: [32mCompleted successfully[0m
[0m15:57:52.791401 [info ] [MainThread]: 
[0m15:57:52.792400 [info ] [MainThread]: Done. PASS=1 WARN=0 ERROR=0 SKIP=0 NO-OP=0 REUSED=0 TOTAL=1
[0m15:57:52.794404 [debug] [MainThread]: Command `dbt run` succeeded at 15:57:52.794404 after 28.84 seconds
[0m15:57:52.796404 [debug] [MainThread]: Sending event: {'category': 'dbt', 'action': 'invocation', 'label': 'end', 'context': [<snowplow_tracker.self_describing_json.SelfDescribingJson object at 0x00000295B4B88C50>, <snowplow_tracker.self_describing_json.SelfDescribingJson object at 0x00000295B4C4AD10>, <snowplow_tracker.self_describing_json.SelfDescribingJson object at 0x00000295C8A3B9D0>]}
[0m15:57:52.797408 [debug] [MainThread]: Flushing usage events
[0m15:57:53.160088 [debug] [MainThread]: An error was encountered while trying to flush usage events
[0m16:27:28.303323 [debug] [MainThread]: Sending event: {'category': 'dbt', 'action': 'invocation', 'label': 'start', 'context': [<snowplow_tracker.self_describing_json.SelfDescribingJson object at 0x000002051047BE50>, <snowplow_tracker.self_describing_json.SelfDescribingJson object at 0x00000205103AAC90>, <snowplow_tracker.self_describing_json.SelfDescribingJson object at 0x000002050FD98610>]}


============================== 16:27:28.309321 | 21d157c3-ba2a-4a7d-be32-46427356f7d8 ==============================
[0m16:27:28.309321 [info ] [MainThread]: Running with dbt=1.12.0
[0m16:27:28.310321 [debug] [MainThread]: running dbt with arguments {'maximum_seed_size_mib': '1', 'no_print': 'None', 'version_check': 'True', 'warn_error_options': 'WarnErrorOptionsV2(error=[], warn=[], silence=[])', 'static_parser': 'True', 'target_path': 'None', 'printer_width': '80', 'write_json': 'True', 'introspect': 'True', 'log_cache_events': 'False', 'empty': 'False', 'cache_selected_only': 'False', 'log_format': 'default', 'debug': 'False', 'fail_fast': 'False', 'profiles_dir': 'C:\\Users\\tommad01\\.dbt', 'send_anonymous_usage_stats': 'True', 'quiet': 'False', 'warn_error': 'None', 'partial_parse': 'True', 'indirect_selection': 'eager', 'hints_enabled': 'True', 'invocation_command': 'dbt run --select date_filter_bronze', 'use_experimental_parser': 'False', 'use_colors': 'True', 'log_path': 'C:\\Users\\tommad01\\Desktop\\Lab\\lab_dbt\\logs'}
[0m16:27:29.928608 [debug] [MainThread]: Spark adapter: Setting pyhive.hive logging to ERROR
[0m16:27:29.929607 [debug] [MainThread]: Spark adapter: Setting thrift.transport logging to ERROR
[0m16:27:29.930608 [debug] [MainThread]: Spark adapter: Setting thrift.protocol logging to ERROR
[0m16:27:31.203688 [debug] [MainThread]: Sending event: {'category': 'dbt', 'action': 'project_id', 'label': '21d157c3-ba2a-4a7d-be32-46427356f7d8', 'context': [<snowplow_tracker.self_describing_json.SelfDescribingJson object at 0x00000205243B8990>]}
[0m16:27:31.273689 [debug] [MainThread]: Sending event: {'category': 'dbt', 'action': 'adapter_info', 'label': '21d157c3-ba2a-4a7d-be32-46427356f7d8', 'context': [<snowplow_tracker.self_describing_json.SelfDescribingJson object at 0x00000205241F7D10>]}
[0m16:27:31.274791 [info ] [MainThread]: Registered adapter: databricks=1.12.3
[0m16:27:32.007366 [debug] [MainThread]: checksum: b154c3494314c7223c912bef68d7678b521a9d4ab83524a76084633bd437b3da, vars: {}, profile: lab_dbt, target: dev, version: 1.12.0
[0m16:27:32.278937 [debug] [MainThread]: Partial parsing enabled: 0 files deleted, 0 files added, 0 files changed.
[0m16:27:32.279937 [debug] [MainThread]: Nothing changed, skipping partial parsing.
[0m16:27:32.280939 [debug] [MainThread]: Partial parsing enabled, no changes found, skipping parsing
[0m16:27:32.289941 [warn ] [MainThread]: [[33mWARNING[0m]: Configuration paths exist in your dbt_project.yml file which do not apply to any resources.
There are 1 unused configuration paths:
- models.lab_dbt.gold
[0m16:27:32.294941 [debug] [MainThread]: Sending event: {'category': 'dbt', 'action': 'load_project', 'label': '21d157c3-ba2a-4a7d-be32-46427356f7d8', 'context': [<snowplow_tracker.self_describing_json.SelfDescribingJson object at 0x0000020524383090>]}
[0m16:27:32.464372 [debug] [MainThread]: Wrote artifact WritableManifest to C:\Users\tommad01\Desktop\Lab\lab_dbt\target\manifest.json
[0m16:27:32.469953 [debug] [MainThread]: Wrote artifact SemanticManifest to C:\Users\tommad01\Desktop\Lab\lab_dbt\target\semantic_manifest.json
[0m16:27:32.505192 [debug] [MainThread]: Wrote artifact OsiDocument to C:\Users\tommad01\Desktop\Lab\lab_dbt\target\osi_document.json
[0m16:27:32.520952 [debug] [MainThread]: Sending event: {'category': 'dbt', 'action': 'resource_counts', 'label': '21d157c3-ba2a-4a7d-be32-46427356f7d8', 'context': [<snowplow_tracker.self_describing_json.SelfDescribingJson object at 0x0000020524678490>]}
[0m16:27:32.521952 [info ] [MainThread]: Found 3 models, 3 sources, 774 macros
[0m16:27:32.522953 [debug] [MainThread]: Sending event: {'category': 'dbt', 'action': 'runnable_timing', 'label': '21d157c3-ba2a-4a7d-be32-46427356f7d8', 'context': [<snowplow_tracker.self_describing_json.SelfDescribingJson object at 0x0000020524345950>]}
[0m16:27:32.524952 [info ] [MainThread]: 
[0m16:27:32.525448 [info ] [MainThread]: Concurrency: 4 threads (target='dev')
[0m16:27:32.525953 [info ] [MainThread]: 
[0m16:27:32.526953 [debug] [MainThread]: Databricks adapter: DatabricksDBTConnection(session-id=None, name=master) - Creating connection
[0m16:27:32.527952 [debug] [MainThread]: Acquiring new databricks connection 'master'
[0m16:27:32.530256 [debug] [ThreadPool]: Databricks adapter: DatabricksDBTConnection(session-id=None, name=list_opsanalytics_adb_workspace01) - Creating connection
[0m16:27:32.531410 [debug] [ThreadPool]: Acquiring new databricks connection 'list_opsanalytics_adb_workspace01'
[0m16:27:32.557934 [debug] [ThreadPool]: Using databricks connection "list_opsanalytics_adb_workspace01"
[0m16:27:32.558936 [debug] [ThreadPool]: On list_opsanalytics_adb_workspace01: /* {"app": "dbt", "dbt_version": "1.12.0", "dbt_databricks_version": "1.12.3", "databricks_sql_connector_version": "4.3.0", "profile_name": "lab_dbt", "target_name": "dev", "invocation_id": "21d157c3-ba2a-4a7d-be32-46427356f7d8", "connection_name": "list_opsanalytics_adb_workspace01"} */

    

  SHOW SCHEMAS IN `opsanalytics_adb_workspace01`


  
[0m16:27:32.560330 [debug] [ThreadPool]: Opening a new connection, currently in state init
[0m16:27:34.479462 [debug] [ThreadPool]: Databricks adapter: Connection(session-id=01f19042-ecc6-11a3-860c-09a88d5d9a10) - Created
[0m16:27:38.999450 [debug] [ThreadPool]: SQL status: OK in 6.440 seconds
[0m16:27:39.007448 [debug] [ThreadPool]: Databricks adapter: Cursor(session-id=01f19042-ecc6-11a3-860c-09a88d5d9a10, command-id=01f19042-ed23-1955-ab75-24f0b18b352a) - Closing
[0m16:27:39.180565 [debug] [ThreadPool]: On list_opsanalytics_adb_workspace01: Close
[0m16:27:39.184567 [debug] [ThreadPool]: Databricks adapter: Connection(session-id=01f19042-ecc6-11a3-860c-09a88d5d9a10) - Closing
[0m16:27:39.381622 [debug] [ThreadPool]: Databricks adapter: DatabricksDBTConnection(session-id=None, name=list_opsanalytics_adb_workspace01_lab_staging) - Creating connection
[0m16:27:39.382626 [debug] [ThreadPool]: Acquiring new databricks connection 'list_opsanalytics_adb_workspace01_lab_staging'
[0m16:27:39.388619 [debug] [ThreadPool]: Using databricks connection "list_opsanalytics_adb_workspace01_lab_staging"
[0m16:27:39.389619 [debug] [ThreadPool]: On list_opsanalytics_adb_workspace01_lab_staging: /* {"app": "dbt", "dbt_version": "1.12.0", "dbt_databricks_version": "1.12.3", "databricks_sql_connector_version": "4.3.0", "profile_name": "lab_dbt", "target_name": "dev", "invocation_id": "21d157c3-ba2a-4a7d-be32-46427356f7d8", "connection_name": "list_opsanalytics_adb_workspace01_lab_staging"} */

    
SELECT
  table_name,
  if(table_type IN ('EXTERNAL', 'MANAGED', 'MANAGED_SHALLOW_CLONE', 'EXTERNAL_SHALLOW_CLONE'), 'table', lower(table_type)) AS table_type,
  lower(data_source_format) AS file_format,
  table_owner,
  if(
    table_type IN (
      'EXTERNAL',
      'MANAGED',
      'MANAGED_SHALLOW_CLONE',
      'EXTERNAL_SHALLOW_CLONE'
    ),
    lower(table_type),
    NULL
  ) AS databricks_table_type
FROM `system`.`information_schema`.`tables`
WHERE table_catalog = 'opsanalytics_adb_workspace01'
  AND table_schema = 'lab_staging'

  
[0m16:27:39.390619 [debug] [ThreadPool]: Opening a new connection, currently in state init
[0m16:27:40.229139 [debug] [ThreadPool]: Databricks adapter: Connection(session-id=01f19042-f067-1056-bb7a-c3113bd81daa) - Created
[0m16:27:43.119419 [debug] [ThreadPool]: SQL status: OK in 3.730 seconds
[0m16:27:43.129415 [debug] [ThreadPool]: Databricks adapter: Cursor(session-id=01f19042-f067-1056-bb7a-c3113bd81daa, command-id=01f19042-f0aa-1248-b295-a64ab99b7476) - Closing
[0m16:27:43.131409 [debug] [ThreadPool]: On list_opsanalytics_adb_workspace01_lab_staging: Close
[0m16:27:43.133364 [debug] [ThreadPool]: Databricks adapter: Connection(session-id=01f19042-f067-1056-bb7a-c3113bd81daa) - Closing
[0m16:27:43.274434 [debug] [MainThread]: Sending event: {'category': 'dbt', 'action': 'runnable_timing', 'label': '21d157c3-ba2a-4a7d-be32-46427356f7d8', 'context': [<snowplow_tracker.self_describing_json.SelfDescribingJson object at 0x0000020523AEDA10>]}
[0m16:27:43.297102 [debug] [Thread-3 (]: Began running node model.lab_dbt.date_filter_bronze
[0m16:27:43.298498 [info ] [Thread-3 (]: 1 of 1 START sql table model lab_staging.date_filter_bronze .................... [RUN]
[0m16:27:43.300099 [debug] [Thread-3 (]: Databricks adapter: DatabricksDBTConnection(session-id=None, name=model.lab_dbt.date_filter_bronze) - Creating connection
[0m16:27:43.301097 [debug] [Thread-3 (]: Acquiring new databricks connection 'model.lab_dbt.date_filter_bronze'
[0m16:27:43.301097 [debug] [Thread-3 (]: Began compiling node model.lab_dbt.date_filter_bronze
[0m16:27:43.310102 [debug] [Thread-3 (]: Writing injected SQL for node "model.lab_dbt.date_filter_bronze"
[0m16:27:43.313271 [debug] [Thread-3 (]: Began executing node model.lab_dbt.date_filter_bronze
[0m16:27:43.341101 [debug] [Thread-3 (]: MATERIALIZING TABLE
[0m16:27:43.386100 [debug] [Thread-3 (]: Using databricks connection "model.lab_dbt.date_filter_bronze"
[0m16:27:43.388123 [debug] [Thread-3 (]: On model.lab_dbt.date_filter_bronze: /* {"app": "dbt", "dbt_version": "1.12.0", "dbt_databricks_version": "1.12.3", "databricks_sql_connector_version": "4.3.0", "profile_name": "lab_dbt", "target_name": "dev", "invocation_id": "21d157c3-ba2a-4a7d-be32-46427356f7d8", "node_id": "model.lab_dbt.date_filter_bronze"} */
SELECT
    table_catalog,
    table_schema,
    table_name,
    filter_name,
    target_columns
  FROM `opsanalytics_adb_workspace01`.`information_schema`.`row_filters`
  WHERE table_catalog = 'opsanalytics_adb_workspace01'
    AND table_schema = 'lab_staging'
    AND table_name = 'date_filter_bronze'
[0m16:27:43.390133 [debug] [Thread-3 (]: Opening a new connection, currently in state init
[0m16:27:44.192597 [debug] [Thread-3 (]: Databricks adapter: Connection(session-id=01f19042-f2c4-14a1-afe9-47a0d3773bc3) - Created
[0m16:27:44.868276 [debug] [Thread-3 (]: SQL status: OK in 1.480 seconds
[0m16:27:44.881856 [debug] [Thread-3 (]: Databricks adapter: Cursor(session-id=01f19042-f2c4-14a1-afe9-47a0d3773bc3, command-id=01f19042-f2ef-1600-8e02-7ea2735bf1c8) - Closing
[0m16:27:44.921214 [debug] [Thread-3 (]: Writing runtime sql for node "model.lab_dbt.date_filter_bronze"
[0m16:27:44.924241 [debug] [Thread-3 (]: Using databricks connection "model.lab_dbt.date_filter_bronze"
[0m16:27:44.925221 [debug] [Thread-3 (]: On model.lab_dbt.date_filter_bronze: /* {"app": "dbt", "dbt_version": "1.12.0", "dbt_databricks_version": "1.12.3", "databricks_sql_connector_version": "4.3.0", "profile_name": "lab_dbt", "target_name": "dev", "invocation_id": "21d157c3-ba2a-4a7d-be32-46427356f7d8", "node_id": "model.lab_dbt.date_filter_bronze"} */

  
    
        create or replace table `opsanalytics_adb_workspace01`.`lab_staging`.`date_filter_bronze`
      
      
    using delta
  
      
      
      
      
      
      
      
      
      as
      with dates as (
    select explode(sequence(
        date '1990-01-01',
        date '2100-12-31',
        interval 1 day
    )) as calendar_date
),

flagged as (
    select
        d.calendar_date,
        case
            when dayofweek(d.calendar_date) in (1, 7) then 0   -- Sun=1, Sat=7
            when h.holiday_date is not null           then 0
            else 1
        end as is_working_day
    from dates d
    left join `opsanalytics_adb_workspace01`.`lab`.`mshs_holidays` h
        on d.calendar_date = h.holiday_date
)

select
    calendar_date,
    is_working_day,
    sum(is_working_day) over (order by calendar_date
        rows between unbounded preceding and current row) as bizday_index
from flagged
  
[0m16:28:01.040556 [debug] [Thread-3 (]: SQL status: OK in 16.110 seconds
[0m16:28:01.043548 [debug] [Thread-3 (]: Databricks adapter: Cursor(session-id=01f19042-f2c4-14a1-afe9-47a0d3773bc3, command-id=01f19042-f35e-1fee-b9ea-070ec59841bd) - Closing
[0m16:28:01.439690 [debug] [Thread-3 (]: Applying tags to relation None
[0m16:28:01.469469 [debug] [Thread-3 (]: On model.lab_dbt.date_filter_bronze: Close
[0m16:28:01.470521 [debug] [Thread-3 (]: Databricks adapter: Connection(session-id=01f19042-f2c4-14a1-afe9-47a0d3773bc3) - Closing
[0m16:28:01.646278 [debug] [Thread-3 (]: Sending event: {'category': 'dbt', 'action': 'run_model', 'label': '21d157c3-ba2a-4a7d-be32-46427356f7d8', 'context': [<snowplow_tracker.self_describing_json.SelfDescribingJson object at 0x0000020524693390>]}
[0m16:28:01.647640 [info ] [Thread-3 (]: 1 of 1 OK created sql table model lab_staging.date_filter_bronze ............... [[32mOK[0m in 18.34s]
[0m16:28:01.649280 [debug] [Thread-3 (]: Finished running node model.lab_dbt.date_filter_bronze
[0m16:28:01.651278 [debug] [MainThread]: Databricks adapter: DatabricksDBTConnection(session-id=None, name=master) - Creating connection
[0m16:28:01.652915 [debug] [MainThread]: Acquiring new databricks connection 'master'
[0m16:28:01.653306 [info ] [MainThread]: 
[0m16:28:01.654310 [info ] [MainThread]: Finished running 1 table model in 0 hours 0 minutes and 29.13 seconds (29.13s).
[0m16:28:01.656277 [debug] [MainThread]: Command end result
[0m16:28:01.883409 [debug] [MainThread]: Wrote artifact WritableManifest to C:\Users\tommad01\Desktop\Lab\lab_dbt\target\manifest.json
[0m16:28:01.888378 [debug] [MainThread]: Wrote artifact SemanticManifest to C:\Users\tommad01\Desktop\Lab\lab_dbt\target\semantic_manifest.json
[0m16:28:01.893466 [debug] [MainThread]: Wrote artifact OsiDocument to C:\Users\tommad01\Desktop\Lab\lab_dbt\target\osi_document.json
[0m16:28:01.901409 [debug] [MainThread]: Wrote artifact RunExecutionResult to C:\Users\tommad01\Desktop\Lab\lab_dbt\target\run_results.json
[0m16:28:01.902379 [info ] [MainThread]: 
[0m16:28:01.903376 [info ] [MainThread]: [32mCompleted successfully[0m
[0m16:28:01.904380 [info ] [MainThread]: 
[0m16:28:01.905378 [info ] [MainThread]: Done. PASS=1 WARN=0 ERROR=0 SKIP=0 NO-OP=0 REUSED=0 TOTAL=1
[0m16:28:01.907377 [debug] [MainThread]: Command `dbt run` succeeded at 16:28:01.907377 after 33.73 seconds
[0m16:28:01.908380 [debug] [MainThread]: Sending event: {'category': 'dbt', 'action': 'invocation', 'label': 'end', 'context': [<snowplow_tracker.self_describing_json.SelfDescribingJson object at 0x000002050BE01E90>, <snowplow_tracker.self_describing_json.SelfDescribingJson object at 0x000002050DD2CDD0>, <snowplow_tracker.self_describing_json.SelfDescribingJson object at 0x0000020510464890>]}
[0m16:28:01.908380 [debug] [MainThread]: Flushing usage events
[0m16:28:02.316473 [debug] [MainThread]: An error was encountered while trying to flush usage events
[0m16:30:21.802035 [debug] [MainThread]: Sending event: {'category': 'dbt', 'action': 'invocation', 'label': 'start', 'context': [<snowplow_tracker.self_describing_json.SelfDescribingJson object at 0x00000240763F9390>, <snowplow_tracker.self_describing_json.SelfDescribingJson object at 0x00000240764BE090>, <snowplow_tracker.self_describing_json.SelfDescribingJson object at 0x00000240763F7FD0>]}


============================== 16:30:21.806998 | fd995e9d-c7a7-4213-9ef2-83f13d9d2fae ==============================
[0m16:30:21.806998 [info ] [MainThread]: Running with dbt=1.12.0
[0m16:30:21.808000 [debug] [MainThread]: running dbt with arguments {'static_parser': 'True', 'no_print': 'None', 'version_check': 'True', 'warn_error_options': 'WarnErrorOptionsV2(error=[], warn=[], silence=[])', 'target_path': 'None', 'maximum_seed_size_mib': '1', 'printer_width': '80', 'write_json': 'True', 'introspect': 'True', 'log_cache_events': 'False', 'empty': 'False', 'cache_selected_only': 'False', 'fail_fast': 'False', 'debug': 'False', 'log_format': 'default', 'profiles_dir': 'C:\\Users\\tommad01\\.dbt', 'send_anonymous_usage_stats': 'True', 'quiet': 'False', 'warn_error': 'None', 'partial_parse': 'True', 'indirect_selection': 'eager', 'hints_enabled': 'True', 'use_colors': 'True', 'use_experimental_parser': 'False', 'invocation_command': 'dbt run --select powerpath_cyto_biopsy_bronze', 'log_path': 'C:\\Users\\tommad01\\Desktop\\Lab\\lab_dbt\\logs'}
[0m16:30:23.445084 [debug] [MainThread]: Spark adapter: Setting pyhive.hive logging to ERROR
[0m16:30:23.446083 [debug] [MainThread]: Spark adapter: Setting thrift.transport logging to ERROR
[0m16:30:23.448086 [debug] [MainThread]: Spark adapter: Setting thrift.protocol logging to ERROR
[0m16:30:24.848449 [debug] [MainThread]: Sending event: {'category': 'dbt', 'action': 'project_id', 'label': 'fd995e9d-c7a7-4213-9ef2-83f13d9d2fae', 'context': [<snowplow_tracker.self_describing_json.SelfDescribingJson object at 0x000002400A2A0310>]}
[0m16:30:24.938418 [debug] [MainThread]: Sending event: {'category': 'dbt', 'action': 'adapter_info', 'label': 'fd995e9d-c7a7-4213-9ef2-83f13d9d2fae', 'context': [<snowplow_tracker.self_describing_json.SelfDescribingJson object at 0x0000024076497690>]}
[0m16:30:24.940417 [info ] [MainThread]: Registered adapter: databricks=1.12.3
[0m16:30:25.705029 [debug] [MainThread]: checksum: b154c3494314c7223c912bef68d7678b521a9d4ab83524a76084633bd437b3da, vars: {}, profile: lab_dbt, target: dev, version: 1.12.0
[0m16:30:25.955064 [debug] [MainThread]: Partial parsing enabled: 0 files deleted, 0 files added, 0 files changed.
[0m16:30:25.956066 [debug] [MainThread]: Nothing changed, skipping partial parsing.
[0m16:30:25.956647 [debug] [MainThread]: Partial parsing enabled, no changes found, skipping parsing
[0m16:30:25.965065 [warn ] [MainThread]: [[33mWARNING[0m]: Configuration paths exist in your dbt_project.yml file which do not apply to any resources.
There are 1 unused configuration paths:
- models.lab_dbt.gold
[0m16:30:25.971063 [debug] [MainThread]: Sending event: {'category': 'dbt', 'action': 'load_project', 'label': 'fd995e9d-c7a7-4213-9ef2-83f13d9d2fae', 'context': [<snowplow_tracker.self_describing_json.SelfDescribingJson object at 0x000002400A75B750>]}
[0m16:30:26.146107 [debug] [MainThread]: Wrote artifact WritableManifest to C:\Users\tommad01\Desktop\Lab\lab_dbt\target\manifest.json
[0m16:30:26.151076 [debug] [MainThread]: Wrote artifact SemanticManifest to C:\Users\tommad01\Desktop\Lab\lab_dbt\target\semantic_manifest.json
[0m16:30:26.187049 [debug] [MainThread]: Wrote artifact OsiDocument to C:\Users\tommad01\Desktop\Lab\lab_dbt\target\osi_document.json
[0m16:30:26.205403 [debug] [MainThread]: Sending event: {'category': 'dbt', 'action': 'resource_counts', 'label': 'fd995e9d-c7a7-4213-9ef2-83f13d9d2fae', 'context': [<snowplow_tracker.self_describing_json.SelfDescribingJson object at 0x000002400A791990>]}
[0m16:30:26.206051 [info ] [MainThread]: Found 3 models, 3 sources, 774 macros
[0m16:30:26.207049 [debug] [MainThread]: Sending event: {'category': 'dbt', 'action': 'runnable_timing', 'label': 'fd995e9d-c7a7-4213-9ef2-83f13d9d2fae', 'context': [<snowplow_tracker.self_describing_json.SelfDescribingJson object at 0x000002400A6D3710>]}
[0m16:30:26.209049 [info ] [MainThread]: 
[0m16:30:26.210048 [info ] [MainThread]: Concurrency: 4 threads (target='dev')
[0m16:30:26.210048 [info ] [MainThread]: 
[0m16:30:26.211048 [debug] [MainThread]: Databricks adapter: DatabricksDBTConnection(session-id=None, name=master) - Creating connection
[0m16:30:26.212049 [debug] [MainThread]: Acquiring new databricks connection 'master'
[0m16:30:26.216049 [debug] [ThreadPool]: Databricks adapter: DatabricksDBTConnection(session-id=None, name=list_opsanalytics_adb_workspace01) - Creating connection
[0m16:30:26.216049 [debug] [ThreadPool]: Acquiring new databricks connection 'list_opsanalytics_adb_workspace01'
[0m16:30:26.233148 [debug] [ThreadPool]: Using databricks connection "list_opsanalytics_adb_workspace01"
[0m16:30:26.233148 [debug] [ThreadPool]: On list_opsanalytics_adb_workspace01: /* {"app": "dbt", "dbt_version": "1.12.0", "dbt_databricks_version": "1.12.3", "databricks_sql_connector_version": "4.3.0", "profile_name": "lab_dbt", "target_name": "dev", "invocation_id": "fd995e9d-c7a7-4213-9ef2-83f13d9d2fae", "connection_name": "list_opsanalytics_adb_workspace01"} */

    

  SHOW SCHEMAS IN `opsanalytics_adb_workspace01`


  
[0m16:30:26.234051 [debug] [ThreadPool]: Opening a new connection, currently in state init
[0m16:30:27.856891 [debug] [ThreadPool]: Databricks adapter: Connection(session-id=01f19043-5439-110e-bf17-0d0d60fc14c3) - Created
[0m16:30:28.230042 [debug] [ThreadPool]: SQL status: OK in 2.000 seconds
[0m16:30:28.239042 [debug] [ThreadPool]: Databricks adapter: Cursor(session-id=01f19043-5439-110e-bf17-0d0d60fc14c3, command-id=01f19043-547b-1222-8ccd-c98eccc2357b) - Closing
[0m16:30:28.239698 [debug] [ThreadPool]: On list_opsanalytics_adb_workspace01: Close
[0m16:30:28.240042 [debug] [ThreadPool]: Databricks adapter: Connection(session-id=01f19043-5439-110e-bf17-0d0d60fc14c3) - Closing
[0m16:30:28.376250 [debug] [ThreadPool]: Databricks adapter: DatabricksDBTConnection(session-id=None, name=list_opsanalytics_adb_workspace01_lab_staging) - Creating connection
[0m16:30:28.377251 [debug] [ThreadPool]: Acquiring new databricks connection 'list_opsanalytics_adb_workspace01_lab_staging'
[0m16:30:28.382280 [debug] [ThreadPool]: Using databricks connection "list_opsanalytics_adb_workspace01_lab_staging"
[0m16:30:28.382280 [debug] [ThreadPool]: On list_opsanalytics_adb_workspace01_lab_staging: /* {"app": "dbt", "dbt_version": "1.12.0", "dbt_databricks_version": "1.12.3", "databricks_sql_connector_version": "4.3.0", "profile_name": "lab_dbt", "target_name": "dev", "invocation_id": "fd995e9d-c7a7-4213-9ef2-83f13d9d2fae", "connection_name": "list_opsanalytics_adb_workspace01_lab_staging"} */

    
SELECT
  table_name,
  if(table_type IN ('EXTERNAL', 'MANAGED', 'MANAGED_SHALLOW_CLONE', 'EXTERNAL_SHALLOW_CLONE'), 'table', lower(table_type)) AS table_type,
  lower(data_source_format) AS file_format,
  table_owner,
  if(
    table_type IN (
      'EXTERNAL',
      'MANAGED',
      'MANAGED_SHALLOW_CLONE',
      'EXTERNAL_SHALLOW_CLONE'
    ),
    lower(table_type),
    NULL
  ) AS databricks_table_type
FROM `system`.`information_schema`.`tables`
WHERE table_catalog = 'opsanalytics_adb_workspace01'
  AND table_schema = 'lab_staging'

  
[0m16:30:28.383665 [debug] [ThreadPool]: Opening a new connection, currently in state init
[0m16:30:29.637412 [debug] [ThreadPool]: Databricks adapter: Connection(session-id=01f19043-554b-1fc7-ad0e-dd0707d4445f) - Created
[0m16:30:31.105420 [debug] [ThreadPool]: SQL status: OK in 2.720 seconds
[0m16:30:31.110406 [debug] [ThreadPool]: Databricks adapter: Cursor(session-id=01f19043-554b-1fc7-ad0e-dd0707d4445f, command-id=01f19043-558c-1c10-909f-55f0245a54fb) - Closing
[0m16:30:31.111864 [debug] [ThreadPool]: On list_opsanalytics_adb_workspace01_lab_staging: Close
[0m16:30:31.113403 [debug] [ThreadPool]: Databricks adapter: Connection(session-id=01f19043-554b-1fc7-ad0e-dd0707d4445f) - Closing
[0m16:30:31.266426 [debug] [MainThread]: Sending event: {'category': 'dbt', 'action': 'runnable_timing', 'label': 'fd995e9d-c7a7-4213-9ef2-83f13d9d2fae', 'context': [<snowplow_tracker.self_describing_json.SelfDescribingJson object at 0x000002400A683F90>]}
[0m16:30:31.276407 [debug] [Thread-3 (]: Began running node model.lab_dbt.powerpath_cyto_biopsy_bronze
[0m16:30:31.278404 [info ] [Thread-3 (]: 1 of 1 START sql table model lab_staging.powerpath_cyto_biopsy_bronze .......... [RUN]
[0m16:30:31.279414 [debug] [Thread-3 (]: Databricks adapter: DatabricksDBTConnection(session-id=None, name=model.lab_dbt.powerpath_cyto_biopsy_bronze) - Creating connection
[0m16:30:31.281406 [debug] [Thread-3 (]: Acquiring new databricks connection 'model.lab_dbt.powerpath_cyto_biopsy_bronze'
[0m16:30:31.282794 [debug] [Thread-3 (]: Began compiling node model.lab_dbt.powerpath_cyto_biopsy_bronze
[0m16:30:31.296404 [debug] [Thread-3 (]: Writing injected SQL for node "model.lab_dbt.powerpath_cyto_biopsy_bronze"
[0m16:30:31.300405 [debug] [Thread-3 (]: Began executing node model.lab_dbt.powerpath_cyto_biopsy_bronze
[0m16:30:31.340406 [debug] [Thread-3 (]: MATERIALIZING TABLE
[0m16:30:31.411822 [debug] [Thread-3 (]: Using databricks connection "model.lab_dbt.powerpath_cyto_biopsy_bronze"
[0m16:30:31.414767 [debug] [Thread-3 (]: On model.lab_dbt.powerpath_cyto_biopsy_bronze: /* {"app": "dbt", "dbt_version": "1.12.0", "dbt_databricks_version": "1.12.3", "databricks_sql_connector_version": "4.3.0", "profile_name": "lab_dbt", "target_name": "dev", "invocation_id": "fd995e9d-c7a7-4213-9ef2-83f13d9d2fae", "node_id": "model.lab_dbt.powerpath_cyto_biopsy_bronze"} */
SELECT
    table_catalog,
    table_schema,
    table_name,
    filter_name,
    target_columns
  FROM `opsanalytics_adb_workspace01`.`information_schema`.`row_filters`
  WHERE table_catalog = 'opsanalytics_adb_workspace01'
    AND table_schema = 'lab_staging'
    AND table_name = 'powerpath_cyto_biopsy_bronze'
[0m16:30:31.417768 [debug] [Thread-3 (]: Opening a new connection, currently in state init
[0m16:30:32.644645 [debug] [Thread-3 (]: Databricks adapter: Connection(session-id=01f19043-5729-1490-82d3-9ebec73bdae2) - Created
[0m16:30:33.169115 [debug] [Thread-3 (]: SQL status: OK in 1.750 seconds
[0m16:30:33.174117 [debug] [Thread-3 (]: Databricks adapter: Cursor(session-id=01f19043-5729-1490-82d3-9ebec73bdae2, command-id=01f19043-5755-1d52-8eef-eef812169a91) - Closing
[0m16:30:33.213115 [debug] [Thread-3 (]: Writing runtime sql for node "model.lab_dbt.powerpath_cyto_biopsy_bronze"
[0m16:30:33.218198 [debug] [Thread-3 (]: Using databricks connection "model.lab_dbt.powerpath_cyto_biopsy_bronze"
[0m16:30:33.219115 [debug] [Thread-3 (]: On model.lab_dbt.powerpath_cyto_biopsy_bronze: /* {"app": "dbt", "dbt_version": "1.12.0", "dbt_databricks_version": "1.12.3", "databricks_sql_connector_version": "4.3.0", "profile_name": "lab_dbt", "target_name": "dev", "invocation_id": "fd995e9d-c7a7-4213-9ef2-83f13d9d2fae", "node_id": "model.lab_dbt.powerpath_cyto_biopsy_bronze"} */

  
    
        create or replace table `opsanalytics_adb_workspace01`.`lab_staging`.`powerpath_cyto_biopsy_bronze`
      
      
    using delta
  
      
      
      
      
      
      
      
      
      as
      select
    c.*,
    ps.PATIENT_SETTING
from `opsanalytics_adb_workspace01`.`lab`.`powerpath_raw` c
left join `opsanalytics_adb_workspace01`.`lab`.`lab_kpi_ap_patient_setting` ps
    on c.Rev_ctr = ps.REV_CTR
  
[0m16:30:40.873293 [debug] [Thread-3 (]: SQL status: OK in 7.650 seconds
[0m16:30:40.874659 [debug] [Thread-3 (]: Databricks adapter: Cursor(session-id=01f19043-5729-1490-82d3-9ebec73bdae2, command-id=01f19043-57b1-13fb-927c-9b785d1b2d24) - Closing
[0m16:30:41.233894 [debug] [Thread-3 (]: Applying tags to relation None
[0m16:30:41.253894 [debug] [Thread-3 (]: On model.lab_dbt.powerpath_cyto_biopsy_bronze: Close
[0m16:30:41.253894 [debug] [Thread-3 (]: Databricks adapter: Connection(session-id=01f19043-5729-1490-82d3-9ebec73bdae2) - Closing
[0m16:30:41.582307 [debug] [Thread-3 (]: Sending event: {'category': 'dbt', 'action': 'run_model', 'label': 'fd995e9d-c7a7-4213-9ef2-83f13d9d2fae', 'context': [<snowplow_tracker.self_describing_json.SelfDescribingJson object at 0x000002400AC233D0>]}
[0m16:30:41.583338 [info ] [Thread-3 (]: 1 of 1 OK created sql table model lab_staging.powerpath_cyto_biopsy_bronze ..... [[32mOK[0m in 10.30s]
[0m16:30:41.584336 [debug] [Thread-3 (]: Finished running node model.lab_dbt.powerpath_cyto_biopsy_bronze
[0m16:30:41.586306 [debug] [MainThread]: Databricks adapter: DatabricksDBTConnection(session-id=None, name=master) - Creating connection
[0m16:30:41.587517 [debug] [MainThread]: Acquiring new databricks connection 'master'
[0m16:30:41.588308 [info ] [MainThread]: 
[0m16:30:41.589338 [info ] [MainThread]: Finished running 1 table model in 0 hours 0 minutes and 15.38 seconds (15.38s).
[0m16:30:41.590306 [debug] [MainThread]: Command end result
[0m16:30:41.820593 [debug] [MainThread]: Wrote artifact WritableManifest to C:\Users\tommad01\Desktop\Lab\lab_dbt\target\manifest.json
[0m16:30:41.826594 [debug] [MainThread]: Wrote artifact SemanticManifest to C:\Users\tommad01\Desktop\Lab\lab_dbt\target\semantic_manifest.json
[0m16:30:41.831594 [debug] [MainThread]: Wrote artifact OsiDocument to C:\Users\tommad01\Desktop\Lab\lab_dbt\target\osi_document.json
[0m16:30:41.840594 [debug] [MainThread]: Wrote artifact RunExecutionResult to C:\Users\tommad01\Desktop\Lab\lab_dbt\target\run_results.json
[0m16:30:41.841600 [info ] [MainThread]: 
[0m16:30:41.843596 [info ] [MainThread]: [32mCompleted successfully[0m
[0m16:30:41.844621 [info ] [MainThread]: 
[0m16:30:41.845595 [info ] [MainThread]: Done. PASS=1 WARN=0 ERROR=0 SKIP=0 NO-OP=0 REUSED=0 TOTAL=1
[0m16:30:41.847596 [debug] [MainThread]: Command `dbt run` succeeded at 16:30:41.847596 after 20.17 seconds
[0m16:30:41.848595 [debug] [MainThread]: Sending event: {'category': 'dbt', 'action': 'invocation', 'label': 'end', 'context': [<snowplow_tracker.self_describing_json.SelfDescribingJson object at 0x000002407632A150>, <snowplow_tracker.self_describing_json.SelfDescribingJson object at 0x0000024075D08410>, <snowplow_tracker.self_describing_json.SelfDescribingJson object at 0x0000024071D5EFD0>]}
[0m16:30:41.848595 [debug] [MainThread]: Flushing usage events
[0m16:30:42.341407 [debug] [MainThread]: An error was encountered while trying to flush usage events
[0m16:31:33.045302 [debug] [MainThread]: Sending event: {'category': 'dbt', 'action': 'invocation', 'label': 'start', 'context': [<snowplow_tracker.self_describing_json.SelfDescribingJson object at 0x0000017732B7F710>, <snowplow_tracker.self_describing_json.SelfDescribingJson object at 0x0000017732AB7FD0>, <snowplow_tracker.self_describing_json.SelfDescribingJson object at 0x00000177329F9690>]}


============================== 16:31:33.049268 | bf8d9ad4-4363-42f1-9f80-70cea3d9ae1a ==============================
[0m16:31:33.049268 [info ] [MainThread]: Running with dbt=1.12.0
[0m16:31:33.051269 [debug] [MainThread]: running dbt with arguments {'version_check': 'True', 'no_print': 'None', 'maximum_seed_size_mib': '1', 'warn_error_options': 'WarnErrorOptionsV2(error=[], warn=[], silence=[])', 'target_path': 'None', 'static_parser': 'True', 'printer_width': '80', 'write_json': 'True', 'introspect': 'True', 'log_cache_events': 'False', 'empty': 'False', 'cache_selected_only': 'False', 'log_format': 'default', 'debug': 'False', 'fail_fast': 'False', 'partial_parse': 'True', 'send_anonymous_usage_stats': 'True', 'quiet': 'False', 'warn_error': 'None', 'profiles_dir': 'C:\\Users\\tommad01\\.dbt', 'indirect_selection': 'eager', 'hints_enabled': 'True', 'use_colors': 'True', 'use_experimental_parser': 'False', 'invocation_command': 'dbt run --select powerpath_cyto_biopsy_sliverv2', 'log_path': 'C:\\Users\\tommad01\\Desktop\\Lab\\lab_dbt\\logs'}
[0m16:31:34.585720 [debug] [MainThread]: Spark adapter: Setting pyhive.hive logging to ERROR
[0m16:31:34.586806 [debug] [MainThread]: Spark adapter: Setting thrift.transport logging to ERROR
[0m16:31:34.587719 [debug] [MainThread]: Spark adapter: Setting thrift.protocol logging to ERROR
[0m16:31:35.876008 [debug] [MainThread]: Sending event: {'category': 'dbt', 'action': 'project_id', 'label': 'bf8d9ad4-4363-42f1-9f80-70cea3d9ae1a', 'context': [<snowplow_tracker.self_describing_json.SelfDescribingJson object at 0x0000017746950F90>]}
[0m16:31:35.943026 [debug] [MainThread]: Sending event: {'category': 'dbt', 'action': 'adapter_info', 'label': 'bf8d9ad4-4363-42f1-9f80-70cea3d9ae1a', 'context': [<snowplow_tracker.self_describing_json.SelfDescribingJson object at 0x0000017732B57710>]}
[0m16:31:35.944994 [info ] [MainThread]: Registered adapter: databricks=1.12.3
[0m16:31:36.687495 [debug] [MainThread]: checksum: b154c3494314c7223c912bef68d7678b521a9d4ab83524a76084633bd437b3da, vars: {}, profile: lab_dbt, target: dev, version: 1.12.0
[0m16:31:36.943834 [debug] [MainThread]: Partial parsing enabled: 0 files deleted, 0 files added, 0 files changed.
[0m16:31:36.944834 [debug] [MainThread]: Nothing changed, skipping partial parsing.
[0m16:31:36.945040 [debug] [MainThread]: Partial parsing enabled, no changes found, skipping parsing
[0m16:31:36.953870 [warn ] [MainThread]: [[33mWARNING[0m]: Configuration paths exist in your dbt_project.yml file which do not apply to any resources.
There are 1 unused configuration paths:
- models.lab_dbt.gold
[0m16:31:36.959034 [debug] [MainThread]: Sending event: {'category': 'dbt', 'action': 'load_project', 'label': 'bf8d9ad4-4363-42f1-9f80-70cea3d9ae1a', 'context': [<snowplow_tracker.self_describing_json.SelfDescribingJson object at 0x00000177469C3810>]}
[0m16:31:37.132519 [debug] [MainThread]: Wrote artifact WritableManifest to C:\Users\tommad01\Desktop\Lab\lab_dbt\target\manifest.json
[0m16:31:37.138066 [debug] [MainThread]: Wrote artifact SemanticManifest to C:\Users\tommad01\Desktop\Lab\lab_dbt\target\semantic_manifest.json
[0m16:31:37.172040 [debug] [MainThread]: Wrote artifact OsiDocument to C:\Users\tommad01\Desktop\Lab\lab_dbt\target\osi_document.json
[0m16:31:37.186040 [debug] [MainThread]: Sending event: {'category': 'dbt', 'action': 'resource_counts', 'label': 'bf8d9ad4-4363-42f1-9f80-70cea3d9ae1a', 'context': [<snowplow_tracker.self_describing_json.SelfDescribingJson object at 0x0000017746D29110>]}
[0m16:31:37.187040 [info ] [MainThread]: Found 3 models, 3 sources, 774 macros
[0m16:31:37.188041 [debug] [MainThread]: Sending event: {'category': 'dbt', 'action': 'runnable_timing', 'label': 'bf8d9ad4-4363-42f1-9f80-70cea3d9ae1a', 'context': [<snowplow_tracker.self_describing_json.SelfDescribingJson object at 0x0000017746950710>]}
[0m16:31:37.189040 [warn ] [MainThread]: [[33mWARNING[0m]: The selection criterion 'powerpath_cyto_biopsy_sliverv2' does not match any enabled nodes
[0m16:31:37.191040 [warn ] [MainThread]: [[33mWARNING[0m]: Nothing to do. Try checking your model configs and model specification args
[0m16:31:37.194040 [debug] [MainThread]: Command end result
[0m16:31:37.262041 [debug] [MainThread]: Wrote artifact WritableManifest to C:\Users\tommad01\Desktop\Lab\lab_dbt\target\manifest.json
[0m16:31:37.266110 [debug] [MainThread]: Wrote artifact SemanticManifest to C:\Users\tommad01\Desktop\Lab\lab_dbt\target\semantic_manifest.json
[0m16:31:37.271039 [debug] [MainThread]: Wrote artifact OsiDocument to C:\Users\tommad01\Desktop\Lab\lab_dbt\target\osi_document.json
[0m16:31:37.276040 [debug] [MainThread]: Wrote artifact RunExecutionResult to C:\Users\tommad01\Desktop\Lab\lab_dbt\target\run_results.json
[0m16:31:37.277042 [debug] [MainThread]: Command `dbt run` succeeded at 16:31:37.277042 after 4.36 seconds
[0m16:31:37.278040 [debug] [MainThread]: Sending event: {'category': 'dbt', 'action': 'invocation', 'label': 'end', 'context': [<snowplow_tracker.self_describing_json.SelfDescribingJson object at 0x0000017732BB7FD0>, <snowplow_tracker.self_describing_json.SelfDescribingJson object at 0x0000017732AA4550>, <snowplow_tracker.self_describing_json.SelfDescribingJson object at 0x0000017735633050>]}
[0m16:31:37.279042 [debug] [MainThread]: Flushing usage events
[0m16:31:37.584578 [debug] [MainThread]: An error was encountered while trying to flush usage events
[0m16:55:53.902682 [debug] [MainThread]: Sending event: {'category': 'dbt', 'action': 'invocation', 'label': 'start', 'context': [<snowplow_tracker.self_describing_json.SelfDescribingJson object at 0x0000024B8B3B9190>, <snowplow_tracker.self_describing_json.SelfDescribingJson object at 0x0000024B8B2F9810>, <snowplow_tracker.self_describing_json.SelfDescribingJson object at 0x0000024B8B3B9390>]}


============================== 16:55:53.908850 | a27c5594-7ef9-4259-90f1-7d9416fc6810 ==============================
[0m16:55:53.908850 [info ] [MainThread]: Running with dbt=1.12.0
[0m16:55:53.910005 [debug] [MainThread]: running dbt with arguments {'static_parser': 'True', 'no_print': 'None', 'maximum_seed_size_mib': '1', 'warn_error_options': 'WarnErrorOptionsV2(error=[], warn=[], silence=[])', 'target_path': 'None', 'version_check': 'True', 'printer_width': '80', 'write_json': 'True', 'introspect': 'True', 'log_cache_events': 'False', 'empty': 'False', 'cache_selected_only': 'False', 'log_format': 'default', 'debug': 'False', 'fail_fast': 'False', 'partial_parse': 'True', 'send_anonymous_usage_stats': 'True', 'quiet': 'False', 'warn_error': 'None', 'profiles_dir': 'C:\\Users\\tommad01\\.dbt', 'invocation_command': 'dbt run', 'hints_enabled': 'True', 'indirect_selection': 'eager', 'use_experimental_parser': 'False', 'use_colors': 'True', 'log_path': 'C:\\Users\\tommad01\\Desktop\\Lab\\lab_dbt\\logs'}
[0m16:55:55.606342 [debug] [MainThread]: Spark adapter: Setting pyhive.hive logging to ERROR
[0m16:55:55.608344 [debug] [MainThread]: Spark adapter: Setting thrift.transport logging to ERROR
[0m16:55:55.609346 [debug] [MainThread]: Spark adapter: Setting thrift.protocol logging to ERROR
[0m16:55:57.297329 [debug] [MainThread]: Sending event: {'category': 'dbt', 'action': 'project_id', 'label': 'a27c5594-7ef9-4259-90f1-7d9416fc6810', 'context': [<snowplow_tracker.self_describing_json.SelfDescribingJson object at 0x0000024B9F295650>]}
[0m16:55:57.369330 [debug] [MainThread]: Sending event: {'category': 'dbt', 'action': 'adapter_info', 'label': 'a27c5594-7ef9-4259-90f1-7d9416fc6810', 'context': [<snowplow_tracker.self_describing_json.SelfDescribingJson object at 0x0000024B8B457710>]}
[0m16:55:57.370734 [info ] [MainThread]: Registered adapter: databricks=1.12.3
[0m16:55:58.124232 [debug] [MainThread]: checksum: b154c3494314c7223c912bef68d7678b521a9d4ab83524a76084633bd437b3da, vars: {}, profile: lab_dbt, target: dev, version: 1.12.0
[0m16:55:58.398484 [debug] [MainThread]: Partial parsing enabled: 0 files deleted, 0 files added, 0 files changed.
[0m16:55:58.399485 [debug] [MainThread]: Nothing changed, skipping partial parsing.
[0m16:55:58.400522 [debug] [MainThread]: Partial parsing enabled, no changes found, skipping parsing
[0m16:55:58.409484 [warn ] [MainThread]: [[33mWARNING[0m]: Configuration paths exist in your dbt_project.yml file which do not apply to any resources.
There are 1 unused configuration paths:
- models.lab_dbt.gold
[0m16:55:58.416532 [debug] [MainThread]: Sending event: {'category': 'dbt', 'action': 'load_project', 'label': 'a27c5594-7ef9-4259-90f1-7d9416fc6810', 'context': [<snowplow_tracker.self_describing_json.SelfDescribingJson object at 0x0000024B9F682310>]}
[0m16:55:58.597645 [debug] [MainThread]: Wrote artifact WritableManifest to C:\Users\tommad01\Desktop\Lab\lab_dbt\target\manifest.json
[0m16:55:58.603793 [debug] [MainThread]: Wrote artifact SemanticManifest to C:\Users\tommad01\Desktop\Lab\lab_dbt\target\semantic_manifest.json
[0m16:55:58.649081 [debug] [MainThread]: Wrote artifact OsiDocument to C:\Users\tommad01\Desktop\Lab\lab_dbt\target\osi_document.json
[0m16:55:58.668492 [debug] [MainThread]: Sending event: {'category': 'dbt', 'action': 'resource_counts', 'label': 'a27c5594-7ef9-4259-90f1-7d9416fc6810', 'context': [<snowplow_tracker.self_describing_json.SelfDescribingJson object at 0x0000024B9F5BE7D0>]}
[0m16:55:58.669471 [info ] [MainThread]: Found 3 models, 4 sources, 774 macros
[0m16:55:58.669471 [debug] [MainThread]: Sending event: {'category': 'dbt', 'action': 'runnable_timing', 'label': 'a27c5594-7ef9-4259-90f1-7d9416fc6810', 'context': [<snowplow_tracker.self_describing_json.SelfDescribingJson object at 0x0000024B9F2B1690>]}
[0m16:55:58.671469 [info ] [MainThread]: 
[0m16:55:58.672912 [info ] [MainThread]: Concurrency: 4 threads (target='dev')
[0m16:55:58.673858 [info ] [MainThread]: 
[0m16:55:58.674825 [debug] [MainThread]: Databricks adapter: DatabricksDBTConnection(session-id=None, name=master) - Creating connection
[0m16:55:58.674825 [debug] [MainThread]: Acquiring new databricks connection 'master'
[0m16:55:58.685498 [debug] [ThreadPool]: Databricks adapter: DatabricksDBTConnection(session-id=None, name=list_opsanalytics_adb_workspace01) - Creating connection
[0m16:55:58.685856 [debug] [ThreadPool]: Acquiring new databricks connection 'list_opsanalytics_adb_workspace01'
[0m16:55:58.700824 [debug] [ThreadPool]: Using databricks connection "list_opsanalytics_adb_workspace01"
[0m16:55:58.701825 [debug] [ThreadPool]: On list_opsanalytics_adb_workspace01: /* {"app": "dbt", "dbt_version": "1.12.0", "dbt_databricks_version": "1.12.3", "databricks_sql_connector_version": "4.3.0", "profile_name": "lab_dbt", "target_name": "dev", "invocation_id": "a27c5594-7ef9-4259-90f1-7d9416fc6810", "connection_name": "list_opsanalytics_adb_workspace01"} */

    

  SHOW SCHEMAS IN `opsanalytics_adb_workspace01`


  
[0m16:55:58.703058 [debug] [ThreadPool]: Opening a new connection, currently in state init
[0m16:56:00.685517 [debug] [ThreadPool]: Databricks adapter: Connection(session-id=01f19046-e5d8-13e6-b4c0-45e9c6c1d270) - Created
[0m16:56:01.116485 [debug] [ThreadPool]: SQL status: OK in 2.410 seconds
[0m16:56:01.143594 [debug] [ThreadPool]: Databricks adapter: Cursor(session-id=01f19046-e5d8-13e6-b4c0-45e9c6c1d270, command-id=01f19046-e621-1479-877f-580aad02385f) - Closing
[0m16:56:01.144484 [debug] [ThreadPool]: On list_opsanalytics_adb_workspace01: Close
[0m16:56:01.145485 [debug] [ThreadPool]: Databricks adapter: Connection(session-id=01f19046-e5d8-13e6-b4c0-45e9c6c1d270) - Closing
[0m16:56:01.275488 [debug] [ThreadPool]: Databricks adapter: DatabricksDBTConnection(session-id=None, name=list_opsanalytics_adb_workspace01_lab_staging) - Creating connection
[0m16:56:01.277492 [debug] [ThreadPool]: Acquiring new databricks connection 'list_opsanalytics_adb_workspace01_lab_staging'
[0m16:56:01.287486 [debug] [ThreadPool]: Using databricks connection "list_opsanalytics_adb_workspace01_lab_staging"
[0m16:56:01.289485 [debug] [ThreadPool]: On list_opsanalytics_adb_workspace01_lab_staging: /* {"app": "dbt", "dbt_version": "1.12.0", "dbt_databricks_version": "1.12.3", "databricks_sql_connector_version": "4.3.0", "profile_name": "lab_dbt", "target_name": "dev", "invocation_id": "a27c5594-7ef9-4259-90f1-7d9416fc6810", "connection_name": "list_opsanalytics_adb_workspace01_lab_staging"} */

    
SELECT
  table_name,
  if(table_type IN ('EXTERNAL', 'MANAGED', 'MANAGED_SHALLOW_CLONE', 'EXTERNAL_SHALLOW_CLONE'), 'table', lower(table_type)) AS table_type,
  lower(data_source_format) AS file_format,
  table_owner,
  if(
    table_type IN (
      'EXTERNAL',
      'MANAGED',
      'MANAGED_SHALLOW_CLONE',
      'EXTERNAL_SHALLOW_CLONE'
    ),
    lower(table_type),
    NULL
  ) AS databricks_table_type
FROM `system`.`information_schema`.`tables`
WHERE table_catalog = 'opsanalytics_adb_workspace01'
  AND table_schema = 'lab_staging'

  
[0m16:56:01.290485 [debug] [ThreadPool]: Opening a new connection, currently in state init
[0m16:56:02.193523 [debug] [ThreadPool]: Databricks adapter: Connection(session-id=01f19046-e6d7-1960-9ded-188d8d50c6c4) - Created
[0m16:56:02.819475 [debug] [ThreadPool]: SQL status: OK in 1.530 seconds
[0m16:56:02.834254 [debug] [ThreadPool]: Databricks adapter: Cursor(session-id=01f19046-e6d7-1960-9ded-188d8d50c6c4, command-id=01f19046-e708-11c9-8fe4-d2eeaad207e5) - Closing
[0m16:56:02.835386 [debug] [ThreadPool]: On list_opsanalytics_adb_workspace01_lab_staging: Close
[0m16:56:02.836252 [debug] [ThreadPool]: Databricks adapter: Connection(session-id=01f19046-e6d7-1960-9ded-188d8d50c6c4) - Closing
[0m16:56:03.112197 [debug] [MainThread]: Sending event: {'category': 'dbt', 'action': 'runnable_timing', 'label': 'a27c5594-7ef9-4259-90f1-7d9416fc6810', 'context': [<snowplow_tracker.self_describing_json.SelfDescribingJson object at 0x0000024B86B6CC50>]}
[0m16:56:03.128198 [debug] [Thread-3 (]: Began running node model.lab_dbt.date_filter_bronze
[0m16:56:03.130276 [debug] [Thread-4 (]: Began running node model.lab_dbt.powerpath_cyto_biopsy_bronze
[0m16:56:03.132304 [info ] [Thread-3 (]: 1 of 3 START sql table model lab_staging.date_filter_bronze .................... [RUN]
[0m16:56:03.134412 [info ] [Thread-4 (]: 2 of 3 START sql table model lab_staging.powerpath_cyto_biopsy_bronze .......... [RUN]
[0m16:56:03.136200 [debug] [Thread-3 (]: Databricks adapter: DatabricksDBTConnection(session-id=None, name=model.lab_dbt.date_filter_bronze) - Creating connection
[0m16:56:03.138196 [debug] [Thread-4 (]: Databricks adapter: DatabricksDBTConnection(session-id=None, name=model.lab_dbt.powerpath_cyto_biopsy_bronze) - Creating connection
[0m16:56:03.140197 [debug] [Thread-3 (]: Acquiring new databricks connection 'model.lab_dbt.date_filter_bronze'
[0m16:56:03.142196 [debug] [Thread-4 (]: Acquiring new databricks connection 'model.lab_dbt.powerpath_cyto_biopsy_bronze'
[0m16:56:03.143388 [debug] [Thread-3 (]: Began compiling node model.lab_dbt.date_filter_bronze
[0m16:56:03.146205 [debug] [Thread-4 (]: Began compiling node model.lab_dbt.powerpath_cyto_biopsy_bronze
[0m16:56:03.163413 [debug] [Thread-3 (]: Writing injected SQL for node "model.lab_dbt.date_filter_bronze"
[0m16:56:03.168195 [debug] [Thread-4 (]: Writing injected SQL for node "model.lab_dbt.powerpath_cyto_biopsy_bronze"
[0m16:56:03.172297 [debug] [Thread-3 (]: Began executing node model.lab_dbt.date_filter_bronze
[0m16:56:03.173228 [debug] [Thread-4 (]: Began executing node model.lab_dbt.powerpath_cyto_biopsy_bronze
[0m16:56:03.207538 [debug] [Thread-3 (]: MATERIALIZING TABLE
[0m16:56:03.213666 [debug] [Thread-4 (]: MATERIALIZING TABLE
[0m16:56:03.298649 [debug] [Thread-4 (]: Using databricks connection "model.lab_dbt.powerpath_cyto_biopsy_bronze"
[0m16:56:03.303500 [debug] [Thread-3 (]: Using databricks connection "model.lab_dbt.date_filter_bronze"
[0m16:56:03.305501 [debug] [Thread-4 (]: On model.lab_dbt.powerpath_cyto_biopsy_bronze: /* {"app": "dbt", "dbt_version": "1.12.0", "dbt_databricks_version": "1.12.3", "databricks_sql_connector_version": "4.3.0", "profile_name": "lab_dbt", "target_name": "dev", "invocation_id": "a27c5594-7ef9-4259-90f1-7d9416fc6810", "node_id": "model.lab_dbt.powerpath_cyto_biopsy_bronze"} */
SELECT
    table_catalog,
    table_schema,
    table_name,
    filter_name,
    target_columns
  FROM `opsanalytics_adb_workspace01`.`information_schema`.`row_filters`
  WHERE table_catalog = 'opsanalytics_adb_workspace01'
    AND table_schema = 'lab_staging'
    AND table_name = 'powerpath_cyto_biopsy_bronze'
[0m16:56:03.307499 [debug] [Thread-3 (]: On model.lab_dbt.date_filter_bronze: /* {"app": "dbt", "dbt_version": "1.12.0", "dbt_databricks_version": "1.12.3", "databricks_sql_connector_version": "4.3.0", "profile_name": "lab_dbt", "target_name": "dev", "invocation_id": "a27c5594-7ef9-4259-90f1-7d9416fc6810", "node_id": "model.lab_dbt.date_filter_bronze"} */
SELECT
    table_catalog,
    table_schema,
    table_name,
    filter_name,
    target_columns
  FROM `opsanalytics_adb_workspace01`.`information_schema`.`row_filters`
  WHERE table_catalog = 'opsanalytics_adb_workspace01'
    AND table_schema = 'lab_staging'
    AND table_name = 'date_filter_bronze'
[0m16:56:03.308772 [debug] [Thread-4 (]: Opening a new connection, currently in state init
[0m16:56:03.310499 [debug] [Thread-3 (]: Opening a new connection, currently in state init
[0m16:56:04.516502 [debug] [Thread-4 (]: Databricks adapter: Connection(session-id=01f19046-e837-1672-bb5e-b68fa4774321) - Created
[0m16:56:04.517504 [debug] [Thread-3 (]: Databricks adapter: Connection(session-id=01f19046-e84a-172e-8b26-33aad6841dca) - Created
[0m16:56:05.116741 [debug] [Thread-3 (]: SQL status: OK in 1.810 seconds
[0m16:56:05.121738 [debug] [Thread-3 (]: Databricks adapter: Cursor(session-id=01f19046-e84a-172e-8b26-33aad6841dca, command-id=01f19046-e86a-1f40-84b8-a499377eaeb1) - Closing
[0m16:56:05.154736 [debug] [Thread-3 (]: Writing runtime sql for node "model.lab_dbt.date_filter_bronze"
[0m16:56:05.157981 [debug] [Thread-3 (]: Using databricks connection "model.lab_dbt.date_filter_bronze"
[0m16:56:05.158736 [debug] [Thread-3 (]: On model.lab_dbt.date_filter_bronze: /* {"app": "dbt", "dbt_version": "1.12.0", "dbt_databricks_version": "1.12.3", "databricks_sql_connector_version": "4.3.0", "profile_name": "lab_dbt", "target_name": "dev", "invocation_id": "a27c5594-7ef9-4259-90f1-7d9416fc6810", "node_id": "model.lab_dbt.date_filter_bronze"} */

  
    
        create or replace table `opsanalytics_adb_workspace01`.`lab_staging`.`date_filter_bronze`
      
      
    using delta
  
      
      
      
      
      
      
      
      
      as
      with dates as (
    select explode(sequence(
        date '1990-01-01',
        date '2100-12-31',
        interval 1 day
    )) as calendar_date
),

flagged as (
    select
        d.calendar_date,
        case
            when dayofweek(d.calendar_date) in (1, 7) then 0   -- Sun=1, Sat=7
            when h.holiday_date is not null           then 0
            else 1
        end as is_working_day
    from dates d
    left join `opsanalytics_adb_workspace01`.`lab`.`mshs_holidays` h
        on d.calendar_date = h.holiday_date
)

select
    calendar_date,
    is_working_day,
    sum(is_working_day) over (order by calendar_date
        rows between unbounded preceding and current row) as bizday_index
from flagged
  
[0m16:56:05.176736 [debug] [Thread-4 (]: SQL status: OK in 1.870 seconds
[0m16:56:05.180736 [debug] [Thread-4 (]: Databricks adapter: Cursor(session-id=01f19046-e837-1672-bb5e-b68fa4774321, command-id=01f19046-e86e-18d9-829f-f3d3840e0e4e) - Closing
[0m16:56:05.182939 [debug] [Thread-4 (]: Writing runtime sql for node "model.lab_dbt.powerpath_cyto_biopsy_bronze"
[0m16:56:05.184736 [debug] [Thread-4 (]: Using databricks connection "model.lab_dbt.powerpath_cyto_biopsy_bronze"
[0m16:56:05.185776 [debug] [Thread-4 (]: On model.lab_dbt.powerpath_cyto_biopsy_bronze: /* {"app": "dbt", "dbt_version": "1.12.0", "dbt_databricks_version": "1.12.3", "databricks_sql_connector_version": "4.3.0", "profile_name": "lab_dbt", "target_name": "dev", "invocation_id": "a27c5594-7ef9-4259-90f1-7d9416fc6810", "node_id": "model.lab_dbt.powerpath_cyto_biopsy_bronze"} */

  
    
        create or replace table `opsanalytics_adb_workspace01`.`lab_staging`.`powerpath_cyto_biopsy_bronze`
      
      
    using delta
  
      
      
      
      
      
      
      
      
      as
      select
    c.*,
    ps.PATIENT_SETTING
from `opsanalytics_adb_workspace01`.`lab`.`powerpath_raw` c
left join `opsanalytics_adb_workspace01`.`lab`.`lab_kpi_ap_patient_setting` ps
    on c.Rev_ctr = ps.REV_CTR
  
[0m16:56:08.167817 [debug] [Thread-3 (]: SQL status: OK in 3.010 seconds
[0m16:56:08.168805 [debug] [Thread-3 (]: Databricks adapter: Cursor(session-id=01f19046-e84a-172e-8b26-33aad6841dca, command-id=01f19046-e8dc-1912-8949-1d99d06d60c1) - Closing
[0m16:56:08.185793 [debug] [Thread-3 (]: Applying tags to relation None
[0m16:56:08.210809 [debug] [Thread-3 (]: On model.lab_dbt.date_filter_bronze: Close
[0m16:56:08.214999 [debug] [Thread-4 (]: SQL status: OK in 3.030 seconds
[0m16:56:08.215792 [debug] [Thread-3 (]: Databricks adapter: Connection(session-id=01f19046-e84a-172e-8b26-33aad6841dca) - Closing
[0m16:56:08.217793 [debug] [Thread-4 (]: Databricks adapter: Cursor(session-id=01f19046-e837-1672-bb5e-b68fa4774321, command-id=01f19046-e8d9-16f3-8d0f-026afb9cd673) - Closing
[0m16:56:08.220792 [debug] [Thread-4 (]: Applying tags to relation None
[0m16:56:08.494391 [debug] [Thread-4 (]: On model.lab_dbt.powerpath_cyto_biopsy_bronze: Close
[0m16:56:08.495261 [debug] [Thread-4 (]: Databricks adapter: Connection(session-id=01f19046-e837-1672-bb5e-b68fa4774321) - Closing
[0m16:56:08.718604 [debug] [Thread-3 (]: Sending event: {'category': 'dbt', 'action': 'run_model', 'label': 'a27c5594-7ef9-4259-90f1-7d9416fc6810', 'context': [<snowplow_tracker.self_describing_json.SelfDescribingJson object at 0x0000024B9FB03350>]}
[0m16:56:08.720523 [debug] [Thread-4 (]: Sending event: {'category': 'dbt', 'action': 'run_model', 'label': 'a27c5594-7ef9-4259-90f1-7d9416fc6810', 'context': [<snowplow_tracker.self_describing_json.SelfDescribingJson object at 0x0000024B9F32AA90>]}
[0m16:56:08.723523 [info ] [Thread-3 (]: 1 of 3 OK created sql table model lab_staging.date_filter_bronze ............... [[32mOK[0m in 5.58s]
[0m16:56:08.725520 [info ] [Thread-4 (]: 2 of 3 OK created sql table model lab_staging.powerpath_cyto_biopsy_bronze ..... [[32mOK[0m in 5.58s]
[0m16:56:08.727518 [debug] [Thread-3 (]: Finished running node model.lab_dbt.date_filter_bronze
[0m16:56:08.730519 [debug] [Thread-4 (]: Finished running node model.lab_dbt.powerpath_cyto_biopsy_bronze
[0m16:56:08.732531 [debug] [Thread-6 (]: Began running node model.lab_dbt.powerpath_cyto_biopsy_silver
[0m16:56:08.734520 [info ] [Thread-6 (]: 3 of 3 START sql table model lab_staging.powerpath_cyto_biopsy_silver .......... [RUN]
[0m16:56:08.737518 [debug] [Thread-6 (]: Databricks adapter: DatabricksDBTConnection(session-id=None, name=model.lab_dbt.powerpath_cyto_biopsy_silver) - Creating connection
[0m16:56:08.739518 [debug] [Thread-6 (]: Acquiring new databricks connection 'model.lab_dbt.powerpath_cyto_biopsy_silver'
[0m16:56:08.740524 [debug] [Thread-6 (]: Began compiling node model.lab_dbt.powerpath_cyto_biopsy_silver
[0m16:56:08.747375 [debug] [Thread-6 (]: Writing injected SQL for node "model.lab_dbt.powerpath_cyto_biopsy_silver"
[0m16:56:08.750347 [debug] [Thread-6 (]: Began executing node model.lab_dbt.powerpath_cyto_biopsy_silver
[0m16:56:08.753347 [debug] [Thread-6 (]: MATERIALIZING TABLE
[0m16:56:08.785347 [debug] [Thread-6 (]: Using databricks connection "model.lab_dbt.powerpath_cyto_biopsy_silver"
[0m16:56:08.787347 [debug] [Thread-6 (]: On model.lab_dbt.powerpath_cyto_biopsy_silver: /* {"app": "dbt", "dbt_version": "1.12.0", "dbt_databricks_version": "1.12.3", "databricks_sql_connector_version": "4.3.0", "profile_name": "lab_dbt", "target_name": "dev", "invocation_id": "a27c5594-7ef9-4259-90f1-7d9416fc6810", "node_id": "model.lab_dbt.powerpath_cyto_biopsy_silver"} */
SELECT
    table_catalog,
    table_schema,
    table_name,
    filter_name,
    target_columns
  FROM `opsanalytics_adb_workspace01`.`information_schema`.`row_filters`
  WHERE table_catalog = 'opsanalytics_adb_workspace01'
    AND table_schema = 'lab_staging'
    AND table_name = 'powerpath_cyto_biopsy_silver'
[0m16:56:08.788374 [debug] [Thread-6 (]: Opening a new connection, currently in state init
[0m16:56:09.720878 [debug] [Thread-6 (]: Databricks adapter: Connection(session-id=01f19046-eb52-1983-9e09-f5310ccb17a7) - Created
[0m16:56:10.281413 [debug] [Thread-6 (]: SQL status: OK in 1.490 seconds
[0m16:56:10.291394 [debug] [Thread-6 (]: Databricks adapter: Cursor(session-id=01f19046-eb52-1983-9e09-f5310ccb17a7, command-id=01f19046-eb83-14d9-bd6c-c4b058ee46ee) - Closing
[0m16:56:10.298394 [debug] [Thread-6 (]: Writing runtime sql for node "model.lab_dbt.powerpath_cyto_biopsy_silver"
[0m16:56:10.303612 [debug] [Thread-6 (]: Using databricks connection "model.lab_dbt.powerpath_cyto_biopsy_silver"
[0m16:56:10.305426 [debug] [Thread-6 (]: On model.lab_dbt.powerpath_cyto_biopsy_silver: /* {"app": "dbt", "dbt_version": "1.12.0", "dbt_databricks_version": "1.12.3", "databricks_sql_connector_version": "4.3.0", "profile_name": "lab_dbt", "target_name": "dev", "invocation_id": "a27c5594-7ef9-4259-90f1-7d9416fc6810", "node_id": "model.lab_dbt.powerpath_cyto_biopsy_silver"} */

  
    
        create or replace table `opsanalytics_adb_workspace01`.`lab_staging`.`powerpath_cyto_biopsy_silver`
      
      
    using delta
  
      
      
      
      
      
      
      
      
      as
      with raw as (
    select *
    from `opsanalytics_adb_workspace01`.`lab_staging`.`powerpath_cyto_biopsy_bronze`
    where spec_group in ('CYTO NONGYN', 'CYTO GYN', 'BREAST')
      and spec_sort_order = 'A'
),

cleaned as (
    select
        replace(Case_no, '*failed to decode utf16*', '')   as Case_no,
        case
            when Facility = 'KH'   then 'MSB'
            when Facility = 'R'    then 'MSW'
            when Facility = 'STL'  then 'MSM'
            when Facility = 'SNCH' then 'MSSN'
            when Facility = 'MSS'  then 'MSH'
            when Facility = 'SL'   then 'MSM'
            when Facility = 'PACC' then 'MSUS'
            else Facility
        end                                                 as Facility,
        case
            when Spec_code = 'BREA1' and spec_group = 'BREAST' then 'Breast Biopsy'
            when spec_group = 'CYTO NONGYN'                    then 'Cytology NONGYN'
            when spec_group = 'CYTO GYN'                       then 'Cytology GYN'
            else 'Breast Large/Resection'
        end                                                 as TEST_NAME,
        cast(Case_created_date as timestamp)                as Case_created_date,
        cast(Collection_Date   as timestamp)                as Collection_Date,
        cast(Received_Date     as timestamp)                as Received_Date,
        cast(signed_out_date   as timestamp)                as signed_out_date,
        Priority, Spec_code, Specimen_description, CPT_code, Rev_ctr,
        Encounter_no, MRN, Refmd_code, Refmd_name,
        spec_sort_order, spec_group, patient_type,
        _source_file, _ingested_at
    from raw
),

with_setting as (
    select
        c.* except (PATIENT_SETTING),,
        case
            when c.Rev_ctr = 'MSBK' and c.patient_type in ('A', 'O') then 'Amb'
            when c.Rev_ctr = 'MSBK' and c.patient_type = 'IN'        then 'IP'
            else PATIENT_SETTING
        end as PATIENT_SETTING
    from cleaned c
),

with_tat as (
    select
        w.*,
        datediff(w.signed_out_date, w.Collection_Date)   as Collection_to_signed_out,
        so.bizday_index - rc.bizday_index                as Received_to_signed_out
    from with_setting w
    left join `opsanalytics_adb_workspace01`.`lab_staging`.`date_filter_bronze` rc
        on cast(w.Received_Date   as date) = rc.calendar_date
    left join `opsanalytics_adb_workspace01`.`lab_staging`.`date_filter_bronze` so
        on cast(w.signed_out_date as date) = so.calendar_date
)


new_data as (
    select
        Facility                as FACILITY,
        Priority                as PRIORITY,
        Spec_code               as SPEC_CODE,
        Specimen_description    as SPECIMEN_DESCRIPTION,
        CPT_code                as CPT_CODE,
        Rev_ctr                 as REV_CTR,
        Encounter_no            as ENCOUNTER_NO,
        MRN,
        Case_no                 as CASE_NO,
        Case_created_date       as CASE_CREATED_DATE,
        Collection_Date         as COLLECTION_DATE,
        Received_Date           as RECEIVED_DATE,
        signed_out_date         as SIGNED_OUT_DATE,
        Refmd_code              as REFMD_CODE,
        spec_sort_order         as SPEC_SORT_ORDER,
        TEST_NAME,
        PATIENT_SETTING,
        Collection_to_signed_out as COLLECTION_TO_SIGNED_OUT,
        Received_to_signed_out   as RECEIVED_TO_SIGNED_OUT,
        case
            when TEST_NAME = 'Breast Biopsy'          then 3
            when TEST_NAME = 'Breast Large/Resection' then 5
            when TEST_NAME = 'Cytology GYN'           then 8
            else 8
        end                     as TAT_TARGET,
        case
            when Received_to_signed_out <= case
                when TEST_NAME = 'Breast Biopsy'          then 3
                when TEST_NAME = 'Breast Large/Resection' then 5
                when TEST_NAME = 'Cytology GYN'           then 8
                else 8
            end then 1 else 0
        end                     as IS_TAT_WITHIN_TARGET,
        spec_group              as SPEC_GROUP,
        Refmd_name              as REFMD_NAME,
        _source_file            as _SOURCE_FILE,
        _ingested_at            as _INGESTED_AT
    from with_tat
),

historical as (
    select
        FACILITY, PRIORITY, SPEC_CODE, SPECIMEN_DESCRIPTION, CPT_CODE, REV_CTR,
        ENCOUNTER_NO, MRN, CASE_NO, CASE_CREATED_DATE, COLLECTION_DATE,
        RECEIVED_DATE, SIGNED_OUT_DATE, REFMD_CODE, SPEC_SORT_ORDER, TEST_NAME,
        PATIENT_SETTING, COLLECTION_TO_SIGNED_OUT, RECEIVED_TO_SIGNED_OUT,
        TAT_TARGET, IS_TAT_WITHIN_TARGET, SPEC_GROUP, REFMD_NAME,
        cast(null as string)    as _SOURCE_FILE,
        cast(null as timestamp) as _INGESTED_AT
    from `opsanalytics_adb_workspace01`.`lab`.`powerpath_cyto_biopsy_historical`
)


select * from historical
union all
select * from new_data
  
[0m16:56:10.672730 [debug] [Thread-6 (]: Databricks adapter: Exception while trying to execute query
/* {"app": "dbt", "dbt_version": "1.12.0", "dbt_databricks_version": "1.12.3", "databricks_sql_connector_version": "4.3.0", "profile_name": "lab_dbt", "target_name": "dev", "invocation_id": "a27c5594-7ef9-4259-90f1-7d9416fc6810", "node_id": "model.lab_dbt.powerpath_cyto_biopsy_silver"} */

  
    
        create or replace table `opsanalytics_adb_workspace01`.`lab_staging`.`powerpath_cyto_biopsy_silver`
      
      
    using delta
  
      
      
      
      
      
      
      
      
      as
      with raw as (
    select *
    from `opsanalytics_adb_workspace01`.`lab_staging`.`powerpath_cyto_biopsy_bronze`
    where spec_group in ('CYTO NONGYN', 'CYTO GYN', 'BREAST')
      and spec_sort_order = 'A'
),

cleaned as (
    select
        replace(Case_no, '*failed to decode utf16*', '')   as Case_no,
        case
            when Facility = 'KH'   then 'MSB'
            when Facility = 'R'    then 'MSW'
            when Facility = 'STL'  then 'MSM'
            when Facility = 'SNCH' then 'MSSN'
            when Facility = 'MSS'  then 'MSH'
            when Facility = 'SL'   then 'MSM'
            when Facility = 'PACC' then 'MSUS'
            else Facility
        end                                                 as Facility,
        case
            when Spec_code = 'BREA1' and spec_group = 'BREAST' then 'Breast Biopsy'
            when spec_group = 'CYTO NONGYN'                    then 'Cytology NONGYN'
            when spec_group = 'CYTO GYN'                       then 'Cytology GYN'
            else 'Breast Large/Resection'
        end                                                 as TEST_NAME,
        cast(Case_created_date as timestamp)                as Case_created_date,
        cast(Collection_Date   as timestamp)                as Collection_Date,
        cast(Received_Date     as timestamp)                as Received_Date,
        cast(signed_out_date   as timestamp)                as signed_out_date,
        Priority, Spec_code, Specimen_description, CPT_code, Rev_ctr,
        Encounter_no, MRN, Refmd_code, Refmd_name,
        spec_sort_order, spec_group, patient_type,
        _source_file, _ingested_at
    from raw
),

with_setting as (
    select
        c.* except (PATIENT_SETTING),,
        case
            when c.Rev_ctr = 'MSBK' and c.patient_type in ('A', 'O') then 'Amb'
            when c.Rev_ctr = 'MSBK' and c.patient_type = 'IN'        then 'IP'
            else PATIENT_SETTING
        end as PATIENT_SETTING
    from cleaned c
),

with_tat as (
    select
        w.*,
        datediff(w.signed_out_date, w.Collection_Date)   as Collection_to_signed_out,
        so.bizday_index - rc.bizday_index                as Received_to_signed_out
    from with_setting w
    left join `opsanalytics_adb_workspace01`.`lab_staging`.`date_filter_bronze` rc
        on cast(w.Received_Date   as date) = rc.calendar_date
    left join `opsanalytics_adb_workspace01`.`lab_staging`.`date_filter_bronze` so
        on cast(w.signed_out_date as date) = so.calendar_date
)


new_data as (
    select
        Facility                as FACILITY,
        Priority                as PRIORITY,
        Spec_code               as SPEC_CODE,
        Specimen_description    as SPECIMEN_DESCRIPTION,
        CPT_code                as CPT_CODE,
        Rev_ctr                 as REV_CTR,
        Encounter_no            as ENCOUNTER_NO,
        MRN,
        Case_no                 as CASE_NO,
        Case_created_date       as CASE_CREATED_DATE,
        Collection_Date         as COLLECTION_DATE,
        Received_Date           as RECEIVED_DATE,
        signed_out_date         as SIGNED_OUT_DATE,
        Refmd_code              as REFMD_CODE,
        spec_sort_order         as SPEC_SORT_ORDER,
        TEST_NAME,
        PATIENT_SETTING,
        Collection_to_signed_out as COLLECTION_TO_SIGNED_OUT,
        Received_to_signed_out   as RECEIVED_TO_SIGNED_OUT,
        case
            when TEST_NAME = 'Breast Biopsy'          then 3
            when TEST_NAME = 'Breast Large/Resection' then 5
            when TEST_NAME = 'Cytology GYN'           then 8
            else 8
        end                     as TAT_TARGET,
        case
            when Received_to_signed_out <= case
                when TEST_NAME = 'Breast Biopsy'          then 3
                when TEST_NAME = 'Breast Large/Resection' then 5
                when TEST_NAME = 'Cytology GYN'           then 8
                else 8
            end then 1 else 0
        end                     as IS_TAT_WITHIN_TARGET,
        spec_group              as SPEC_GROUP,
        Refmd_name              as REFMD_NAME,
        _source_file            as _SOURCE_FILE,
        _ingested_at            as _INGESTED_AT
    from with_tat
),

historical as (
    select
        FACILITY, PRIORITY, SPEC_CODE, SPECIMEN_DESCRIPTION, CPT_CODE, REV_CTR,
        ENCOUNTER_NO, MRN, CASE_NO, CASE_CREATED_DATE, COLLECTION_DATE,
        RECEIVED_DATE, SIGNED_OUT_DATE, REFMD_CODE, SPEC_SORT_ORDER, TEST_NAME,
        PATIENT_SETTING, COLLECTION_TO_SIGNED_OUT, RECEIVED_TO_SIGNED_OUT,
        TAT_TARGET, IS_TAT_WITHIN_TARGET, SPEC_GROUP, REFMD_NAME,
        cast(null as string)    as _SOURCE_FILE,
        cast(null as timestamp) as _INGESTED_AT
    from `opsanalytics_adb_workspace01`.`lab`.`powerpath_cyto_biopsy_historical`
)


select * from historical
union all
select * from new_data
  
: 
[PARSE_SYNTAX_ERROR] Syntax error at or near ','. SQLSTATE: 42601 (line 58, pos 37)

== SQL ==
/* {"app": "dbt", "dbt_version": "1.12.0", "dbt_databricks_version": "1.12.3", "databricks_sql_connector_version": "4.3.0", "profile_name": "lab_dbt", "target_name": "dev", "invocation_id": "a27c5594-7ef9-4259-90f1-7d9416fc6810", "node_id": "model.lab_dbt.powerpath_cyto_biopsy_silver"} */

  
    
        create or replace table `opsanalytics_adb_workspace01`.`lab_staging`.`powerpath_cyto_biopsy_silver`
      
      
    using delta
  
      
      
      
      
      
      
      
      
      as
      with raw as (
    select *
    from `opsanalytics_adb_workspace01`.`lab_staging`.`powerpath_cyto_biopsy_bronze`
    where spec_group in ('CYTO NONGYN', 'CYTO GYN', 'BREAST')
      and spec_sort_order = 'A'
),

cleaned as (
    select
        replace(Case_no, '*failed to decode utf16*', '')   as Case_no,
        case
            when Facility = 'KH'   then 'MSB'
            when Facility = 'R'    then 'MSW'
            when Facility = 'STL'  then 'MSM'
            when Facility = 'SNCH' then 'MSSN'
            when Facility = 'MSS'  then 'MSH'
            when Facility = 'SL'   then 'MSM'
            when Facility = 'PACC' then 'MSUS'
            else Facility
        end                                                 as Facility,
        case
            when Spec_code = 'BREA1' and spec_group = 'BREAST' then 'Breast Biopsy'
            when spec_group = 'CYTO NONGYN'                    then 'Cytology NONGYN'
            when spec_group = 'CYTO GYN'                       then 'Cytology GYN'
            else 'Breast Large/Resection'
        end                                                 as TEST_NAME,
        cast(Case_created_date as timestamp)                as Case_created_date,
        cast(Collection_Date   as timestamp)                as Collection_Date,
        cast(Received_Date     as timestamp)                as Received_Date,
        cast(signed_out_date   as timestamp)                as signed_out_date,
        Priority, Spec_code, Specimen_description, CPT_code, Rev_ctr,
        Encounter_no, MRN, Refmd_code, Refmd_name,
        spec_sort_order, spec_group, patient_type,
        _source_file, _ingested_at
    from raw
),

with_setting as (
    select
        c.* except (PATIENT_SETTING),,
-------------------------------------^^^
        case
            when c.Rev_ctr = 'MSBK' and c.patient_type in ('A', 'O') then 'Amb'
            when c.Rev_ctr = 'MSBK' and c.patient_type = 'IN'        then 'IP'
            else PATIENT_SETTING
        end as PATIENT_SETTING
    from cleaned c
),

with_tat as (
    select
        w.*,
        datediff(w.signed_out_date, w.Collection_Date)   as Collection_to_signed_out,
        so.bizday_index - rc.bizday_index                as Received_to_signed_out
    from with_setting w
    left join `opsanalytics_adb_workspace01`.`lab_staging`.`date_filter_bronze` rc
        on cast(w.Received_Date   as date) = rc.calendar_date
    left join `opsanalytics_adb_workspace01`.`lab_staging`.`date_filter_bronze` so
        on cast(w.signed_out_date as date) = so.calendar_date
)


new_data as (
    select
        Facility                as FACILITY,
        Priority                as PRIORITY,
        Spec_code               as SPEC_CODE,
        Specimen_description    as SPECIMEN_DESCRIPTION,
        CPT_code                as CPT_CODE,
        Rev_ctr                 as REV_CTR,
        Encounter_no            as ENCOUNTER_NO,
        MRN,
        Case_no                 as CASE_NO,
        Case_created_date       as CASE_CREATED_DATE,
        Collection_Date         as COLLECTION_DATE,
        Received_Date           as RECEIVED_DATE,
        signed_out_date         as SIGNED_OUT_DATE,
        Refmd_code              as REFMD_CODE,
        spec_sort_order         as SPEC_SORT_ORDER,
        TEST_NAME,
        PATIENT_SETTING,
        Collection_to_signed_out as COLLECTION_TO_SIGNED_OUT,
        Received_to_signed_out   as RECEIVED_TO_SIGNED_OUT,
        case
            when TEST_NAME = 'Breast Biopsy'          then 3
            when TEST_NAME = 'Breast Large/Resection' then 5
            when TEST_NAME = 'Cytology GYN'           then 8
            else 8
        end                     as TAT_TARGET,
        case
            when Received_to_signed_out <= case
                when TEST_NAME = 'Breast Biopsy'          then 3
                when TEST_NAME = 'Breast Large/Resection' then 5
                when TEST_NAME = 'Cytology GYN'           then 8
                else 8
            end then 1 else 0
        end                     as IS_TAT_WITHIN_TARGET,
        spec_group              as SPEC_GROUP,
        Refmd_name              as REFMD_NAME,
        _source_file            as _SOURCE_FILE,
        _ingested_at            as _INGESTED_AT
    from with_tat
),

historical as (
    select
        FACILITY, PRIORITY, SPEC_CODE, SPECIMEN_DESCRIPTION, CPT_CODE, REV_CTR,
        ENCOUNTER_NO, MRN, CASE_NO, CASE_CREATED_DATE, COLLECTION_DATE,
        RECEIVED_DATE, SIGNED_OUT_DATE, REFMD_CODE, SPEC_SORT_ORDER, TEST_NAME,
        PATIENT_SETTING, COLLECTION_TO_SIGNED_OUT, RECEIVED_TO_SIGNED_OUT,
        TAT_TARGET, IS_TAT_WITHIN_TARGET, SPEC_GROUP, REFMD_NAME,
        cast(null as string)    as _SOURCE_FILE,
        cast(null as timestamp) as _INGESTED_AT
    from `opsanalytics_adb_workspace01`.`lab`.`powerpath_cyto_biopsy_historical`
)


select * from historical
union all
select * from new_data

Error properties: diagnostic-info=org.apache.hive.service.cli.HiveSQLException: Error running query: [PARSE_SYNTAX_ERROR] org.apache.spark.sql.catalyst.parser.ParseException: 
[PARSE_SYNTAX_ERROR] Syntax error at or near ','. SQLSTATE: 42601 (line 58, pos 37)

== SQL ==
/* {"app": "dbt", "dbt_version": "1.12.0", "dbt_databricks_version": "1.12.3", "databricks_sql_connector_version": "4.3.0", "profile_name": "lab_dbt", "target_name": "dev", "invocation_id": "a27c5594-7ef9-4259-90f1-7d9416fc6810", "node_id": "model.lab_dbt.powerpath_cyto_biopsy_silver"} */

  
    
        create or replace table `opsanalytics_adb_workspace01`.`lab_staging`.`powerpath_cyto_biopsy_silver`
      
      
    using delta
  
      
      
      
      
      
      
      
      
      as
      with raw as (
    select *
    from `opsanalytics_adb_workspace01`.`lab_staging`.`powerpath_cyto_biopsy_bronze`
    where spec_group in ('CYTO NONGYN', 'CYTO GYN', 'BREAST')
      and spec_sort_order = 'A'
),

cleaned as (
    select
        replace(Case_no, '*failed to decode utf16*', '')   as Case_no,
        case
            when Facility = 'KH'   then 'MSB'
            when Facility = 'R'    then 'MSW'
            when Facility = 'STL'  then 'MSM'
            when Facility = 'SNCH' then 'MSSN'
            when Facility = 'MSS'  then 'MSH'
            when Facility = 'SL'   then 'MSM'
            when Facility = 'PACC' then 'MSUS'
            else Facility
        end                                                 as Facility,
        case
            when Spec_code = 'BREA1' and spec_group = 'BREAST' then 'Breast Biopsy'
            when spec_group = 'CYTO NONGYN'                    then 'Cytology NONGYN'
            when spec_group = 'CYTO GYN'                       then 'Cytology GYN'
            else 'Breast Large/Resection'
        end                                                 as TEST_NAME,
        cast(Case_created_date as timestamp)                as Case_created_date,
        cast(Collection_Date   as timestamp)                as Collection_Date,
        cast(Received_Date     as timestamp)                as Received_Date,
        cast(signed_out_date   as timestamp)                as signed_out_date,
        Priority, Spec_code, Specimen_description, CPT_code, Rev_ctr,
        Encounter_no, MRN, Refmd_code, Refmd_name,
        spec_sort_order, spec_group, patient_type,
        _source_file, _ingested_at
    from raw
),

with_setting as (
    select
        c.* except (PATIENT_SETTING),,
-------------------------------------^^^
        case
            when c.Rev_ctr = 'MSBK' and c.patient_type in ('A', 'O') then 'Amb'
            when c.Rev_ctr = 'MSBK' and c.patient_type = 'IN'        then 'IP'
            else PATIENT_SETTING
        end as PATIENT_SETTING
    from cleaned c
),

with_tat as (
    select
        w.*,
        datediff(w.signed_out_date, w.Collection_Date)   as Collection_to_signed_out,
        so.bizday_index - rc.bizday_index                as Received_to_signed_out
    from with_setting w
    left join `opsanalytics_adb_workspace01`.`lab_staging`.`date_filter_bronze` rc
        on cast(w.Received_Date   as date) = rc.calendar_date
    left join `opsanalytics_adb_workspace01`.`lab_staging`.`date_filter_bronze` so
        on cast(w.signed_out_date as date) = so.calendar_date
)


new_data as (
    select
        Facility                as FACILITY,
        Priority                as PRIORITY,
        Spec_code               as SPEC_CODE,
        Specimen_description    as SPECIMEN_DESCRIPTION,
        CPT_code                as CPT_CODE,
        Rev_ctr                 as REV_CTR,
        Encounter_no            as ENCOUNTER_NO,
        MRN,
        Case_no                 as CASE_NO,
        Case_created_date       as CASE_CREATED_DATE,
        Collection_Date         as COLLECTION_DATE,
        Received_Date           as RECEIVED_DATE,
        signed_out_date         as SIGNED_OUT_DATE,
        Refmd_code              as REFMD_CODE,
        spec_sort_order         as SPEC_SORT_ORDER,
        TEST_NAME,
        PATIENT_SETTING,
        Collection_to_signed_out as COLLECTION_TO_SIGNED_OUT,
        Received_to_signed_out   as RECEIVED_TO_SIGNED_OUT,
        case
            when TEST_NAME = 'Breast Biopsy'          then 3
            when TEST_NAME = 'Breast Large/Resection' then 5
            when TEST_NAME = 'Cytology GYN'           then 8
            else 8
        end                     as TAT_TARGET,
        case
            when Received_to_signed_out <= case
                when TEST_NAME = 'Breast Biopsy'          then 3
                when TEST_NAME = 'Breast Large/Resection' then 5
                when TEST_NAME = 'Cytology GYN'           then 8
                else 8
            end then 1 else 0
        end                     as IS_TAT_WITHIN_TARGET,
        spec_group              as SPEC_GROUP,
        Refmd_name              as REFMD_NAME,
        _source_file            as _SOURCE_FILE,
        _ingested_at            as _INGESTED_AT
    from with_tat
),

historical as (
    select
        FACILITY, PRIORITY, SPEC_CODE, SPECIMEN_DESCRIPTION, CPT_CODE, REV_CTR,
        ENCOUNTER_NO, MRN, CASE_NO, CASE_CREATED_DATE, COLLECTION_DATE,
        RECEIVED_DATE, SIGNED_OUT_DATE, REFMD_CODE, SPEC_SORT_ORDER, TEST_NAME,
        PATIENT_SETTING, COLLECTION_TO_SIGNED_OUT, RECEIVED_TO_SIGNED_OUT,
        TAT_TARGET, IS_TAT_WITHIN_TARGET, SPEC_GROUP, REFMD_NAME,
        cast(null as string)    as _SOURCE_FILE,
        cast(null as timestamp) as _INGESTED_AT
    from `opsanalytics_adb_workspace01`.`lab`.`powerpath_cyto_biopsy_historical`
)


select * from historical
union all
select * from new_data

	at org.apache.spark.sql.hive.thriftserver.HiveThriftServerErrors$.runningQueryError(HiveThriftServerErrors.scala:58)
	at org.apache.spark.sql.hive.thriftserver.SparkExecuteStatementOperation.$anonfun$execute$1(SparkExecuteStatementOperation.scala:1205)
	at scala.runtime.java8.JFunction0$mcV$sp.apply(JFunction0$mcV$sp.scala:18)
	at com.databricks.unity.UCSEphemeralState$Handle.runWith(UCSEphemeralState.scala:51)
	at com.databricks.unity.HandleImpl.runWith(UCSHandle.scala:128)
	at org.apache.spark.sql.hive.thriftserver.SparkExecuteStatementOperation.org$apache$spark$sql$hive$thriftserver$SparkExecuteStatementOperation$$execute(SparkExecuteStatementOperation.scala:898)
	at org.apache.spark.sql.hive.thriftserver.SparkExecuteStatementOperation$$anon$2$$anon$3.$anonfun$run$6(SparkExecuteStatementOperation.scala:647)
	at scala.runtime.java8.JFunction0$mcV$sp.apply(JFunction0$mcV$sp.scala:18)
	at org.apache.spark.sql.execution.SQLExecution$.withRootExecution(SQLExecution.scala:1538)
	at org.apache.spark.sql.hive.thriftserver.SparkExecuteStatementOperation$$anon$2$$anon$3.$anonfun$run$3(SparkExecuteStatementOperation.scala:647)
	at scala.runtime.java8.JFunction0$mcV$sp.apply(JFunction0$mcV$sp.scala:18)
	at com.databricks.util.TracingSpanUtils$.withTracing(TracingSpanUtils.scala:251)
	at com.databricks.spark.util.DatabricksTracingHelper.withSpan(DatabricksSparkTracingHelper.scala:154)
	at com.databricks.spark.util.DBRTracing$.withSpan(DBRTracing.scala:87)
	at org.apache.spark.sql.hive.thriftserver.ThriftLocalProperties.$anonfun$withLocalProperties$18(ThriftLocalProperties.scala:366)
	at com.databricks.logging.AttributionContextTracing.$anonfun$withAttributionContext$1(AttributionContextTracing.scala:146)
	at com.databricks.logging.AttributionContext$.$anonfun$withValue$1(AttributionContext.scala:349)
	at scala.util.DynamicVariable.withValue(DynamicVariable.scala:59)
	at com.databricks.logging.AttributionContext$.withValue(AttributionContext.scala:345)
	at com.databricks.logging.AttributionContextTracing.withAttributionContext(AttributionContextTracing.scala:144)
	at com.databricks.logging.AttributionContextTracing.withAttributionContext$(AttributionContextTracing.scala:141)
	at com.databricks.spark.util.PublicDBLogging.withAttributionContext(DatabricksSparkUsageLogger.scala:29)
	at com.databricks.logging.AttributionContextTracing.withAttributionTags(AttributionContextTracing.scala:201)
	at com.databricks.logging.AttributionContextTracing.withAttributionTags$(AttributionContextTracing.scala:182)
	at com.databricks.spark.util.PublicDBLogging.withAttributionTags(DatabricksSparkUsageLogger.scala:29)
	at com.databricks.spark.util.PublicDBLogging.withAttributionTags0(DatabricksSparkUsageLogger.scala:108)
	at com.databricks.spark.util.DatabricksSparkUsageLogger.withAttributionTags(DatabricksSparkUsageLogger.scala:215)
	at com.databricks.spark.util.UsageLogging.$anonfun$withAttributionTags$1(UsageLogger.scala:668)
	at com.databricks.spark.util.UsageLogging$.withAttributionTags(UsageLogger.scala:780)
	at com.databricks.spark.util.UsageLogging$.withAttributionTags(UsageLogger.scala:789)
	at com.databricks.spark.util.UsageLogging.withAttributionTags(UsageLogger.scala:668)
	at com.databricks.spark.util.UsageLogging.withAttributionTags$(UsageLogger.scala:666)
	at org.apache.spark.sql.hive.thriftserver.SparkExecuteStatementOperation.withAttributionTags(SparkExecuteStatementOperation.scala:79)
	at org.apache.spark.sql.hive.thriftserver.ThriftLocalProperties.$anonfun$withLocalProperties$15(ThriftLocalProperties.scala:365)
	at com.databricks.spark.util.IdentityClaim$.withClaim(IdentityClaim.scala:48)
	at org.apache.spark.sql.hive.thriftserver.ThriftLocalProperties.withLocalProperties(ThriftLocalProperties.scala:360)
	at org.apache.spark.sql.hive.thriftserver.ThriftLocalProperties.withLocalProperties$(ThriftLocalProperties.scala:180)
	at org.apache.spark.sql.hive.thriftserver.SparkExecuteStatementOperation.withLocalProperties(SparkExecuteStatementOperation.scala:79)
	at org.apache.spark.sql.hive.thriftserver.SparkExecuteStatementOperation$$anon$2$$anon$3.$anonfun$run$2(SparkExecuteStatementOperation.scala:623)
	at scala.runtime.java8.JFunction0$mcV$sp.apply(JFunction0$mcV$sp.scala:18)
	at com.databricks.spark.util.DBRTracing$.withSpanFromParent(DBRTracing.scala:70)
	at org.apache.spark.sql.hive.thriftserver.SparkExecuteStatementOperation$$anon$2$$anon$3.run(SparkExecuteStatementOperation.scala:623)
	at org.apache.spark.sql.hive.thriftserver.SparkExecuteStatementOperation$$anon$2$$anon$3.run(SparkExecuteStatementOperation.scala:596)
	at java.base/java.security.AccessController.doPrivileged(AccessController.java:712)
	at java.base/javax.security.auth.Subject.doAs(Subject.java:439)
	at org.apache.hadoop.security.UserGroupInformation.doAs(UserGroupInformation.java:1953)
	at org.apache.spark.sql.hive.thriftserver.SparkExecuteStatementOperation$$anon$2.run(SparkExecuteStatementOperation.scala:661)
	at java.base/java.util.concurrent.Executors$RunnableAdapter.call(Executors.java:539)
	at java.base/java.util.concurrent.FutureTask.run(FutureTask.java:264)
	at java.base/java.util.concurrent.ThreadPoolExecutor.runWorker(ThreadPoolExecutor.java:1136)
	at java.base/java.util.concurrent.ThreadPoolExecutor$Worker.run(ThreadPoolExecutor.java:635)
	at java.base/java.lang.Thread.run(Thread.java:840)
Caused by: org.apache.spark.sql.catalyst.parser.ParseException: 
[PARSE_SYNTAX_ERROR] Syntax error at or near ','. SQLSTATE: 42601 (line 58, pos 37)

== SQL ==
/* {"app": "dbt", "dbt_version": "1.12.0", "dbt_databricks_version": "1.12.3", "databricks_sql_connector_version": "4.3.0", "profile_name": "lab_dbt", "target_name": "dev", "invocation_id": "a27c5594-7ef9-4259-90f1-7d9416fc6810", "node_id": "model.lab_dbt.powerpath_cyto_biopsy_silver"} */

  
    
        create or replace table `opsanalytics_adb_workspace01`.`lab_staging`.`powerpath_cyto_biopsy_silver`
      
      
    using delta
  
      
      
      
      
      
      
      
      
      as
      with raw as (
    select *
    from `opsanalytics_adb_workspace01`.`lab_staging`.`powerpath_cyto_biopsy_bronze`
    where spec_group in ('CYTO NONGYN', 'CYTO GYN', 'BREAST')
      and spec_sort_order = 'A'
),

cleaned as (
    select
        replace(Case_no, '*failed to decode utf16*', '')   as Case_no,
        case
            when Facility = 'KH'   then 'MSB'
            when Facility = 'R'    then 'MSW'
            when Facility = 'STL'  then 'MSM'
            when Facility = 'SNCH' then 'MSSN'
            when Facility = 'MSS'  then 'MSH'
            when Facility = 'SL'   then 'MSM'
            when Facility = 'PACC' then 'MSUS'
            else Facility
        end                                                 as Facility,
        case
            when Spec_code = 'BREA1' and spec_group = 'BREAST' then 'Breast Biopsy'
            when spec_group = 'CYTO NONGYN'                    then 'Cytology NONGYN'
            when spec_group = 'CYTO GYN'                       then 'Cytology GYN'
            else 'Breast Large/Resection'
        end                                                 as TEST_NAME,
        cast(Case_created_date as timestamp)                as Case_created_date,
        cast(Collection_Date   as timestamp)                as Collection_Date,
        cast(Received_Date     as timestamp)                as Received_Date,
        cast(signed_out_date   as timestamp)                as signed_out_date,
        Priority, Spec_code, Specimen_description, CPT_code, Rev_ctr,
        Encounter_no, MRN, Refmd_code, Refmd_name,
        spec_sort_order, spec_group, patient_type,
        _source_file, _ingested_at
    from raw
),

with_setting as (
    select
        c.* except (PATIENT_SETTING),,
-------------------------------------^^^
        case
            when c.Rev_ctr = 'MSBK' and c.patient_type in ('A', 'O') then 'Amb'
            when c.Rev_ctr = 'MSBK' and c.patient_type = 'IN'        then 'IP'
            else PATIENT_SETTING
        end as PATIENT_SETTING
    from cleaned c
),

with_tat as (
    select
        w.*,
        datediff(w.signed_out_date, w.Collection_Date)   as Collection_to_signed_out,
        so.bizday_index - rc.bizday_index                as Received_to_signed_out
    from with_setting w
    left join `opsanalytics_adb_workspace01`.`lab_staging`.`date_filter_bronze` rc
        on cast(w.Received_Date   as date) = rc.calendar_date
    left join `opsanalytics_adb_workspace01`.`lab_staging`.`date_filter_bronze` so
        on cast(w.signed_out_date as date) = so.calendar_date
)


new_data as (
    select
        Facility                as FACILITY,
        Priority                as PRIORITY,
        Spec_code               as SPEC_CODE,
        Specimen_description    as SPECIMEN_DESCRIPTION,
        CPT_code                as CPT_CODE,
        Rev_ctr                 as REV_CTR,
        Encounter_no            as ENCOUNTER_NO,
        MRN,
        Case_no                 as CASE_NO,
        Case_created_date       as CASE_CREATED_DATE,
        Collection_Date         as COLLECTION_DATE,
        Received_Date           as RECEIVED_DATE,
        signed_out_date         as SIGNED_OUT_DATE,
        Refmd_code              as REFMD_CODE,
        spec_sort_order         as SPEC_SORT_ORDER,
        TEST_NAME,
        PATIENT_SETTING,
        Collection_to_signed_out as COLLECTION_TO_SIGNED_OUT,
        Received_to_signed_out   as RECEIVED_TO_SIGNED_OUT,
        case
            when TEST_NAME = 'Breast Biopsy'          then 3
            when TEST_NAME = 'Breast Large/Resection' then 5
            when TEST_NAME = 'Cytology GYN'           then 8
            else 8
        end                     as TAT_TARGET,
        case
            when Received_to_signed_out <= case
                when TEST_NAME = 'Breast Biopsy'          then 3
                when TEST_NAME = 'Breast Large/Resection' then 5
                when TEST_NAME = 'Cytology GYN'           then 8
                else 8
            end then 1 else 0
        end                     as IS_TAT_WITHIN_TARGET,
        spec_group              as SPEC_GROUP,
        Refmd_name              as REFMD_NAME,
        _source_file            as _SOURCE_FILE,
        _ingested_at            as _INGESTED_AT
    from with_tat
),

historical as (
    select
        FACILITY, PRIORITY, SPEC_CODE, SPECIMEN_DESCRIPTION, CPT_CODE, REV_CTR,
        ENCOUNTER_NO, MRN, CASE_NO, CASE_CREATED_DATE, COLLECTION_DATE,
        RECEIVED_DATE, SIGNED_OUT_DATE, REFMD_CODE, SPEC_SORT_ORDER, TEST_NAME,
        PATIENT_SETTING, COLLECTION_TO_SIGNED_OUT, RECEIVED_TO_SIGNED_OUT,
        TAT_TARGET, IS_TAT_WITHIN_TARGET, SPEC_GROUP, REFMD_NAME,
        cast(null as string)    as _SOURCE_FILE,
        cast(null as timestamp) as _INGESTED_AT
    from `opsanalytics_adb_workspace01`.`lab`.`powerpath_cyto_biopsy_historical`
)


select * from historical
union all
select * from new_data

	at org.apache.spark.sql.catalyst.parser.ParseException.withCommand(parsers.scala:515)
	at org.apache.spark.sql.catalyst.parser.AbstractParser$.executeWithTwoStageStrategy(parsers.scala:329)
	at org.apache.spark.sql.catalyst.parser.SubstituteParamsParser.substitute(SubstituteParamsParser.scala:80)
	at org.apache.spark.sql.catalyst.parser.ParameterHandler$.performSubstitution(ParameterHandler.scala:83)
	at org.apache.spark.sql.catalyst.parser.ParameterHandler$.substituteParameters(ParameterHandler.scala:185)
	at org.apache.spark.sql.execution.SparkSqlParser.parseInternal(SparkSqlParser.scala:284)
	at org.apache.spark.sql.execution.SparkSqlParser.parseWithParameters(SparkSqlParser.scala:187)
	at org.apache.spark.sql.execution.SparkSqlParser.parsePlanWithParameters(SparkSqlParser.scala:201)
	at com.databricks.sql.QueryRuntimePredictionUtils$.$anonfun$getParsedPlanWithTracking$4(QueryRuntimePrediction.scala:492)
	at com.databricks.spark.util.FrameProfiler$.$anonfun$record$1(FrameProfiler.scala:114)
	at com.databricks.spark.util.FrameProfilerExporter$.maybeExportFrameProfiler(FrameProfilerExporter.scala:146)
	at com.databricks.spark.util.FrameProfiler$.record(FrameProfiler.scala:105)
	at org.apache.spark.sql.catalyst.QueryPlanningTracker.measurePhase(QueryPlanningTracker.scala:1021)
	at com.databricks.sql.QueryRuntimePredictionUtils$.$anonfun$getParsedPlanWithTracking$3(QueryRuntimePrediction.scala:457)
	at org.apache.spark.sql.catalyst.QueryPlanningTracker$.withTracker(QueryPlanningTracker.scala:275)
	at com.databricks.sql.QueryRuntimePredictionUtils$.$anonfun$getParsedPlanWithTracking$2(QueryRuntimePrediction.scala:457)
	at org.apache.spark.sql.execution.SQLExecution$.$anonfun$withExecutionPhase$1(SQLExecution.scala:337)
	at com.databricks.util.TracingSpanUtils$.withTracing(TracingSpanUtils.scala:251)
	at com.databricks.spark.util.DatabricksTracingHelper.withSpan(DatabricksSparkTracingHelper.scala:154)
	at com.databricks.spark.util.DBRTracing$.withSpan(DBRTracing.scala:87)
	at org.apache.spark.sql.execution.SQLExecution$.withExecutionPhase(SQLExecution.scala:318)
	at com.databricks.sql.QueryRuntimePredictionUtils$.$anonfun$getParsedPlanWithTracking$1(QueryRuntimePrediction.scala:456)
	at com.databricks.sql.util.MemoryTrackerHelper.withMemoryTracking(MemoryTrackerHelper.scala:111)
	at com.databricks.sql.QueryRuntimePredictionUtils$.getParsedPlanWithTracking(QueryRuntimePrediction.scala:452)
	at com.databricks.sql.QueryRuntimePrediction.$anonfun$getQueryExecutionWithParsedPlan$1(QueryRuntimePrediction.scala:894)
	at org.apache.spark.sql.SparkSession.withActive(SparkSession.scala:866)
	at com.databricks.sql.QueryRuntimePrediction.getQueryExecutionWithParsedPlan(QueryRuntimePrediction.scala:885)
	at com.databricks.sql.QueryRuntimePrediction.getRuntimeCategory(QueryRuntimePrediction.scala:609)
	at com.databricks.sql.ClusterLoadMonitor.$anonfun$getRuntimeCategory$3(ClusterLoadMonitor.scala:1230)
	at com.databricks.unity.UCSEphemeralState$Handle.runWith(UCSEphemeralState.scala:51)
	at com.databricks.unity.HandleImpl.runWith(UCSHandle.scala:128)
	at com.databricks.unity.HandleImpl.$anonfun$runWithAndClose$1(UCSHandle.scala:133)
	at scala.util.Using$.resource(Using.scala:296)
	at com.databricks.unity.HandleImpl.runWithAndClose(UCSHandle.scala:132)
	at com.databricks.sql.ClusterLoadMonitor.$anonfun$getRuntimeCategory$2(ClusterLoadMonitor.scala:1225)
	at java.base/java.util.concurrent.CompletableFuture$AsyncSupply.run(CompletableFuture.java:1768)
	at org.apache.spark.util.threads.SparkThreadLocalCapturingRunnable.$anonfun$run$1(SparkThreadLocalForwardingThreadPoolExecutor.scala:171)
	at scala.runtime.java8.JFunction0$mcV$sp.apply(JFunction0$mcV$sp.scala:18)
	at com.databricks.spark.util.DBRTracing$.withSpanFromParent(DBRTracing.scala:70)
	at org.apache.spark.util.threads.SparkThreadLocalCapturingHelper.$anonfun$runWithCaptured$7(SparkThreadLocalForwardingThreadPoolExecutor.scala:124)
	at com.databricks.util.LexicalThreadLocal$Handle.runWith(LexicalThreadLocal.scala:63)
	at org.apache.spark.util.threads.SparkThreadLocalCapturingHelper.$anonfun$runWithCaptured$6(SparkThreadLocalForwardingThreadPoolExecutor.scala:123)
	at com.databricks.sql.transaction.tahoe.mst.MSTThreadHelper$.runWithMSTContext(MSTThreadHelper.scala:77)
	at org.apache.spark.util.threads.SparkThreadLocalCapturingHelper.$anonfun$runWithCaptured$5(SparkThreadLocalForwardingThreadPoolExecutor.scala:120)
	at com.databricks.spark.util.IdentityClaim$.withClaim(IdentityClaim.scala:48)
	at org.apache.spark.util.threads.SparkThreadLocalCapturingHelper.$anonfun$runWithCaptured$4(SparkThreadLocalForwardingThreadPoolExecutor.scala:119)
	at com.databricks.unity.UCSEphemeralState$Handle.runWith(UCSEphemeralState.scala:51)
	at org.apache.spark.util.threads.SparkThreadLocalCapturingHelper.runWithCaptured(SparkThreadLocalForwardingThreadPoolExecutor.scala:118)
	at org.apache.spark.util.threads.SparkThreadLocalCapturingHelper.runWithCaptured$(SparkThreadLocalForwardingThreadPoolExecutor.scala:95)
	at org.apache.spark.util.threads.SparkThreadLocalCapturingRunnable.runWithCaptured(SparkThreadLocalForwardingThreadPoolExecutor.scala:168)
	at org.apache.spark.util.threads.SparkThreadLocalCapturingRunnable.run(SparkThreadLocalForwardingThreadPoolExecutor.scala:171)
	... 3 more
, operation-id=01f19046-ebdf-1808-b75f-b3b95cb0100c
[0m16:56:10.674730 [debug] [Thread-6 (]: On model.lab_dbt.powerpath_cyto_biopsy_silver: Close
[0m16:56:10.675729 [debug] [Thread-6 (]: Databricks adapter: Connection(session-id=01f19046-eb52-1983-9e09-f5310ccb17a7) - Closing
[0m16:56:10.943547 [debug] [Thread-6 (]: Database Error in model powerpath_cyto_biopsy_silver (models\silver\powerpath_cyto_biopsy_silver.sql)
  
  [PARSE_SYNTAX_ERROR] Syntax error at or near ','. SQLSTATE: 42601 (line 58, pos 37)
  
  == SQL ==
  /* {"app": "dbt", "dbt_version": "1.12.0", "dbt_databricks_version": "1.12.3", "databricks_sql_connector_version": "4.3.0", "profile_name": "lab_dbt", "target_name": "dev", "invocation_id": "a27c5594-7ef9-4259-90f1-7d9416fc6810", "node_id": "model.lab_dbt.powerpath_cyto_biopsy_silver"} */
  
    
      
          create or replace table `opsanalytics_adb_workspace01`.`lab_staging`.`powerpath_cyto_biopsy_silver`
        
        
      using delta
    
        
        
        
        
        
        
        
        
        as
        with raw as (
      select *
      from `opsanalytics_adb_workspace01`.`lab_staging`.`powerpath_cyto_biopsy_bronze`
      where spec_group in ('CYTO NONGYN', 'CYTO GYN', 'BREAST')
        and spec_sort_order = 'A'
  ),
  
  cleaned as (
      select
          replace(Case_no, '*failed to decode utf16*', '')   as Case_no,
          case
              when Facility = 'KH'   then 'MSB'
              when Facility = 'R'    then 'MSW'
              when Facility = 'STL'  then 'MSM'
              when Facility = 'SNCH' then 'MSSN'
              when Facility = 'MSS'  then 'MSH'
              when Facility = 'SL'   then 'MSM'
              when Facility = 'PACC' then 'MSUS'
              else Facility
          end                                                 as Facility,
          case
              when Spec_code = 'BREA1' and spec_group = 'BREAST' then 'Breast Biopsy'
              when spec_group = 'CYTO NONGYN'                    then 'Cytology NONGYN'
              when spec_group = 'CYTO GYN'                       then 'Cytology GYN'
              else 'Breast Large/Resection'
          end                                                 as TEST_NAME,
          cast(Case_created_date as timestamp)                as Case_created_date,
          cast(Collection_Date   as timestamp)                as Collection_Date,
          cast(Received_Date     as timestamp)                as Received_Date,
          cast(signed_out_date   as timestamp)                as signed_out_date,
          Priority, Spec_code, Specimen_description, CPT_code, Rev_ctr,
          Encounter_no, MRN, Refmd_code, Refmd_name,
          spec_sort_order, spec_group, patient_type,
          _source_file, _ingested_at
      from raw
  ),
  
  with_setting as (
      select
          c.* except (PATIENT_SETTING),,
  -------------------------------------^^^
          case
              when c.Rev_ctr = 'MSBK' and c.patient_type in ('A', 'O') then 'Amb'
              when c.Rev_ctr = 'MSBK' and c.patient_type = 'IN'        then 'IP'
              else PATIENT_SETTING
          end as PATIENT_SETTING
      from cleaned c
  ),
  
  with_tat as (
      select
          w.*,
          datediff(w.signed_out_date, w.Collection_Date)   as Collection_to_signed_out,
          so.bizday_index - rc.bizday_index                as Received_to_signed_out
      from with_setting w
      left join `opsanalytics_adb_workspace01`.`lab_staging`.`date_filter_bronze` rc
          on cast(w.Received_Date   as date) = rc.calendar_date
      left join `opsanalytics_adb_workspace01`.`lab_staging`.`date_filter_bronze` so
          on cast(w.signed_out_date as date) = so.calendar_date
  )
  
  
  new_data as (
      select
          Facility                as FACILITY,
          Priority                as PRIORITY,
          Spec_code               as SPEC_CODE,
          Specimen_description    as SPECIMEN_DESCRIPTION,
          CPT_code                as CPT_CODE,
          Rev_ctr                 as REV_CTR,
          Encounter_no            as ENCOUNTER_NO,
          MRN,
          Case_no                 as CASE_NO,
          Case_created_date       as CASE_CREATED_DATE,
          Collection_Date         as COLLECTION_DATE,
          Received_Date           as RECEIVED_DATE,
          signed_out_date         as SIGNED_OUT_DATE,
          Refmd_code              as REFMD_CODE,
          spec_sort_order         as SPEC_SORT_ORDER,
          TEST_NAME,
          PATIENT_SETTING,
          Collection_to_signed_out as COLLECTION_TO_SIGNED_OUT,
          Received_to_signed_out   as RECEIVED_TO_SIGNED_OUT,
          case
              when TEST_NAME = 'Breast Biopsy'          then 3
              when TEST_NAME = 'Breast Large/Resection' then 5
              when TEST_NAME = 'Cytology GYN'           then 8
              else 8
          end                     as TAT_TARGET,
          case
              when Received_to_signed_out <= case
                  when TEST_NAME = 'Breast Biopsy'          then 3
                  when TEST_NAME = 'Breast Large/Resection' then 5
                  when TEST_NAME = 'Cytology GYN'           then 8
                  else 8
              end then 1 else 0
          end                     as IS_TAT_WITHIN_TARGET,
          spec_group              as SPEC_GROUP,
          Refmd_name              as REFMD_NAME,
          _source_file            as _SOURCE_FILE,
          _ingested_at            as _INGESTED_AT
      from with_tat
  ),
  
  historical as (
      select
          FACILITY, PRIORITY, SPEC_CODE, SPECIMEN_DESCRIPTION, CPT_CODE, REV_CTR,
          ENCOUNTER_NO, MRN, CASE_NO, CASE_CREATED_DATE, COLLECTION_DATE,
          RECEIVED_DATE, SIGNED_OUT_DATE, REFMD_CODE, SPEC_SORT_ORDER, TEST_NAME,
          PATIENT_SETTING, COLLECTION_TO_SIGNED_OUT, RECEIVED_TO_SIGNED_OUT,
          TAT_TARGET, IS_TAT_WITHIN_TARGET, SPEC_GROUP, REFMD_NAME,
          cast(null as string)    as _SOURCE_FILE,
          cast(null as timestamp) as _INGESTED_AT
      from `opsanalytics_adb_workspace01`.`lab`.`powerpath_cyto_biopsy_historical`
  )
  
  
  select * from historical
  union all
  select * from new_data
  
  compiled code at target\run\lab_dbt\models\silver\powerpath_cyto_biopsy_silver.sql
[0m16:56:10.945515 [debug] [Thread-6 (]: Sending event: {'category': 'dbt', 'action': 'run_model', 'label': 'a27c5594-7ef9-4259-90f1-7d9416fc6810', 'context': [<snowplow_tracker.self_describing_json.SelfDescribingJson object at 0x0000024B9FB070D0>]}
[0m16:56:10.946516 [error] [Thread-6 (]: 3 of 3 ERROR creating sql table model lab_staging.powerpath_cyto_biopsy_silver . [[31mERROR[0m in 2.21s]
[0m16:56:10.948517 [debug] [Thread-6 (]: Finished running node model.lab_dbt.powerpath_cyto_biopsy_silver
[0m16:56:10.950519 [debug] [Thread-9 (]: Marking all children of 'model.lab_dbt.powerpath_cyto_biopsy_silver' to be skipped because of status 'error'.  Reason: Database Error in model powerpath_cyto_biopsy_silver (models\silver\powerpath_cyto_biopsy_silver.sql)
  
  [PARSE_SYNTAX_ERROR] Syntax error at or near ','. SQLSTATE: 42601 (line 58, pos 37)
  
  == SQL ==
  /* {"app": "dbt", "dbt_version": "1.12.0", "dbt_databricks_version": "1.12.3", "databricks_sql_connector_version": "4.3.0", "profile_name": "lab_dbt", "target_name": "dev", "invocation_id": "a27c5594-7ef9-4259-90f1-7d9416fc6810", "node_id": "model.lab_dbt.powerpath_cyto_biopsy_silver"} */
  
    
      
          create or replace table `opsanalytics_adb_workspace01`.`lab_staging`.`powerpath_cyto_biopsy_silver`
        
        
      using delta
    
        
        
        
        
        
        
        
        
        as
        with raw as (
      select *
      from `opsanalytics_adb_workspace01`.`lab_staging`.`powerpath_cyto_biopsy_bronze`
      where spec_group in ('CYTO NONGYN', 'CYTO GYN', 'BREAST')
        and spec_sort_order = 'A'
  ),
  
  cleaned as (
      select
          replace(Case_no, '*failed to decode utf16*', '')   as Case_no,
          case
              when Facility = 'KH'   then 'MSB'
              when Facility = 'R'    then 'MSW'
              when Facility = 'STL'  then 'MSM'
              when Facility = 'SNCH' then 'MSSN'
              when Facility = 'MSS'  then 'MSH'
              when Facility = 'SL'   then 'MSM'
              when Facility = 'PACC' then 'MSUS'
              else Facility
          end                                                 as Facility,
          case
              when Spec_code = 'BREA1' and spec_group = 'BREAST' then 'Breast Biopsy'
              when spec_group = 'CYTO NONGYN'                    then 'Cytology NONGYN'
              when spec_group = 'CYTO GYN'                       then 'Cytology GYN'
              else 'Breast Large/Resection'
          end                                                 as TEST_NAME,
          cast(Case_created_date as timestamp)                as Case_created_date,
          cast(Collection_Date   as timestamp)                as Collection_Date,
          cast(Received_Date     as timestamp)                as Received_Date,
          cast(signed_out_date   as timestamp)                as signed_out_date,
          Priority, Spec_code, Specimen_description, CPT_code, Rev_ctr,
          Encounter_no, MRN, Refmd_code, Refmd_name,
          spec_sort_order, spec_group, patient_type,
          _source_file, _ingested_at
      from raw
  ),
  
  with_setting as (
      select
          c.* except (PATIENT_SETTING),,
  -------------------------------------^^^
          case
              when c.Rev_ctr = 'MSBK' and c.patient_type in ('A', 'O') then 'Amb'
              when c.Rev_ctr = 'MSBK' and c.patient_type = 'IN'        then 'IP'
              else PATIENT_SETTING
          end as PATIENT_SETTING
      from cleaned c
  ),
  
  with_tat as (
      select
          w.*,
          datediff(w.signed_out_date, w.Collection_Date)   as Collection_to_signed_out,
          so.bizday_index - rc.bizday_index                as Received_to_signed_out
      from with_setting w
      left join `opsanalytics_adb_workspace01`.`lab_staging`.`date_filter_bronze` rc
          on cast(w.Received_Date   as date) = rc.calendar_date
      left join `opsanalytics_adb_workspace01`.`lab_staging`.`date_filter_bronze` so
          on cast(w.signed_out_date as date) = so.calendar_date
  )
  
  
  new_data as (
      select
          Facility                as FACILITY,
          Priority                as PRIORITY,
          Spec_code               as SPEC_CODE,
          Specimen_description    as SPECIMEN_DESCRIPTION,
          CPT_code                as CPT_CODE,
          Rev_ctr                 as REV_CTR,
          Encounter_no            as ENCOUNTER_NO,
          MRN,
          Case_no                 as CASE_NO,
          Case_created_date       as CASE_CREATED_DATE,
          Collection_Date         as COLLECTION_DATE,
          Received_Date           as RECEIVED_DATE,
          signed_out_date         as SIGNED_OUT_DATE,
          Refmd_code              as REFMD_CODE,
          spec_sort_order         as SPEC_SORT_ORDER,
          TEST_NAME,
          PATIENT_SETTING,
          Collection_to_signed_out as COLLECTION_TO_SIGNED_OUT,
          Received_to_signed_out   as RECEIVED_TO_SIGNED_OUT,
          case
              when TEST_NAME = 'Breast Biopsy'          then 3
              when TEST_NAME = 'Breast Large/Resection' then 5
              when TEST_NAME = 'Cytology GYN'           then 8
              else 8
          end                     as TAT_TARGET,
          case
              when Received_to_signed_out <= case
                  when TEST_NAME = 'Breast Biopsy'          then 3
                  when TEST_NAME = 'Breast Large/Resection' then 5
                  when TEST_NAME = 'Cytology GYN'           then 8
                  else 8
              end then 1 else 0
          end                     as IS_TAT_WITHIN_TARGET,
          spec_group              as SPEC_GROUP,
          Refmd_name              as REFMD_NAME,
          _source_file            as _SOURCE_FILE,
          _ingested_at            as _INGESTED_AT
      from with_tat
  ),
  
  historical as (
      select
          FACILITY, PRIORITY, SPEC_CODE, SPECIMEN_DESCRIPTION, CPT_CODE, REV_CTR,
          ENCOUNTER_NO, MRN, CASE_NO, CASE_CREATED_DATE, COLLECTION_DATE,
          RECEIVED_DATE, SIGNED_OUT_DATE, REFMD_CODE, SPEC_SORT_ORDER, TEST_NAME,
          PATIENT_SETTING, COLLECTION_TO_SIGNED_OUT, RECEIVED_TO_SIGNED_OUT,
          TAT_TARGET, IS_TAT_WITHIN_TARGET, SPEC_GROUP, REFMD_NAME,
          cast(null as string)    as _SOURCE_FILE,
          cast(null as timestamp) as _INGESTED_AT
      from `opsanalytics_adb_workspace01`.`lab`.`powerpath_cyto_biopsy_historical`
  )
  
  
  select * from historical
  union all
  select * from new_data
  
  compiled code at target\run\lab_dbt\models\silver\powerpath_cyto_biopsy_silver.sql.
[0m16:56:10.954077 [debug] [MainThread]: Databricks adapter: DatabricksDBTConnection(session-id=None, name=master) - Creating connection
[0m16:56:10.954077 [debug] [MainThread]: Acquiring new databricks connection 'master'
[0m16:56:10.955045 [info ] [MainThread]: 
[0m16:56:10.956077 [info ] [MainThread]: Finished running 3 table models in 0 hours 0 minutes and 12.28 seconds (12.28s).
[0m16:56:10.958047 [debug] [MainThread]: Command end result
[0m16:56:11.177045 [debug] [MainThread]: Wrote artifact WritableManifest to C:\Users\tommad01\Desktop\Lab\lab_dbt\target\manifest.json
[0m16:56:11.185045 [debug] [MainThread]: Wrote artifact SemanticManifest to C:\Users\tommad01\Desktop\Lab\lab_dbt\target\semantic_manifest.json
[0m16:56:11.190045 [debug] [MainThread]: Wrote artifact OsiDocument to C:\Users\tommad01\Desktop\Lab\lab_dbt\target\osi_document.json
[0m16:56:11.201044 [debug] [MainThread]: Wrote artifact RunExecutionResult to C:\Users\tommad01\Desktop\Lab\lab_dbt\target\run_results.json
[0m16:56:11.202045 [info ] [MainThread]: 
[0m16:56:11.203062 [info ] [MainThread]: [31mCompleted with 1 error, 0 partial successes, and 0 warnings:[0m
[0m16:56:11.204277 [info ] [MainThread]: 
[0m16:56:11.205045 [error] [MainThread]: [[31mERROR[0m]: in model powerpath_cyto_biopsy_silver (models\silver\powerpath_cyto_biopsy_silver.sql)
[0m16:56:11.207045 [error] [MainThread]:   Database Error in model powerpath_cyto_biopsy_silver (models\silver\powerpath_cyto_biopsy_silver.sql)
  
  [PARSE_SYNTAX_ERROR] Syntax error at or near ','. SQLSTATE: 42601 (line 58, pos 37)
  
  == SQL ==
  /* {"app": "dbt", "dbt_version": "1.12.0", "dbt_databricks_version": "1.12.3", "databricks_sql_connector_version": "4.3.0", "profile_name": "lab_dbt", "target_name": "dev", "invocation_id": "a27c5594-7ef9-4259-90f1-7d9416fc6810", "node_id": "model.lab_dbt.powerpath_cyto_biopsy_silver"} */
  
    
      
          create or replace table `opsanalytics_adb_workspace01`.`lab_staging`.`powerpath_cyto_biopsy_silver`
        
        
      using delta
    
        
        
        
        
        
        
        
        
        as
        with raw as (
      select *
      from `opsanalytics_adb_workspace01`.`lab_staging`.`powerpath_cyto_biopsy_bronze`
      where spec_group in ('CYTO NONGYN', 'CYTO GYN', 'BREAST')
        and spec_sort_order = 'A'
  ),
  
  cleaned as (
      select
          replace(Case_no, '*failed to decode utf16*', '')   as Case_no,
          case
              when Facility = 'KH'   then 'MSB'
              when Facility = 'R'    then 'MSW'
              when Facility = 'STL'  then 'MSM'
              when Facility = 'SNCH' then 'MSSN'
              when Facility = 'MSS'  then 'MSH'
              when Facility = 'SL'   then 'MSM'
              when Facility = 'PACC' then 'MSUS'
              else Facility
          end                                                 as Facility,
          case
              when Spec_code = 'BREA1' and spec_group = 'BREAST' then 'Breast Biopsy'
              when spec_group = 'CYTO NONGYN'                    then 'Cytology NONGYN'
              when spec_group = 'CYTO GYN'                       then 'Cytology GYN'
              else 'Breast Large/Resection'
          end                                                 as TEST_NAME,
          cast(Case_created_date as timestamp)                as Case_created_date,
          cast(Collection_Date   as timestamp)                as Collection_Date,
          cast(Received_Date     as timestamp)                as Received_Date,
          cast(signed_out_date   as timestamp)                as signed_out_date,
          Priority, Spec_code, Specimen_description, CPT_code, Rev_ctr,
          Encounter_no, MRN, Refmd_code, Refmd_name,
          spec_sort_order, spec_group, patient_type,
          _source_file, _ingested_at
      from raw
  ),
  
  with_setting as (
      select
          c.* except (PATIENT_SETTING),,
  -------------------------------------^^^
          case
              when c.Rev_ctr = 'MSBK' and c.patient_type in ('A', 'O') then 'Amb'
              when c.Rev_ctr = 'MSBK' and c.patient_type = 'IN'        then 'IP'
              else PATIENT_SETTING
          end as PATIENT_SETTING
      from cleaned c
  ),
  
  with_tat as (
      select
          w.*,
          datediff(w.signed_out_date, w.Collection_Date)   as Collection_to_signed_out,
          so.bizday_index - rc.bizday_index                as Received_to_signed_out
      from with_setting w
      left join `opsanalytics_adb_workspace01`.`lab_staging`.`date_filter_bronze` rc
          on cast(w.Received_Date   as date) = rc.calendar_date
      left join `opsanalytics_adb_workspace01`.`lab_staging`.`date_filter_bronze` so
          on cast(w.signed_out_date as date) = so.calendar_date
  )
  
  
  new_data as (
      select
          Facility                as FACILITY,
          Priority                as PRIORITY,
          Spec_code               as SPEC_CODE,
          Specimen_description    as SPECIMEN_DESCRIPTION,
          CPT_code                as CPT_CODE,
          Rev_ctr                 as REV_CTR,
          Encounter_no            as ENCOUNTER_NO,
          MRN,
          Case_no                 as CASE_NO,
          Case_created_date       as CASE_CREATED_DATE,
          Collection_Date         as COLLECTION_DATE,
          Received_Date           as RECEIVED_DATE,
          signed_out_date         as SIGNED_OUT_DATE,
          Refmd_code              as REFMD_CODE,
          spec_sort_order         as SPEC_SORT_ORDER,
          TEST_NAME,
          PATIENT_SETTING,
          Collection_to_signed_out as COLLECTION_TO_SIGNED_OUT,
          Received_to_signed_out   as RECEIVED_TO_SIGNED_OUT,
          case
              when TEST_NAME = 'Breast Biopsy'          then 3
              when TEST_NAME = 'Breast Large/Resection' then 5
              when TEST_NAME = 'Cytology GYN'           then 8
              else 8
          end                     as TAT_TARGET,
          case
              when Received_to_signed_out <= case
                  when TEST_NAME = 'Breast Biopsy'          then 3
                  when TEST_NAME = 'Breast Large/Resection' then 5
                  when TEST_NAME = 'Cytology GYN'           then 8
                  else 8
              end then 1 else 0
          end                     as IS_TAT_WITHIN_TARGET,
          spec_group              as SPEC_GROUP,
          Refmd_name              as REFMD_NAME,
          _source_file            as _SOURCE_FILE,
          _ingested_at            as _INGESTED_AT
      from with_tat
  ),
  
  historical as (
      select
          FACILITY, PRIORITY, SPEC_CODE, SPECIMEN_DESCRIPTION, CPT_CODE, REV_CTR,
          ENCOUNTER_NO, MRN, CASE_NO, CASE_CREATED_DATE, COLLECTION_DATE,
          RECEIVED_DATE, SIGNED_OUT_DATE, REFMD_CODE, SPEC_SORT_ORDER, TEST_NAME,
          PATIENT_SETTING, COLLECTION_TO_SIGNED_OUT, RECEIVED_TO_SIGNED_OUT,
          TAT_TARGET, IS_TAT_WITHIN_TARGET, SPEC_GROUP, REFMD_NAME,
          cast(null as string)    as _SOURCE_FILE,
          cast(null as timestamp) as _INGESTED_AT
      from `opsanalytics_adb_workspace01`.`lab`.`powerpath_cyto_biopsy_historical`
  )
  
  
  select * from historical
  union all
  select * from new_data
  
  compiled code at target\run\lab_dbt\models\silver\powerpath_cyto_biopsy_silver.sql
[0m16:56:11.216978 [info ] [MainThread]: 
[0m16:56:11.217980 [info ] [MainThread]:   compiled code at target\compiled\lab_dbt\models\silver\powerpath_cyto_biopsy_silver.sql
[0m16:56:11.218980 [info ] [MainThread]: 
[0m16:56:11.218980 [info ] [MainThread]: Done. PASS=2 WARN=0 ERROR=1 SKIP=0 NO-OP=0 REUSED=0 TOTAL=3
[0m16:56:11.221011 [debug] [MainThread]: Command `dbt run` failed at 16:56:11.221011 after 17.46 seconds
[0m16:56:11.222403 [debug] [MainThread]: Sending event: {'category': 'dbt', 'action': 'invocation', 'label': 'end', 'context': [<snowplow_tracker.self_describing_json.SelfDescribingJson object at 0x0000024B892A1C90>, <snowplow_tracker.self_describing_json.SelfDescribingJson object at 0x0000024B8B3C2010>, <snowplow_tracker.self_describing_json.SelfDescribingJson object at 0x0000024B89A25290>]}
[0m16:56:11.223011 [debug] [MainThread]: Flushing usage events
[0m16:56:11.517048 [debug] [MainThread]: An error was encountered while trying to flush usage events
[0m16:59:30.210660 [debug] [MainThread]: Sending event: {'category': 'dbt', 'action': 'invocation', 'label': 'start', 'context': [<snowplow_tracker.self_describing_json.SelfDescribingJson object at 0x000001F17B2BB490>, <snowplow_tracker.self_describing_json.SelfDescribingJson object at 0x000001F17B1EA290>, <snowplow_tracker.self_describing_json.SelfDescribingJson object at 0x000001F17B2BB7D0>]}


============================== 16:59:30.215069 | f0808f49-5e36-43f5-a92f-49be8408ec54 ==============================
[0m16:59:30.215069 [info ] [MainThread]: Running with dbt=1.12.0
[0m16:59:30.216338 [debug] [MainThread]: running dbt with arguments {'maximum_seed_size_mib': '1', 'no_print': 'None', 'static_parser': 'True', 'warn_error_options': 'WarnErrorOptionsV2(error=[], warn=[], silence=[])', 'target_path': 'None', 'version_check': 'True', 'printer_width': '80', 'write_json': 'True', 'empty': 'False', 'log_cache_events': 'False', 'introspect': 'True', 'cache_selected_only': 'False', 'fail_fast': 'False', 'debug': 'False', 'log_format': 'default', 'profiles_dir': 'C:\\Users\\tommad01\\.dbt', 'send_anonymous_usage_stats': 'True', 'quiet': 'False', 'warn_error': 'None', 'partial_parse': 'True', 'invocation_command': 'dbt run', 'hints_enabled': 'True', 'indirect_selection': 'eager', 'use_experimental_parser': 'False', 'use_colors': 'True', 'log_path': 'C:\\Users\\tommad01\\Desktop\\Lab\\lab_dbt\\logs'}
[0m16:59:31.868143 [debug] [MainThread]: Spark adapter: Setting pyhive.hive logging to ERROR
[0m16:59:31.869143 [debug] [MainThread]: Spark adapter: Setting thrift.transport logging to ERROR
[0m16:59:31.870143 [debug] [MainThread]: Spark adapter: Setting thrift.protocol logging to ERROR
[0m16:59:33.247844 [debug] [MainThread]: Sending event: {'category': 'dbt', 'action': 'project_id', 'label': 'f0808f49-5e36-43f5-a92f-49be8408ec54', 'context': [<snowplow_tracker.self_describing_json.SelfDescribingJson object at 0x000001F10F141BD0>]}
[0m16:59:33.340842 [debug] [MainThread]: Sending event: {'category': 'dbt', 'action': 'adapter_info', 'label': 'f0808f49-5e36-43f5-a92f-49be8408ec54', 'context': [<snowplow_tracker.self_describing_json.SelfDescribingJson object at 0x000001F17B357710>]}
[0m16:59:33.342200 [info ] [MainThread]: Registered adapter: databricks=1.12.3
[0m16:59:34.235702 [debug] [MainThread]: checksum: b154c3494314c7223c912bef68d7678b521a9d4ab83524a76084633bd437b3da, vars: {}, profile: lab_dbt, target: dev, version: 1.12.0
[0m16:59:34.529199 [debug] [MainThread]: Partial parsing enabled: 0 files deleted, 0 files added, 0 files changed.
[0m16:59:34.529199 [debug] [MainThread]: Nothing changed, skipping partial parsing.
[0m16:59:34.530145 [debug] [MainThread]: Partial parsing enabled, no changes found, skipping parsing
[0m16:59:34.539144 [warn ] [MainThread]: [[33mWARNING[0m]: Configuration paths exist in your dbt_project.yml file which do not apply to any resources.
There are 1 unused configuration paths:
- models.lab_dbt.gold
[0m16:59:34.545276 [debug] [MainThread]: Sending event: {'category': 'dbt', 'action': 'load_project', 'label': 'f0808f49-5e36-43f5-a92f-49be8408ec54', 'context': [<snowplow_tracker.self_describing_json.SelfDescribingJson object at 0x000001F10F07C450>]}
[0m16:59:34.737236 [debug] [MainThread]: Wrote artifact WritableManifest to C:\Users\tommad01\Desktop\Lab\lab_dbt\target\manifest.json
[0m16:59:34.742898 [debug] [MainThread]: Wrote artifact SemanticManifest to C:\Users\tommad01\Desktop\Lab\lab_dbt\target\semantic_manifest.json
[0m16:59:34.779096 [debug] [MainThread]: Wrote artifact OsiDocument to C:\Users\tommad01\Desktop\Lab\lab_dbt\target\osi_document.json
[0m16:59:34.796336 [debug] [MainThread]: Sending event: {'category': 'dbt', 'action': 'resource_counts', 'label': 'f0808f49-5e36-43f5-a92f-49be8408ec54', 'context': [<snowplow_tracker.self_describing_json.SelfDescribingJson object at 0x000001F10F16AD50>]}
[0m16:59:34.797325 [info ] [MainThread]: Found 3 models, 4 sources, 774 macros
[0m16:59:34.798334 [debug] [MainThread]: Sending event: {'category': 'dbt', 'action': 'runnable_timing', 'label': 'f0808f49-5e36-43f5-a92f-49be8408ec54', 'context': [<snowplow_tracker.self_describing_json.SelfDescribingJson object at 0x000001F10F1ECA90>]}
[0m16:59:34.800333 [info ] [MainThread]: 
[0m16:59:34.801617 [info ] [MainThread]: Concurrency: 4 threads (target='dev')
[0m16:59:34.802302 [info ] [MainThread]: 
[0m16:59:34.803302 [debug] [MainThread]: Databricks adapter: DatabricksDBTConnection(session-id=None, name=master) - Creating connection
[0m16:59:34.804305 [debug] [MainThread]: Acquiring new databricks connection 'master'
[0m16:59:34.816408 [debug] [ThreadPool]: Databricks adapter: DatabricksDBTConnection(session-id=None, name=list_opsanalytics_adb_workspace01) - Creating connection
[0m16:59:34.817391 [debug] [ThreadPool]: Acquiring new databricks connection 'list_opsanalytics_adb_workspace01'
[0m16:59:34.834335 [debug] [ThreadPool]: Using databricks connection "list_opsanalytics_adb_workspace01"
[0m16:59:34.834335 [debug] [ThreadPool]: On list_opsanalytics_adb_workspace01: /* {"app": "dbt", "dbt_version": "1.12.0", "dbt_databricks_version": "1.12.3", "databricks_sql_connector_version": "4.3.0", "profile_name": "lab_dbt", "target_name": "dev", "invocation_id": "f0808f49-5e36-43f5-a92f-49be8408ec54", "connection_name": "list_opsanalytics_adb_workspace01"} */

    

  SHOW SCHEMAS IN `opsanalytics_adb_workspace01`


  
[0m16:59:34.835838 [debug] [ThreadPool]: Opening a new connection, currently in state init
[0m16:59:36.430364 [debug] [ThreadPool]: Databricks adapter: Connection(session-id=01f19047-666c-1077-9c66-ccbd8cce5be7) - Created
[0m16:59:36.778893 [debug] [ThreadPool]: SQL status: OK in 1.940 seconds
[0m16:59:36.802857 [debug] [ThreadPool]: Databricks adapter: Cursor(session-id=01f19047-666c-1077-9c66-ccbd8cce5be7, command-id=01f19047-66b6-140d-81cc-cd9c1d16e072) - Closing
[0m16:59:36.804824 [debug] [ThreadPool]: On list_opsanalytics_adb_workspace01: Close
[0m16:59:36.806105 [debug] [ThreadPool]: Databricks adapter: Connection(session-id=01f19047-666c-1077-9c66-ccbd8cce5be7) - Closing
[0m16:59:36.967036 [debug] [ThreadPool]: Databricks adapter: DatabricksDBTConnection(session-id=None, name=list_opsanalytics_adb_workspace01_lab_staging) - Creating connection
[0m16:59:36.969037 [debug] [ThreadPool]: Acquiring new databricks connection 'list_opsanalytics_adb_workspace01_lab_staging'
[0m16:59:36.979035 [debug] [ThreadPool]: Using databricks connection "list_opsanalytics_adb_workspace01_lab_staging"
[0m16:59:36.981036 [debug] [ThreadPool]: On list_opsanalytics_adb_workspace01_lab_staging: /* {"app": "dbt", "dbt_version": "1.12.0", "dbt_databricks_version": "1.12.3", "databricks_sql_connector_version": "4.3.0", "profile_name": "lab_dbt", "target_name": "dev", "invocation_id": "f0808f49-5e36-43f5-a92f-49be8408ec54", "connection_name": "list_opsanalytics_adb_workspace01_lab_staging"} */

    
SELECT
  table_name,
  if(table_type IN ('EXTERNAL', 'MANAGED', 'MANAGED_SHALLOW_CLONE', 'EXTERNAL_SHALLOW_CLONE'), 'table', lower(table_type)) AS table_type,
  lower(data_source_format) AS file_format,
  table_owner,
  if(
    table_type IN (
      'EXTERNAL',
      'MANAGED',
      'MANAGED_SHALLOW_CLONE',
      'EXTERNAL_SHALLOW_CLONE'
    ),
    lower(table_type),
    NULL
  ) AS databricks_table_type
FROM `system`.`information_schema`.`tables`
WHERE table_catalog = 'opsanalytics_adb_workspace01'
  AND table_schema = 'lab_staging'

  
[0m16:59:36.982035 [debug] [ThreadPool]: Opening a new connection, currently in state init
[0m16:59:37.978062 [debug] [ThreadPool]: Databricks adapter: Connection(session-id=01f19047-6776-1da4-9386-35fe2e8c78fe) - Created
[0m16:59:38.541626 [debug] [ThreadPool]: SQL status: OK in 1.560 seconds
[0m16:59:38.548612 [debug] [ThreadPool]: Databricks adapter: Cursor(session-id=01f19047-6776-1da4-9386-35fe2e8c78fe, command-id=01f19047-67a4-1401-9405-4cec183eb89e) - Closing
[0m16:59:38.551576 [debug] [ThreadPool]: On list_opsanalytics_adb_workspace01_lab_staging: Close
[0m16:59:38.552586 [debug] [ThreadPool]: Databricks adapter: Connection(session-id=01f19047-6776-1da4-9386-35fe2e8c78fe) - Closing
[0m16:59:38.681205 [debug] [MainThread]: Sending event: {'category': 'dbt', 'action': 'runnable_timing', 'label': 'f0808f49-5e36-43f5-a92f-49be8408ec54', 'context': [<snowplow_tracker.self_describing_json.SelfDescribingJson object at 0x000001F10F5610D0>]}
[0m16:59:38.702078 [debug] [Thread-3 (]: Began running node model.lab_dbt.date_filter_bronze
[0m16:59:38.702954 [debug] [Thread-4 (]: Began running node model.lab_dbt.powerpath_cyto_biopsy_bronze
[0m16:59:38.705146 [info ] [Thread-3 (]: 1 of 3 START sql table model lab_staging.date_filter_bronze .................... [RUN]
[0m16:59:38.706959 [info ] [Thread-4 (]: 2 of 3 START sql table model lab_staging.powerpath_cyto_biopsy_bronze .......... [RUN]
[0m16:59:38.708988 [debug] [Thread-3 (]: Databricks adapter: DatabricksDBTConnection(session-id=None, name=model.lab_dbt.date_filter_bronze) - Creating connection
[0m16:59:38.710953 [debug] [Thread-4 (]: Databricks adapter: DatabricksDBTConnection(session-id=None, name=model.lab_dbt.powerpath_cyto_biopsy_bronze) - Creating connection
[0m16:59:38.711953 [debug] [Thread-3 (]: Acquiring new databricks connection 'model.lab_dbt.date_filter_bronze'
[0m16:59:38.713274 [debug] [Thread-4 (]: Acquiring new databricks connection 'model.lab_dbt.powerpath_cyto_biopsy_bronze'
[0m16:59:38.714272 [debug] [Thread-3 (]: Began compiling node model.lab_dbt.date_filter_bronze
[0m16:59:38.714984 [debug] [Thread-4 (]: Began compiling node model.lab_dbt.powerpath_cyto_biopsy_bronze
[0m16:59:38.729953 [debug] [Thread-3 (]: Writing injected SQL for node "model.lab_dbt.date_filter_bronze"
[0m16:59:38.735563 [debug] [Thread-4 (]: Writing injected SQL for node "model.lab_dbt.powerpath_cyto_biopsy_bronze"
[0m16:59:38.739957 [debug] [Thread-3 (]: Began executing node model.lab_dbt.date_filter_bronze
[0m16:59:38.739957 [debug] [Thread-4 (]: Began executing node model.lab_dbt.powerpath_cyto_biopsy_bronze
[0m16:59:38.763271 [debug] [Thread-3 (]: MATERIALIZING TABLE
[0m16:59:38.765270 [debug] [Thread-4 (]: MATERIALIZING TABLE
[0m16:59:38.811298 [debug] [Thread-3 (]: Using databricks connection "model.lab_dbt.date_filter_bronze"
[0m16:59:38.814271 [debug] [Thread-4 (]: Using databricks connection "model.lab_dbt.powerpath_cyto_biopsy_bronze"
[0m16:59:38.816487 [debug] [Thread-3 (]: On model.lab_dbt.date_filter_bronze: /* {"app": "dbt", "dbt_version": "1.12.0", "dbt_databricks_version": "1.12.3", "databricks_sql_connector_version": "4.3.0", "profile_name": "lab_dbt", "target_name": "dev", "invocation_id": "f0808f49-5e36-43f5-a92f-49be8408ec54", "node_id": "model.lab_dbt.date_filter_bronze"} */
SELECT
    table_catalog,
    table_schema,
    table_name,
    filter_name,
    target_columns
  FROM `opsanalytics_adb_workspace01`.`information_schema`.`row_filters`
  WHERE table_catalog = 'opsanalytics_adb_workspace01'
    AND table_schema = 'lab_staging'
    AND table_name = 'date_filter_bronze'
[0m16:59:38.818270 [debug] [Thread-4 (]: On model.lab_dbt.powerpath_cyto_biopsy_bronze: /* {"app": "dbt", "dbt_version": "1.12.0", "dbt_databricks_version": "1.12.3", "databricks_sql_connector_version": "4.3.0", "profile_name": "lab_dbt", "target_name": "dev", "invocation_id": "f0808f49-5e36-43f5-a92f-49be8408ec54", "node_id": "model.lab_dbt.powerpath_cyto_biopsy_bronze"} */
SELECT
    table_catalog,
    table_schema,
    table_name,
    filter_name,
    target_columns
  FROM `opsanalytics_adb_workspace01`.`information_schema`.`row_filters`
  WHERE table_catalog = 'opsanalytics_adb_workspace01'
    AND table_schema = 'lab_staging'
    AND table_name = 'powerpath_cyto_biopsy_bronze'
[0m16:59:38.819888 [debug] [Thread-3 (]: Opening a new connection, currently in state init
[0m16:59:38.821274 [debug] [Thread-4 (]: Opening a new connection, currently in state init
[0m16:59:39.982254 [debug] [Thread-3 (]: Databricks adapter: Connection(session-id=01f19047-68ab-15ce-9ebd-e113d2b1fc42) - Created
[0m16:59:39.982254 [debug] [Thread-4 (]: Databricks adapter: Connection(session-id=01f19047-68bc-1840-ad96-76ebd0e565c7) - Created
[0m16:59:40.505554 [debug] [Thread-3 (]: SQL status: OK in 1.690 seconds
[0m16:59:40.513502 [debug] [Thread-4 (]: SQL status: OK in 1.690 seconds
[0m16:59:40.518503 [debug] [Thread-3 (]: Databricks adapter: Cursor(session-id=01f19047-68ab-15ce-9ebd-e113d2b1fc42, command-id=01f19047-68d5-1469-b2ef-5a483e47aad7) - Closing
[0m16:59:40.541508 [debug] [Thread-4 (]: Databricks adapter: Cursor(session-id=01f19047-68bc-1840-ad96-76ebd0e565c7, command-id=01f19047-68dc-1793-a6df-f6416307e9e5) - Closing
[0m16:59:40.550532 [debug] [Thread-3 (]: Writing runtime sql for node "model.lab_dbt.date_filter_bronze"
[0m16:59:40.552535 [debug] [Thread-4 (]: Writing runtime sql for node "model.lab_dbt.powerpath_cyto_biopsy_bronze"
[0m16:59:40.554505 [debug] [Thread-3 (]: Using databricks connection "model.lab_dbt.date_filter_bronze"
[0m16:59:40.555539 [debug] [Thread-4 (]: Using databricks connection "model.lab_dbt.powerpath_cyto_biopsy_bronze"
[0m16:59:40.556505 [debug] [Thread-3 (]: On model.lab_dbt.date_filter_bronze: /* {"app": "dbt", "dbt_version": "1.12.0", "dbt_databricks_version": "1.12.3", "databricks_sql_connector_version": "4.3.0", "profile_name": "lab_dbt", "target_name": "dev", "invocation_id": "f0808f49-5e36-43f5-a92f-49be8408ec54", "node_id": "model.lab_dbt.date_filter_bronze"} */

  
    
        create or replace table `opsanalytics_adb_workspace01`.`lab_staging`.`date_filter_bronze`
      
      
    using delta
  
      
      
      
      
      
      
      
      
      as
      with dates as (
    select explode(sequence(
        date '1990-01-01',
        date '2100-12-31',
        interval 1 day
    )) as calendar_date
),

flagged as (
    select
        d.calendar_date,
        case
            when dayofweek(d.calendar_date) in (1, 7) then 0   -- Sun=1, Sat=7
            when h.holiday_date is not null           then 0
            else 1
        end as is_working_day
    from dates d
    left join `opsanalytics_adb_workspace01`.`lab`.`mshs_holidays` h
        on d.calendar_date = h.holiday_date
)

select
    calendar_date,
    is_working_day,
    sum(is_working_day) over (order by calendar_date
        rows between unbounded preceding and current row) as bizday_index
from flagged
  
[0m16:59:40.557504 [debug] [Thread-4 (]: On model.lab_dbt.powerpath_cyto_biopsy_bronze: /* {"app": "dbt", "dbt_version": "1.12.0", "dbt_databricks_version": "1.12.3", "databricks_sql_connector_version": "4.3.0", "profile_name": "lab_dbt", "target_name": "dev", "invocation_id": "f0808f49-5e36-43f5-a92f-49be8408ec54", "node_id": "model.lab_dbt.powerpath_cyto_biopsy_bronze"} */

  
    
        create or replace table `opsanalytics_adb_workspace01`.`lab_staging`.`powerpath_cyto_biopsy_bronze`
      
      
    using delta
  
      
      
      
      
      
      
      
      
      as
      select
    c.*,
    ps.PATIENT_SETTING
from `opsanalytics_adb_workspace01`.`lab`.`powerpath_raw` c
left join `opsanalytics_adb_workspace01`.`lab`.`lab_kpi_ap_patient_setting` ps
    on c.Rev_ctr = ps.REV_CTR
  
[0m16:59:43.167181 [debug] [Thread-3 (]: SQL status: OK in 2.610 seconds
[0m16:59:43.174127 [debug] [Thread-3 (]: Databricks adapter: Cursor(session-id=01f19047-68ab-15ce-9ebd-e113d2b1fc42, command-id=01f19047-6936-1bf5-b5fd-a9c7116ba9d7) - Closing
[0m16:59:43.227168 [debug] [Thread-3 (]: Applying tags to relation None
[0m16:59:43.264147 [debug] [Thread-3 (]: On model.lab_dbt.date_filter_bronze: Close
[0m16:59:43.265147 [debug] [Thread-3 (]: Databricks adapter: Connection(session-id=01f19047-68ab-15ce-9ebd-e113d2b1fc42) - Closing
[0m16:59:43.409122 [debug] [Thread-4 (]: SQL status: OK in 2.850 seconds
[0m16:59:43.418172 [debug] [Thread-4 (]: Databricks adapter: Cursor(session-id=01f19047-68bc-1840-ad96-76ebd0e565c7, command-id=01f19047-6939-1c7d-a6f5-f78c0e6c0d08) - Closing
[0m16:59:43.420256 [debug] [Thread-4 (]: Applying tags to relation None
[0m16:59:43.421256 [debug] [Thread-3 (]: Sending event: {'category': 'dbt', 'action': 'run_model', 'label': 'f0808f49-5e36-43f5-a92f-49be8408ec54', 'context': [<snowplow_tracker.self_describing_json.SelfDescribingJson object at 0x000001F10F942310>]}
[0m16:59:43.423287 [debug] [Thread-4 (]: On model.lab_dbt.powerpath_cyto_biopsy_bronze: Close
[0m16:59:43.425290 [info ] [Thread-3 (]: 1 of 3 OK created sql table model lab_staging.date_filter_bronze ............... [[32mOK[0m in 4.71s]
[0m16:59:43.426259 [debug] [Thread-4 (]: Databricks adapter: Connection(session-id=01f19047-68bc-1840-ad96-76ebd0e565c7) - Closing
[0m16:59:43.427533 [debug] [Thread-3 (]: Finished running node model.lab_dbt.date_filter_bronze
[0m16:59:43.590494 [debug] [Thread-4 (]: Sending event: {'category': 'dbt', 'action': 'run_model', 'label': 'f0808f49-5e36-43f5-a92f-49be8408ec54', 'context': [<snowplow_tracker.self_describing_json.SelfDescribingJson object at 0x000001F10F907E90>]}
[0m16:59:43.592503 [info ] [Thread-4 (]: 2 of 3 OK created sql table model lab_staging.powerpath_cyto_biopsy_bronze ..... [[32mOK[0m in 4.88s]
[0m16:59:43.593500 [debug] [Thread-4 (]: Finished running node model.lab_dbt.powerpath_cyto_biopsy_bronze
[0m16:59:43.594500 [debug] [Thread-6 (]: Began running node model.lab_dbt.powerpath_cyto_biopsy_silver
[0m16:59:43.596503 [info ] [Thread-6 (]: 3 of 3 START sql table model lab_staging.powerpath_cyto_biopsy_silver .......... [RUN]
[0m16:59:43.597500 [debug] [Thread-6 (]: Databricks adapter: DatabricksDBTConnection(session-id=None, name=model.lab_dbt.powerpath_cyto_biopsy_silver) - Creating connection
[0m16:59:43.598499 [debug] [Thread-6 (]: Acquiring new databricks connection 'model.lab_dbt.powerpath_cyto_biopsy_silver'
[0m16:59:43.599499 [debug] [Thread-6 (]: Began compiling node model.lab_dbt.powerpath_cyto_biopsy_silver
[0m16:59:43.604499 [debug] [Thread-6 (]: Writing injected SQL for node "model.lab_dbt.powerpath_cyto_biopsy_silver"
[0m16:59:43.606531 [debug] [Thread-6 (]: Began executing node model.lab_dbt.powerpath_cyto_biopsy_silver
[0m16:59:43.608502 [debug] [Thread-6 (]: MATERIALIZING TABLE
[0m16:59:43.631502 [debug] [Thread-6 (]: Using databricks connection "model.lab_dbt.powerpath_cyto_biopsy_silver"
[0m16:59:43.633541 [debug] [Thread-6 (]: On model.lab_dbt.powerpath_cyto_biopsy_silver: /* {"app": "dbt", "dbt_version": "1.12.0", "dbt_databricks_version": "1.12.3", "databricks_sql_connector_version": "4.3.0", "profile_name": "lab_dbt", "target_name": "dev", "invocation_id": "f0808f49-5e36-43f5-a92f-49be8408ec54", "node_id": "model.lab_dbt.powerpath_cyto_biopsy_silver"} */
SELECT
    table_catalog,
    table_schema,
    table_name,
    filter_name,
    target_columns
  FROM `opsanalytics_adb_workspace01`.`information_schema`.`row_filters`
  WHERE table_catalog = 'opsanalytics_adb_workspace01'
    AND table_schema = 'lab_staging'
    AND table_name = 'powerpath_cyto_biopsy_silver'
[0m16:59:43.635230 [debug] [Thread-6 (]: Opening a new connection, currently in state init
[0m16:59:44.479398 [debug] [Thread-6 (]: Databricks adapter: Connection(session-id=01f19047-6b5a-12bb-8be9-d07d0820f1bb) - Created
[0m16:59:44.950283 [debug] [Thread-6 (]: SQL status: OK in 1.320 seconds
[0m16:59:44.956253 [debug] [Thread-6 (]: Databricks adapter: Cursor(session-id=01f19047-6b5a-12bb-8be9-d07d0820f1bb, command-id=01f19047-6b82-1dfd-a43c-ec9cfe4d8e80) - Closing
[0m16:59:44.959279 [debug] [Thread-6 (]: Writing runtime sql for node "model.lab_dbt.powerpath_cyto_biopsy_silver"
[0m16:59:44.962249 [debug] [Thread-6 (]: Using databricks connection "model.lab_dbt.powerpath_cyto_biopsy_silver"
[0m16:59:44.963249 [debug] [Thread-6 (]: On model.lab_dbt.powerpath_cyto_biopsy_silver: /* {"app": "dbt", "dbt_version": "1.12.0", "dbt_databricks_version": "1.12.3", "databricks_sql_connector_version": "4.3.0", "profile_name": "lab_dbt", "target_name": "dev", "invocation_id": "f0808f49-5e36-43f5-a92f-49be8408ec54", "node_id": "model.lab_dbt.powerpath_cyto_biopsy_silver"} */

  
    
        create or replace table `opsanalytics_adb_workspace01`.`lab_staging`.`powerpath_cyto_biopsy_silver`
      
      
    using delta
  
      
      
      
      
      
      
      
      
      as
      with raw as (
    select *
    from `opsanalytics_adb_workspace01`.`lab_staging`.`powerpath_cyto_biopsy_bronze`
    where spec_group in ('CYTO NONGYN', 'CYTO GYN', 'BREAST')
      and spec_sort_order = 'A'
),

cleaned as (
    select
        replace(Case_no, '*failed to decode utf16*', '')   as Case_no,
        case
            when Facility = 'KH'   then 'MSB'
            when Facility = 'R'    then 'MSW'
            when Facility = 'STL'  then 'MSM'
            when Facility = 'SNCH' then 'MSSN'
            when Facility = 'MSS'  then 'MSH'
            when Facility = 'SL'   then 'MSM'
            when Facility = 'PACC' then 'MSUS'
            else Facility
        end                                                 as Facility,
        case
            when Spec_code = 'BREA1' and spec_group = 'BREAST' then 'Breast Biopsy'
            when spec_group = 'CYTO NONGYN'                    then 'Cytology NONGYN'
            when spec_group = 'CYTO GYN'                       then 'Cytology GYN'
            else 'Breast Large/Resection'
        end                                                 as TEST_NAME,
        cast(Case_created_date as timestamp)                as Case_created_date,
        cast(Collection_Date   as timestamp)                as Collection_Date,
        cast(Received_Date     as timestamp)                as Received_Date,
        cast(signed_out_date   as timestamp)                as signed_out_date,
        Priority, Spec_code, Specimen_description, CPT_code, Rev_ctr,
        Encounter_no, MRN, Refmd_code, Refmd_name,
        spec_sort_order, spec_group, patient_type,
        _source_file, _ingested_at
    from raw
),

with_setting as (
    select
        c.* except (PATIENT_SETTING),
        case
            when c.Rev_ctr = 'MSBK' and c.patient_type in ('A', 'O') then 'Amb'
            when c.Rev_ctr = 'MSBK' and c.patient_type = 'IN'        then 'IP'
            else PATIENT_SETTING
        end as PATIENT_SETTING
    from cleaned c
),

with_tat as (
    select
        w.*,
        datediff(w.signed_out_date, w.Collection_Date)   as Collection_to_signed_out,
        so.bizday_index - rc.bizday_index                as Received_to_signed_out
    from with_setting w
    left join `opsanalytics_adb_workspace01`.`lab_staging`.`date_filter_bronze` rc
        on cast(w.Received_Date   as date) = rc.calendar_date
    left join `opsanalytics_adb_workspace01`.`lab_staging`.`date_filter_bronze` so
        on cast(w.signed_out_date as date) = so.calendar_date
),


new_data as (
    select
        Facility                as FACILITY,
        Priority                as PRIORITY,
        Spec_code               as SPEC_CODE,
        Specimen_description    as SPECIMEN_DESCRIPTION,
        CPT_code                as CPT_CODE,
        Rev_ctr                 as REV_CTR,
        Encounter_no            as ENCOUNTER_NO,
        MRN,
        Case_no                 as CASE_NO,
        Case_created_date       as CASE_CREATED_DATE,
        Collection_Date         as COLLECTION_DATE,
        Received_Date           as RECEIVED_DATE,
        signed_out_date         as SIGNED_OUT_DATE,
        Refmd_code              as REFMD_CODE,
        spec_sort_order         as SPEC_SORT_ORDER,
        TEST_NAME,
        PATIENT_SETTING,
        Collection_to_signed_out as COLLECTION_TO_SIGNED_OUT,
        Received_to_signed_out   as RECEIVED_TO_SIGNED_OUT,
        case
            when TEST_NAME = 'Breast Biopsy'          then 3
            when TEST_NAME = 'Breast Large/Resection' then 5
            when TEST_NAME = 'Cytology GYN'           then 8
            else 8
        end                     as TAT_TARGET,
        case
            when Received_to_signed_out <= case
                when TEST_NAME = 'Breast Biopsy'          then 3
                when TEST_NAME = 'Breast Large/Resection' then 5
                when TEST_NAME = 'Cytology GYN'           then 8
                else 8
            end then 1 else 0
        end                     as IS_TAT_WITHIN_TARGET,
        spec_group              as SPEC_GROUP,
        Refmd_name              as REFMD_NAME,
        _source_file            as _SOURCE_FILE,
        _ingested_at            as _INGESTED_AT
    from with_tat
),

historical as (
    select
        FACILITY, PRIORITY, SPEC_CODE, SPECIMEN_DESCRIPTION, CPT_CODE, REV_CTR,
        ENCOUNTER_NO, MRN, CASE_NO, CASE_CREATED_DATE, COLLECTION_DATE,
        RECEIVED_DATE, SIGNED_OUT_DATE, REFMD_CODE, SPEC_SORT_ORDER, TEST_NAME,
        PATIENT_SETTING, COLLECTION_TO_SIGNED_OUT, RECEIVED_TO_SIGNED_OUT,
        TAT_TARGET, IS_TAT_WITHIN_TARGET, SPEC_GROUP, REFMD_NAME,
        cast(null as string)    as _SOURCE_FILE,
        cast(null as timestamp) as _INGESTED_AT
    from `opsanalytics_adb_workspace01`.`lab`.`powerpath_cyto_biopsy_historical`
)


select * from historical
union all
select * from new_data
  
[0m16:59:45.600187 [debug] [Thread-6 (]: Databricks adapter: Exception while trying to execute query
/* {"app": "dbt", "dbt_version": "1.12.0", "dbt_databricks_version": "1.12.3", "databricks_sql_connector_version": "4.3.0", "profile_name": "lab_dbt", "target_name": "dev", "invocation_id": "f0808f49-5e36-43f5-a92f-49be8408ec54", "node_id": "model.lab_dbt.powerpath_cyto_biopsy_silver"} */

  
    
        create or replace table `opsanalytics_adb_workspace01`.`lab_staging`.`powerpath_cyto_biopsy_silver`
      
      
    using delta
  
      
      
      
      
      
      
      
      
      as
      with raw as (
    select *
    from `opsanalytics_adb_workspace01`.`lab_staging`.`powerpath_cyto_biopsy_bronze`
    where spec_group in ('CYTO NONGYN', 'CYTO GYN', 'BREAST')
      and spec_sort_order = 'A'
),

cleaned as (
    select
        replace(Case_no, '*failed to decode utf16*', '')   as Case_no,
        case
            when Facility = 'KH'   then 'MSB'
            when Facility = 'R'    then 'MSW'
            when Facility = 'STL'  then 'MSM'
            when Facility = 'SNCH' then 'MSSN'
            when Facility = 'MSS'  then 'MSH'
            when Facility = 'SL'   then 'MSM'
            when Facility = 'PACC' then 'MSUS'
            else Facility
        end                                                 as Facility,
        case
            when Spec_code = 'BREA1' and spec_group = 'BREAST' then 'Breast Biopsy'
            when spec_group = 'CYTO NONGYN'                    then 'Cytology NONGYN'
            when spec_group = 'CYTO GYN'                       then 'Cytology GYN'
            else 'Breast Large/Resection'
        end                                                 as TEST_NAME,
        cast(Case_created_date as timestamp)                as Case_created_date,
        cast(Collection_Date   as timestamp)                as Collection_Date,
        cast(Received_Date     as timestamp)                as Received_Date,
        cast(signed_out_date   as timestamp)                as signed_out_date,
        Priority, Spec_code, Specimen_description, CPT_code, Rev_ctr,
        Encounter_no, MRN, Refmd_code, Refmd_name,
        spec_sort_order, spec_group, patient_type,
        _source_file, _ingested_at
    from raw
),

with_setting as (
    select
        c.* except (PATIENT_SETTING),
        case
            when c.Rev_ctr = 'MSBK' and c.patient_type in ('A', 'O') then 'Amb'
            when c.Rev_ctr = 'MSBK' and c.patient_type = 'IN'        then 'IP'
            else PATIENT_SETTING
        end as PATIENT_SETTING
    from cleaned c
),

with_tat as (
    select
        w.*,
        datediff(w.signed_out_date, w.Collection_Date)   as Collection_to_signed_out,
        so.bizday_index - rc.bizday_index                as Received_to_signed_out
    from with_setting w
    left join `opsanalytics_adb_workspace01`.`lab_staging`.`date_filter_bronze` rc
        on cast(w.Received_Date   as date) = rc.calendar_date
    left join `opsanalytics_adb_workspace01`.`lab_staging`.`date_filter_bronze` so
        on cast(w.signed_out_date as date) = so.calendar_date
),


new_data as (
    select
        Facility                as FACILITY,
        Priority                as PRIORITY,
        Spec_code               as SPEC_CODE,
        Specimen_description    as SPECIMEN_DESCRIPTION,
        CPT_code                as CPT_CODE,
        Rev_ctr                 as REV_CTR,
        Encounter_no            as ENCOUNTER_NO,
        MRN,
        Case_no                 as CASE_NO,
        Case_created_date       as CASE_CREATED_DATE,
        Collection_Date         as COLLECTION_DATE,
        Received_Date           as RECEIVED_DATE,
        signed_out_date         as SIGNED_OUT_DATE,
        Refmd_code              as REFMD_CODE,
        spec_sort_order         as SPEC_SORT_ORDER,
        TEST_NAME,
        PATIENT_SETTING,
        Collection_to_signed_out as COLLECTION_TO_SIGNED_OUT,
        Received_to_signed_out   as RECEIVED_TO_SIGNED_OUT,
        case
            when TEST_NAME = 'Breast Biopsy'          then 3
            when TEST_NAME = 'Breast Large/Resection' then 5
            when TEST_NAME = 'Cytology GYN'           then 8
            else 8
        end                     as TAT_TARGET,
        case
            when Received_to_signed_out <= case
                when TEST_NAME = 'Breast Biopsy'          then 3
                when TEST_NAME = 'Breast Large/Resection' then 5
                when TEST_NAME = 'Cytology GYN'           then 8
                else 8
            end then 1 else 0
        end                     as IS_TAT_WITHIN_TARGET,
        spec_group              as SPEC_GROUP,
        Refmd_name              as REFMD_NAME,
        _source_file            as _SOURCE_FILE,
        _ingested_at            as _INGESTED_AT
    from with_tat
),

historical as (
    select
        FACILITY, PRIORITY, SPEC_CODE, SPECIMEN_DESCRIPTION, CPT_CODE, REV_CTR,
        ENCOUNTER_NO, MRN, CASE_NO, CASE_CREATED_DATE, COLLECTION_DATE,
        RECEIVED_DATE, SIGNED_OUT_DATE, REFMD_CODE, SPEC_SORT_ORDER, TEST_NAME,
        PATIENT_SETTING, COLLECTION_TO_SIGNED_OUT, RECEIVED_TO_SIGNED_OUT,
        TAT_TARGET, IS_TAT_WITHIN_TARGET, SPEC_GROUP, REFMD_NAME,
        cast(null as string)    as _SOURCE_FILE,
        cast(null as timestamp) as _INGESTED_AT
    from `opsanalytics_adb_workspace01`.`lab`.`powerpath_cyto_biopsy_historical`
)


select * from historical
union all
select * from new_data
  
: [UNRESOLVED_COLUMN.WITH_SUGGESTION] A column, variable, or function parameter with name `PATIENT_SETTING` cannot be resolved. Did you mean one of the following? [`TEST_NAME`, `CPT_code`, `Case_no`, `Spec_code`, `Rev_ctr`]. SQLSTATE: 42703; line 58 pos 8
Error properties: diagnostic-info=org.apache.hive.service.cli.HiveSQLException: Error running query: [UNRESOLVED_COLUMN.WITH_SUGGESTION] org.apache.spark.sql.AnalysisException: [UNRESOLVED_COLUMN.WITH_SUGGESTION] A column, variable, or function parameter with name `PATIENT_SETTING` cannot be resolved. Did you mean one of the following? [`TEST_NAME`, `CPT_code`, `Case_no`, `Spec_code`, `Rev_ctr`]. SQLSTATE: 42703; line 58 pos 8
	at org.apache.spark.sql.hive.thriftserver.HiveThriftServerErrors$.runningQueryError(HiveThriftServerErrors.scala:58)
	at org.apache.spark.sql.hive.thriftserver.SparkExecuteStatementOperation.$anonfun$execute$1(SparkExecuteStatementOperation.scala:1205)
	at scala.runtime.java8.JFunction0$mcV$sp.apply(JFunction0$mcV$sp.scala:18)
	at com.databricks.unity.UCSEphemeralState$Handle.runWith(UCSEphemeralState.scala:51)
	at com.databricks.unity.HandleImpl.runWith(UCSHandle.scala:128)
	at org.apache.spark.sql.hive.thriftserver.SparkExecuteStatementOperation.org$apache$spark$sql$hive$thriftserver$SparkExecuteStatementOperation$$execute(SparkExecuteStatementOperation.scala:898)
	at org.apache.spark.sql.hive.thriftserver.SparkExecuteStatementOperation$$anon$2$$anon$3.$anonfun$run$6(SparkExecuteStatementOperation.scala:647)
	at scala.runtime.java8.JFunction0$mcV$sp.apply(JFunction0$mcV$sp.scala:18)
	at org.apache.spark.sql.execution.SQLExecution$.withRootExecution(SQLExecution.scala:1538)
	at org.apache.spark.sql.hive.thriftserver.SparkExecuteStatementOperation$$anon$2$$anon$3.$anonfun$run$3(SparkExecuteStatementOperation.scala:647)
	at scala.runtime.java8.JFunction0$mcV$sp.apply(JFunction0$mcV$sp.scala:18)
	at com.databricks.util.TracingSpanUtils$.withTracing(TracingSpanUtils.scala:251)
	at com.databricks.spark.util.DatabricksTracingHelper.withSpan(DatabricksSparkTracingHelper.scala:154)
	at com.databricks.spark.util.DBRTracing$.withSpan(DBRTracing.scala:87)
	at org.apache.spark.sql.hive.thriftserver.ThriftLocalProperties.$anonfun$withLocalProperties$18(ThriftLocalProperties.scala:366)
	at com.databricks.logging.AttributionContextTracing.$anonfun$withAttributionContext$1(AttributionContextTracing.scala:146)
	at com.databricks.logging.AttributionContext$.$anonfun$withValue$1(AttributionContext.scala:349)
	at scala.util.DynamicVariable.withValue(DynamicVariable.scala:59)
	at com.databricks.logging.AttributionContext$.withValue(AttributionContext.scala:345)
	at com.databricks.logging.AttributionContextTracing.withAttributionContext(AttributionContextTracing.scala:144)
	at com.databricks.logging.AttributionContextTracing.withAttributionContext$(AttributionContextTracing.scala:141)
	at com.databricks.spark.util.PublicDBLogging.withAttributionContext(DatabricksSparkUsageLogger.scala:29)
	at com.databricks.logging.AttributionContextTracing.withAttributionTags(AttributionContextTracing.scala:201)
	at com.databricks.logging.AttributionContextTracing.withAttributionTags$(AttributionContextTracing.scala:182)
	at com.databricks.spark.util.PublicDBLogging.withAttributionTags(DatabricksSparkUsageLogger.scala:29)
	at com.databricks.spark.util.PublicDBLogging.withAttributionTags0(DatabricksSparkUsageLogger.scala:108)
	at com.databricks.spark.util.DatabricksSparkUsageLogger.withAttributionTags(DatabricksSparkUsageLogger.scala:215)
	at com.databricks.spark.util.UsageLogging.$anonfun$withAttributionTags$1(UsageLogger.scala:668)
	at com.databricks.spark.util.UsageLogging$.withAttributionTags(UsageLogger.scala:780)
	at com.databricks.spark.util.UsageLogging$.withAttributionTags(UsageLogger.scala:789)
	at com.databricks.spark.util.UsageLogging.withAttributionTags(UsageLogger.scala:668)
	at com.databricks.spark.util.UsageLogging.withAttributionTags$(UsageLogger.scala:666)
	at org.apache.spark.sql.hive.thriftserver.SparkExecuteStatementOperation.withAttributionTags(SparkExecuteStatementOperation.scala:79)
	at org.apache.spark.sql.hive.thriftserver.ThriftLocalProperties.$anonfun$withLocalProperties$15(ThriftLocalProperties.scala:365)
	at com.databricks.spark.util.IdentityClaim$.withClaim(IdentityClaim.scala:48)
	at org.apache.spark.sql.hive.thriftserver.ThriftLocalProperties.withLocalProperties(ThriftLocalProperties.scala:360)
	at org.apache.spark.sql.hive.thriftserver.ThriftLocalProperties.withLocalProperties$(ThriftLocalProperties.scala:180)
	at org.apache.spark.sql.hive.thriftserver.SparkExecuteStatementOperation.withLocalProperties(SparkExecuteStatementOperation.scala:79)
	at org.apache.spark.sql.hive.thriftserver.SparkExecuteStatementOperation$$anon$2$$anon$3.$anonfun$run$2(SparkExecuteStatementOperation.scala:623)
	at scala.runtime.java8.JFunction0$mcV$sp.apply(JFunction0$mcV$sp.scala:18)
	at com.databricks.spark.util.DBRTracing$.withSpanFromParent(DBRTracing.scala:70)
	at org.apache.spark.sql.hive.thriftserver.SparkExecuteStatementOperation$$anon$2$$anon$3.run(SparkExecuteStatementOperation.scala:623)
	at org.apache.spark.sql.hive.thriftserver.SparkExecuteStatementOperation$$anon$2$$anon$3.run(SparkExecuteStatementOperation.scala:596)
	at java.base/java.security.AccessController.doPrivileged(AccessController.java:712)
	at java.base/javax.security.auth.Subject.doAs(Subject.java:439)
	at org.apache.hadoop.security.UserGroupInformation.doAs(UserGroupInformation.java:1953)
	at org.apache.spark.sql.hive.thriftserver.SparkExecuteStatementOperation$$anon$2.run(SparkExecuteStatementOperation.scala:661)
	at java.base/java.util.concurrent.Executors$RunnableAdapter.call(Executors.java:539)
	at java.base/java.util.concurrent.FutureTask.run(FutureTask.java:264)
	at java.base/java.util.concurrent.ThreadPoolExecutor.runWorker(ThreadPoolExecutor.java:1136)
	at java.base/java.util.concurrent.ThreadPoolExecutor$Worker.run(ThreadPoolExecutor.java:635)
	at java.base/java.lang.Thread.run(Thread.java:840)
Caused by: org.apache.spark.sql.AnalysisException: [UNRESOLVED_COLUMN.WITH_SUGGESTION] A column, variable, or function parameter with name `PATIENT_SETTING` cannot be resolved. Did you mean one of the following? [`TEST_NAME`, `CPT_code`, `Case_no`, `Spec_code`, `Rev_ctr`]. SQLSTATE: 42703; line 58 pos 8
	at org.apache.spark.sql.errors.QueryCompilationErrors$.unresolvedColumnError(QueryCompilationErrors.scala:741)
	at org.apache.spark.sql.catalyst.analysis.UnresolvedStarExceptOrReplace.$anonfun$expandStar$9(unresolved.scala:749)
	at scala.Option.getOrElse(Option.scala:201)
	at org.apache.spark.sql.catalyst.analysis.UnresolvedStarExceptOrReplace.$anonfun$expandStar$7(unresolved.scala:740)
	at scala.collection.immutable.List.map(List.scala:247)
	at scala.collection.immutable.List.map(List.scala:79)
	at org.apache.spark.sql.catalyst.analysis.UnresolvedStarExceptOrReplace.expandStar(unresolved.scala:737)
	at org.apache.spark.sql.catalyst.analysis.Star.expand(unresolved.scala:586)
	at org.apache.spark.sql.catalyst.analysis.Star.expand$(unresolved.scala:584)
	at org.apache.spark.sql.catalyst.analysis.UnresolvedStarExceptOrReplace.expand(unresolved.scala:716)
	at org.apache.spark.sql.catalyst.analysis.Analyzer$ResolveReferences.$anonfun$expand$1(Analyzer.scala:2828)
	at org.apache.spark.sql.catalyst.analysis.package$.withPosition(package.scala:110)
	at org.apache.spark.sql.catalyst.analysis.Analyzer$ResolveReferences.org$apache$spark$sql$catalyst$analysis$Analyzer$ResolveReferences$$expand(Analyzer.scala:2827)
	at org.apache.spark.sql.catalyst.analysis.Analyzer$ResolveReferences.$anonfun$buildExpandedProjectList$1(Analyzer.scala:2849)
	at scala.collection.immutable.List.flatMap(List.scala:294)
	at scala.collection.immutable.List.flatMap(List.scala:79)
	at org.apache.spark.sql.catalyst.analysis.Analyzer$ResolveReferences.buildExpandedProjectList(Analyzer.scala:2847)
	at org.apache.spark.sql.catalyst.analysis.Analyzer$ResolveReferences$$anonfun$doApply$3.applyOrElse(Analyzer.scala:2436)
	at org.apache.spark.sql.catalyst.analysis.Analyzer$ResolveReferences$$anonfun$doApply$3.applyOrElse(Analyzer.scala:2411)
	at org.apache.spark.sql.catalyst.plans.logical.AnalysisHelper.$anonfun$resolveOperatorsUpWithPruning$3(AnalysisHelper.scala:141)
	at org.apache.spark.sql.catalyst.trees.CurrentOrigin$.withOrigin(origin.scala:142)
	at org.apache.spark.sql.catalyst.plans.logical.AnalysisHelper.$anonfun$resolveOperatorsUpWithPruning$1(AnalysisHelper.scala:141)
	at org.apache.spark.sql.catalyst.plans.logical.AnalysisHelper$.allowInvokingTransformsInAnalyzer(AnalysisHelper.scala:418)
	at org.apache.spark.sql.catalyst.plans.logical.AnalysisHelper.resolveOperatorsUpWithPruning(AnalysisHelper.scala:137)
	at org.apache.spark.sql.catalyst.plans.logical.AnalysisHelper.resolveOperatorsUpWithPruning$(AnalysisHelper.scala:133)
	at org.apache.spark.sql.catalyst.plans.logical.LogicalPlan.resolveOperatorsUpWithPruning(LogicalPlan.scala:48)
	at org.apache.spark.sql.catalyst.plans.logical.AnalysisHelper.$anonfun$resolveOperatorsUpWithPruning$2(AnalysisHelper.scala:138)
	at org.apache.spark.sql.catalyst.trees.UnaryLike.mapChildren(TreeNode.scala:1473)
	at org.apache.spark.sql.catalyst.trees.UnaryLike.mapChildren$(TreeNode.scala:1472)
	at org.apache.spark.sql.catalyst.plans.logical.SubqueryAlias.mapChildren(basicLogicalOperators.scala:2745)
	at org.apache.spark.sql.catalyst.plans.logical.AnalysisHelper.$anonfun$resolveOperatorsUpWithPruning$1(AnalysisHelper.scala:138)
	at org.apache.spark.sql.catalyst.plans.logical.AnalysisHelper$.allowInvokingTransformsInAnalyzer(AnalysisHelper.scala:418)
	at org.apache.spark.sql.catalyst.plans.logical.AnalysisHelper.resolveOperatorsUpWithPruning(AnalysisHelper.scala:137)
	at org.apache.spark.sql.catalyst.plans.logical.AnalysisHelper.resolveOperatorsUpWithPruning$(AnalysisHelper.scala:133)
	at org.apache.spark.sql.catalyst.plans.logical.LogicalPlan.resolveOperatorsUpWithPruning(LogicalPlan.scala:48)
	at org.apache.spark.sql.catalyst.plans.logical.AnalysisHelper.$anonfun$resolveOperatorsUpWithPruning$2(AnalysisHelper.scala:138)
	at org.apache.spark.sql.catalyst.trees.UnaryLike.mapChildren(TreeNode.scala:1473)
	at org.apache.spark.sql.catalyst.trees.UnaryLike.mapChildren$(TreeNode.scala:1472)
	at org.apache.spark.sql.catalyst.plans.logical.CTERelationDef.mapChildren(cteOperators.scala:124)
	at org.apache.spark.sql.catalyst.plans.logical.AnalysisHelper.$anonfun$resolveOperatorsUpWithPruning$1(AnalysisHelper.scala:138)
	at org.apache.spark.sql.catalyst.plans.logical.AnalysisHelper$.allowInvokingTransformsInAnalyzer(AnalysisHelper.scala:418)
	at org.apache.spark.sql.catalyst.plans.logical.AnalysisHelper.resolveOperatorsUpWithPruning(AnalysisHelper.scala:137)
	at org.apache.spark.sql.catalyst.plans.logical.AnalysisHelper.resolveOperatorsUpWithPruning$(AnalysisHelper.scala:133)
	at org.apache.spark.sql.catalyst.plans.logical.LogicalPlan.resolveOperatorsUpWithPruning(LogicalPlan.scala:48)
	at org.apache.spark.sql.catalyst.plans.logical.AnalysisHelper.$anonfun$resolveOperatorsUpWithPruning$2(AnalysisHelper.scala:138)
	at scala.collection.immutable.Vector1.map(Vector.scala:2141)
	at scala.collection.immutable.Vector1.map(Vector.scala:386)
	at org.apache.spark.sql.catalyst.trees.TreeNode.mapChildren(TreeNode.scala:849)
	at org.apache.spark.sql.catalyst.plans.logical.AnalysisHelper.$anonfun$resolveOperatorsUpWithPruning$1(AnalysisHelper.scala:138)
	at org.apache.spark.sql.catalyst.plans.logical.AnalysisHelper$.allowInvokingTransformsInAnalyzer(AnalysisHelper.scala:418)
	at org.apache.spark.sql.catalyst.plans.logical.AnalysisHelper.resolveOperatorsUpWithPruning(AnalysisHelper.scala:137)
	at org.apache.spark.sql.catalyst.plans.logical.AnalysisHelper.resolveOperatorsUpWithPruning$(AnalysisHelper.scala:133)
	at org.apache.spark.sql.catalyst.plans.logical.LogicalPlan.resolveOperatorsUpWithPruning(LogicalPlan.scala:48)
	at org.apache.spark.sql.catalyst.plans.logical.AnalysisHelper.$anonfun$resolveOperatorsUpWithPruning$2(AnalysisHelper.scala:138)
	at scala.collection.immutable.List.map(List.scala:251)
	at scala.collection.immutable.List.map(List.scala:79)
	at org.apache.spark.sql.catalyst.trees.TreeNode.mapChildren(TreeNode.scala:849)
	at org.apache.spark.sql.catalyst.plans.logical.AnalysisHelper.$anonfun$resolveOperatorsUpWithPruning$1(AnalysisHelper.scala:138)
	at org.apache.spark.sql.catalyst.plans.logical.AnalysisHelper$.allowInvokingTransformsInAnalyzer(AnalysisHelper.scala:418)
	at org.apache.spark.sql.catalyst.plans.logical.AnalysisHelper.resolveOperatorsUpWithPruning(AnalysisHelper.scala:137)
	at org.apache.spark.sql.catalyst.plans.logical.AnalysisHelper.resolveOperatorsUpWithPruning$(AnalysisHelper.scala:133)
	at org.apache.spark.sql.catalyst.plans.logical.LogicalPlan.resolveOperatorsUpWithPruning(LogicalPlan.scala:48)
	at org.apache.spark.sql.catalyst.plans.logical.AnalysisHelper.resolveOperatorsUp(AnalysisHelper.scala:114)
	at org.apache.spark.sql.catalyst.plans.logical.AnalysisHelper.resolveOperatorsUp$(AnalysisHelper.scala:113)
	at org.apache.spark.sql.catalyst.plans.logical.LogicalPlan.resolveOperatorsUp(LogicalPlan.scala:48)
	at org.apache.spark.sql.catalyst.analysis.Analyzer$ResolveReferences.doApply(Analyzer.scala:2411)
	at org.apache.spark.sql.catalyst.analysis.Analyzer$ResolveReferences.apply(Analyzer.scala:2408)
	at org.apache.spark.sql.catalyst.analysis.Analyzer$ResolveReferences.apply(Analyzer.scala:2358)
	at org.apache.spark.sql.catalyst.rules.RuleExecutor.$anonfun$execute$17(RuleExecutor.scala:521)
	at org.apache.spark.sql.catalyst.rules.RecoverableRuleExecutionHelper.processRule(RuleExecutor.scala:675)
	at org.apache.spark.sql.catalyst.rules.RecoverableRuleExecutionHelper.processRule$(RuleExecutor.scala:659)
	at org.apache.spark.sql.catalyst.rules.RuleExecutor.processRule(RuleExecutor.scala:155)
	at org.apache.spark.sql.catalyst.rules.RuleExecutor.$anonfun$execute$16(RuleExecutor.scala:521)
	at com.databricks.spark.util.MemoryTracker$.withThreadAllocatedBytes(MemoryTracker.scala:51)
	at org.apache.spark.sql.catalyst.QueryPlanningTracker$.measureRule(QueryPlanningTracker.scala:450)
	at org.apache.spark.sql.catalyst.rules.RuleExecutor.$anonfun$execute$15(RuleExecutor.scala:519)
	at com.databricks.spark.util.FrameProfiler$.$anonfun$record$1(FrameProfiler.scala:114)
	at com.databricks.spark.util.FrameProfilerExporter$.maybeExportFrameProfiler(FrameProfilerExporter.scala:146)
	at com.databricks.spark.util.FrameProfiler$.record(FrameProfiler.scala:105)
	at org.apache.spark.sql.catalyst.rules.RuleExecutor.$anonfun$execute$14(RuleExecutor.scala:518)
	at scala.collection.LinearSeqOps.foldLeft(LinearSeq.scala:183)
	at scala.collection.LinearSeqOps.foldLeft$(LinearSeq.scala:179)
	at scala.collection.immutable.List.foldLeft(List.scala:79)
	at org.apache.spark.sql.catalyst.rules.RuleExecutor.$anonfun$execute$13(RuleExecutor.scala:510)
	at scala.runtime.java8.JFunction0$mcV$sp.apply(JFunction0$mcV$sp.scala:18)
	at com.databricks.spark.util.FrameProfiler$.$anonfun$record$1(FrameProfiler.scala:114)
	at com.databricks.spark.util.FrameProfilerExporter$.maybeExportFrameProfiler(FrameProfilerExporter.scala:146)
	at com.databricks.spark.util.FrameProfiler$.record(FrameProfiler.scala:105)
	at org.apache.spark.sql.catalyst.rules.RuleExecutor.executeBatch$1(RuleExecutor.scala:484)
	at org.apache.spark.sql.catalyst.rules.RuleExecutor.$anonfun$execute$23(RuleExecutor.scala:631)
	at org.apache.spark.sql.catalyst.rules.RuleExecutor.$anonfun$execute$23$adapted(RuleExecutor.scala:631)
	at scala.collection.immutable.List.foreach(List.scala:334)
	at org.apache.spark.sql.catalyst.rules.RuleExecutor.$anonfun$execute$1(RuleExecutor.scala:631)
	at com.databricks.spark.util.FrameProfiler$.$anonfun$record$1(FrameProfiler.scala:114)
	at com.databricks.spark.util.FrameProfilerExporter$.maybeExportFrameProfiler(FrameProfilerExporter.scala:146)
	at com.databricks.spark.util.FrameProfiler$.record(FrameProfiler.scala:105)
	at org.apache.spark.sql.catalyst.rules.RuleExecutor.execute(RuleExecutor.scala:377)
	at org.apache.spark.sql.catalyst.analysis.Analyzer.super$execute(Analyzer.scala:754)
	at org.apache.spark.sql.catalyst.analysis.Analyzer.$anonfun$executeSameContext$1(Analyzer.scala:754)
	at com.databricks.sql.unity.SAMSnapshotHelper$.visitPlansDuringAnalysis(SAMSnapshotHelper.scala:43)
	at org.apache.spark.sql.catalyst.analysis.Analyzer.executeSameContext(Analyzer.scala:753)
	at org.apache.spark.sql.catalyst.analysis.Analyzer.$anonfun$execute$1(Analyzer.scala:726)
	at org.apache.spark.sql.catalyst.analysis.AnalysisContext$.withNewAnalysisContext(Analyzer.scala:546)
	at org.apache.spark.sql.catalyst.analysis.Analyzer.execute(Analyzer.scala:726)
	at org.apache.spark.sql.catalyst.analysis.Analyzer.execute(Analyzer.scala:636)
	at org.apache.spark.sql.catalyst.rules.RuleExecutor.$anonfun$executeAndTrack$1(RuleExecutor.scala:365)
	at org.apache.spark.sql.catalyst.QueryPlanningTracker$.withTracker(QueryPlanningTracker.scala:275)
	at org.apache.spark.sql.catalyst.rules.RuleExecutor.executeAndTrack(RuleExecutor.scala:365)
	at org.apache.spark.sql.catalyst.analysis.resolver.HybridAnalyzer.resolveInFixedPoint(HybridAnalyzer.scala:415)
	at org.apache.spark.sql.catalyst.analysis.resolver.HybridAnalyzer.resolveInSinglePassTentatively(HybridAnalyzer.scala:294)
	at org.apache.spark.sql.catalyst.analysis.resolver.HybridAnalyzer.$anonfun$apply$1(HybridAnalyzer.scala:94)
	at org.apache.spark.sql.catalyst.analysis.resolver.HybridAnalyzer.withTrackedAnalyzerBridgeState(HybridAnalyzer.scala:135)
	at org.apache.spark.sql.catalyst.analysis.resolver.HybridAnalyzer.apply(HybridAnalyzer.scala:91)
	at org.apache.spark.sql.catalyst.analysis.Analyzer.$anonfun$executeAndCheck$2(Analyzer.scala:703)
	at org.apache.spark.sql.catalyst.plans.logical.AnalysisHelper$.markInAnalyzer(AnalysisHelper.scala:425)
	at org.apache.spark.sql.catalyst.analysis.Analyzer.$anonfun$executeAndCheck$1(Analyzer.scala:703)
	at com.databricks.sql.unity.SAMSnapshotHelper$.visitPlansDuringAnalysis(SAMSnapshotHelper.scala:43)
	at org.apache.spark.sql.catalyst.analysis.Analyzer.executeAndCheck(Analyzer.scala:692)
	at org.apache.spark.sql.execution.QueryExecution.$anonfun$lazyAnalyzed$3(QueryExecution.scala:607)
	at com.databricks.spark.util.FrameProfiler$.$anonfun$record$1(FrameProfiler.scala:114)
	at com.databricks.spark.util.FrameProfilerExporter$.maybeExportFrameProfiler(FrameProfilerExporter.scala:146)
	at com.databricks.spark.util.FrameProfiler$.record(FrameProfiler.scala:105)
	at org.apache.spark.sql.catalyst.QueryPlanningTracker.measurePhase(QueryPlanningTracker.scala:1021)
	at org.apache.spark.sql.execution.QueryExecution.$anonfun$executePhase$8(QueryExecution.scala:1073)
	at org.apache.spark.sql.execution.SQLExecution$.$anonfun$withExecutionPhase$1(SQLExecution.scala:337)
	at com.databricks.util.TracingSpanUtils$.withTracing(TracingSpanUtils.scala:251)
	at com.databricks.spark.util.DatabricksTracingHelper.withSpan(DatabricksSparkTracingHelper.scala:154)
	at com.databricks.spark.util.DBRTracing$.withSpan(DBRTracing.scala:87)
	at org.apache.spark.sql.execution.SQLExecution$.withExecutionPhase(SQLExecution.scala:318)
	at org.apache.spark.sql.execution.QueryExecution.$anonfun$executePhase$7(QueryExecution.scala:1073)
	at org.apache.spark.sql.execution.QueryExecution$.withInternalError(QueryExecution.scala:1822)
	at org.apache.spark.sql.execution.QueryExecution.$anonfun$executePhase$5(QueryExecution.scala:1066)
	at com.databricks.util.LexicalThreadLocal$Handle.runWith(LexicalThreadLocal.scala:63)
	at org.apache.spark.sql.execution.QueryExecution.$anonfun$executePhase$4(QueryExecution.scala:1063)
	at com.databricks.util.LexicalThreadLocal$Handle.runWith(LexicalThreadLocal.scala:63)
	at org.apache.spark.sql.execution.QueryExecution.$anonfun$executePhase$3(QueryExecution.scala:1063)
	at com.databricks.util.LexicalThreadLocal$Handle.runWith(LexicalThreadLocal.scala:63)
	at org.apache.spark.sql.execution.QueryExecution.$anonfun$executePhase$2(QueryExecution.scala:1062)
	at com.databricks.util.LexicalThreadLocal$Handle.runWith(LexicalThreadLocal.scala:63)
	at org.apache.spark.sql.execution.QueryExecution.localBlock$1(QueryExecution.scala:1043)
	at org.apache.spark.sql.execution.QueryExecution.$anonfun$withQueryExecutionId$4(QueryExecution.scala:1053)
	at com.databricks.unity.UCSManager$.withTemporaryScope(UCSManager.scala:168)
	at org.apache.spark.sql.execution.QueryExecution.$anonfun$withQueryExecutionId$3(QueryExecution.scala:1052)
	at org.apache.spark.sql.execution.QueryExecution$.$anonfun$runWithWrappers$2(QueryExecution.scala:2075)
	at org.apache.spark.sql.execution.QueryExecution$.org$apache$spark$sql$execution$QueryExecution$$runWithWrappers(QueryExecution.scala:2074)
	at org.apache.spark.sql.execution.QueryExecution.withQueryExecutionId(QueryExecution.scala:1053)
	at org.apache.spark.sql.execution.QueryExecution.$anonfun$executePhase$1(QueryExecution.scala:1061)
	at org.apache.spark.sql.SparkSession.withActive(SparkSession.scala:866)
	at org.apache.spark.sql.execution.QueryExecution.executePhase(QueryExecution.scala:1060)
	at org.apache.spark.sql.execution.QueryExecution.$anonfun$lazyAnalyzed$2(QueryExecution.scala:598)
	at com.databricks.sql.util.MemoryTrackerHelper.withMemoryTracking(MemoryTrackerHelper.scala:111)
	at org.apache.spark.sql.execution.QueryExecution.$anonfun$lazyAnalyzed$1(QueryExecution.scala:597)
	at scala.util.Try$.apply(Try.scala:217)
	at org.apache.spark.util.Utils$.doTryWithCallerStacktrace(Utils.scala:1796)
	at org.apache.spark.util.Utils$.getTryWithCallerStacktrace(Utils.scala:1846)
	at org.apache.spark.util.LazyTry.get(LazyTry.scala:78)
	at org.apache.spark.sql.execution.QueryExecution.analyzed(QueryExecution.scala:661)
	at org.apache.spark.sql.hive.thriftserver.SparkExecuteStatementOperation.$anonfun$getOrCreateDF$1(SparkExecuteStatementOperation.scala:752)
	at org.apache.spark.sql.hive.thriftserver.SparkExecuteStatementOperation.withSuspendedQueryHangingDetection(SparkExecuteStatementOperation.scala:202)
	at org.apache.spark.sql.hive.thriftserver.SparkExecuteStatementOperation.getOrCreateDF(SparkExecuteStatementOperation.scala:750)
	at org.apache.spark.sql.hive.thriftserver.SparkExecuteStatementOperation.analyzeQuery(SparkExecuteStatementOperation.scala:780)
	at org.apache.spark.sql.hive.thriftserver.SparkExecuteStatementOperation.$anonfun$execute$6(SparkExecuteStatementOperation.scala:974)
	at org.apache.spark.util.Utils$.timeTakenMs(Utils.scala:599)
	at org.apache.spark.sql.hive.thriftserver.SparkExecuteStatementOperation.$anonfun$execute$1(SparkExecuteStatementOperation.scala:974)
	... 50 more
, operation-id=01f19047-6bd1-1eb9-af88-9e315a21244e
[0m16:59:45.605138 [debug] [Thread-6 (]: On model.lab_dbt.powerpath_cyto_biopsy_silver: Close
[0m16:59:45.606573 [debug] [Thread-6 (]: Databricks adapter: Connection(session-id=01f19047-6b5a-12bb-8be9-d07d0820f1bb) - Closing
[0m16:59:45.774069 [debug] [Thread-6 (]: Database Error in model powerpath_cyto_biopsy_silver (models\silver\powerpath_cyto_biopsy_silver.sql)
  [UNRESOLVED_COLUMN.WITH_SUGGESTION] A column, variable, or function parameter with name `PATIENT_SETTING` cannot be resolved. Did you mean one of the following? [`TEST_NAME`, `CPT_code`, `Case_no`, `Spec_code`, `Rev_ctr`]. SQLSTATE: 42703; line 58 pos 8
  compiled code at target\run\lab_dbt\models\silver\powerpath_cyto_biopsy_silver.sql
[0m16:59:45.776040 [debug] [Thread-6 (]: Sending event: {'category': 'dbt', 'action': 'run_model', 'label': 'f0808f49-5e36-43f5-a92f-49be8408ec54', 'context': [<snowplow_tracker.self_describing_json.SelfDescribingJson object at 0x000001F10F92D210>]}
[0m16:59:45.777132 [error] [Thread-6 (]: 3 of 3 ERROR creating sql table model lab_staging.powerpath_cyto_biopsy_silver . [[31mERROR[0m in 2.18s]
[0m16:59:45.779068 [debug] [Thread-6 (]: Finished running node model.lab_dbt.powerpath_cyto_biopsy_silver
[0m16:59:45.780068 [debug] [Thread-9 (]: Marking all children of 'model.lab_dbt.powerpath_cyto_biopsy_silver' to be skipped because of status 'error'.  Reason: Database Error in model powerpath_cyto_biopsy_silver (models\silver\powerpath_cyto_biopsy_silver.sql)
  [UNRESOLVED_COLUMN.WITH_SUGGESTION] A column, variable, or function parameter with name `PATIENT_SETTING` cannot be resolved. Did you mean one of the following? [`TEST_NAME`, `CPT_code`, `Case_no`, `Spec_code`, `Rev_ctr`]. SQLSTATE: 42703; line 58 pos 8
  compiled code at target\run\lab_dbt\models\silver\powerpath_cyto_biopsy_silver.sql.
[0m16:59:45.782039 [debug] [MainThread]: Databricks adapter: DatabricksDBTConnection(session-id=None, name=master) - Creating connection
[0m16:59:45.783065 [debug] [MainThread]: Acquiring new databricks connection 'master'
[0m16:59:45.784035 [info ] [MainThread]: 
[0m16:59:45.785122 [info ] [MainThread]: Finished running 3 table models in 0 hours 0 minutes and 10.98 seconds (10.98s).
[0m16:59:45.787041 [debug] [MainThread]: Command end result
[0m16:59:46.000905 [debug] [MainThread]: Wrote artifact WritableManifest to C:\Users\tommad01\Desktop\Lab\lab_dbt\target\manifest.json
[0m16:59:46.006905 [debug] [MainThread]: Wrote artifact SemanticManifest to C:\Users\tommad01\Desktop\Lab\lab_dbt\target\semantic_manifest.json
[0m16:59:46.012016 [debug] [MainThread]: Wrote artifact OsiDocument to C:\Users\tommad01\Desktop\Lab\lab_dbt\target\osi_document.json
[0m16:59:46.022961 [debug] [MainThread]: Wrote artifact RunExecutionResult to C:\Users\tommad01\Desktop\Lab\lab_dbt\target\run_results.json
[0m16:59:46.023959 [info ] [MainThread]: 
[0m16:59:46.024960 [info ] [MainThread]: [31mCompleted with 1 error, 0 partial successes, and 0 warnings:[0m
[0m16:59:46.025959 [info ] [MainThread]: 
[0m16:59:46.027960 [error] [MainThread]: [[31mERROR[0m]: in model powerpath_cyto_biopsy_silver (models\silver\powerpath_cyto_biopsy_silver.sql)
[0m16:59:46.028959 [error] [MainThread]:   Database Error in model powerpath_cyto_biopsy_silver (models\silver\powerpath_cyto_biopsy_silver.sql)
  [UNRESOLVED_COLUMN.WITH_SUGGESTION] A column, variable, or function parameter with name `PATIENT_SETTING` cannot be resolved. Did you mean one of the following? [`TEST_NAME`, `CPT_code`, `Case_no`, `Spec_code`, `Rev_ctr`]. SQLSTATE: 42703; line 58 pos 8
  compiled code at target\run\lab_dbt\models\silver\powerpath_cyto_biopsy_silver.sql
[0m16:59:46.029959 [info ] [MainThread]: 
[0m16:59:46.030959 [info ] [MainThread]:   compiled code at target\compiled\lab_dbt\models\silver\powerpath_cyto_biopsy_silver.sql
[0m16:59:46.031959 [info ] [MainThread]: 
[0m16:59:46.032959 [info ] [MainThread]: Done. PASS=2 WARN=0 ERROR=1 SKIP=0 NO-OP=0 REUSED=0 TOTAL=3
[0m16:59:46.033958 [debug] [MainThread]: Command `dbt run` failed at 16:59:46.033958 after 15.97 seconds
[0m16:59:46.035162 [debug] [MainThread]: Sending event: {'category': 'dbt', 'action': 'invocation', 'label': 'end', 'context': [<snowplow_tracker.self_describing_json.SelfDescribingJson object at 0x000001F17842B8D0>, <snowplow_tracker.self_describing_json.SelfDescribingJson object at 0x000001F10F9B3010>, <snowplow_tracker.self_describing_json.SelfDescribingJson object at 0x000001F1798B6750>]}
[0m16:59:46.035958 [debug] [MainThread]: Flushing usage events
[0m16:59:46.339762 [debug] [MainThread]: An error was encountered while trying to flush usage events
[0m17:02:57.450677 [debug] [MainThread]: Sending event: {'category': 'dbt', 'action': 'invocation', 'label': 'start', 'context': [<snowplow_tracker.self_describing_json.SelfDescribingJson object at 0x00000278D2AA8A50>, <snowplow_tracker.self_describing_json.SelfDescribingJson object at 0x00000278D29DA290>, <snowplow_tracker.self_describing_json.SelfDescribingJson object at 0x00000278D2AA78D0>]}


============================== 17:02:57.456906 | 02bbb6c5-9bab-4b76-ac34-88238872871e ==============================
[0m17:02:57.456906 [info ] [MainThread]: Running with dbt=1.12.0
[0m17:02:57.458106 [debug] [MainThread]: running dbt with arguments {'static_parser': 'True', 'no_print': 'None', 'maximum_seed_size_mib': '1', 'target_path': 'None', 'warn_error_options': 'WarnErrorOptionsV2(error=[], warn=[], silence=[])', 'version_check': 'True', 'printer_width': '80', 'write_json': 'True', 'introspect': 'True', 'log_cache_events': 'False', 'empty': 'False', 'cache_selected_only': 'False', 'fail_fast': 'False', 'debug': 'False', 'log_format': 'default', 'profiles_dir': 'C:\\Users\\tommad01\\.dbt', 'send_anonymous_usage_stats': 'True', 'quiet': 'False', 'warn_error': 'None', 'partial_parse': 'True', 'use_colors': 'True', 'hints_enabled': 'True', 'invocation_command': 'dbt run', 'use_experimental_parser': 'False', 'indirect_selection': 'eager', 'log_path': 'C:\\Users\\tommad01\\Desktop\\Lab\\lab_dbt\\logs'}
[0m17:02:59.091635 [debug] [MainThread]: Spark adapter: Setting pyhive.hive logging to ERROR
[0m17:02:59.092635 [debug] [MainThread]: Spark adapter: Setting thrift.transport logging to ERROR
[0m17:02:59.093822 [debug] [MainThread]: Spark adapter: Setting thrift.protocol logging to ERROR
[0m17:03:00.508882 [debug] [MainThread]: Sending event: {'category': 'dbt', 'action': 'project_id', 'label': '02bbb6c5-9bab-4b76-ac34-88238872871e', 'context': [<snowplow_tracker.self_describing_json.SelfDescribingJson object at 0x00000278E69F5A10>]}
[0m17:03:00.590882 [debug] [MainThread]: Sending event: {'category': 'dbt', 'action': 'adapter_info', 'label': '02bbb6c5-9bab-4b76-ac34-88238872871e', 'context': [<snowplow_tracker.self_describing_json.SelfDescribingJson object at 0x00000278E682FE90>]}
[0m17:03:00.591883 [info ] [MainThread]: Registered adapter: databricks=1.12.3
[0m17:03:01.490558 [debug] [MainThread]: checksum: b154c3494314c7223c912bef68d7678b521a9d4ab83524a76084633bd437b3da, vars: {}, profile: lab_dbt, target: dev, version: 1.12.0
[0m17:03:01.792012 [debug] [MainThread]: Partial parsing enabled: 0 files deleted, 0 files added, 0 files changed.
[0m17:03:01.792744 [debug] [MainThread]: Nothing changed, skipping partial parsing.
[0m17:03:01.793014 [debug] [MainThread]: Partial parsing enabled, no changes found, skipping parsing
[0m17:03:01.803075 [warn ] [MainThread]: [[33mWARNING[0m]: Configuration paths exist in your dbt_project.yml file which do not apply to any resources.
There are 1 unused configuration paths:
- models.lab_dbt.gold
[0m17:03:01.810042 [debug] [MainThread]: Sending event: {'category': 'dbt', 'action': 'load_project', 'label': '02bbb6c5-9bab-4b76-ac34-88238872871e', 'context': [<snowplow_tracker.self_describing_json.SelfDescribingJson object at 0x00000278E6958F10>]}
[0m17:03:02.000025 [debug] [MainThread]: Wrote artifact WritableManifest to C:\Users\tommad01\Desktop\Lab\lab_dbt\target\manifest.json
[0m17:03:02.006057 [debug] [MainThread]: Wrote artifact SemanticManifest to C:\Users\tommad01\Desktop\Lab\lab_dbt\target\semantic_manifest.json
[0m17:03:02.046821 [debug] [MainThread]: Wrote artifact OsiDocument to C:\Users\tommad01\Desktop\Lab\lab_dbt\target\osi_document.json
[0m17:03:02.066463 [debug] [MainThread]: Sending event: {'category': 'dbt', 'action': 'resource_counts', 'label': '02bbb6c5-9bab-4b76-ac34-88238872871e', 'context': [<snowplow_tracker.self_describing_json.SelfDescribingJson object at 0x00000278E6D0A990>]}
[0m17:03:02.067463 [info ] [MainThread]: Found 3 models, 4 sources, 774 macros
[0m17:03:02.068494 [debug] [MainThread]: Sending event: {'category': 'dbt', 'action': 'runnable_timing', 'label': '02bbb6c5-9bab-4b76-ac34-88238872871e', 'context': [<snowplow_tracker.self_describing_json.SelfDescribingJson object at 0x00000278E6CE76D0>]}
[0m17:03:02.071525 [info ] [MainThread]: 
[0m17:03:02.072495 [info ] [MainThread]: Concurrency: 4 threads (target='dev')
[0m17:03:02.072495 [info ] [MainThread]: 
[0m17:03:02.073495 [debug] [MainThread]: Databricks adapter: DatabricksDBTConnection(session-id=None, name=master) - Creating connection
[0m17:03:02.074495 [debug] [MainThread]: Acquiring new databricks connection 'master'
[0m17:03:02.086464 [debug] [ThreadPool]: Databricks adapter: DatabricksDBTConnection(session-id=None, name=list_opsanalytics_adb_workspace01) - Creating connection
[0m17:03:02.086464 [debug] [ThreadPool]: Acquiring new databricks connection 'list_opsanalytics_adb_workspace01'
[0m17:03:02.103464 [debug] [ThreadPool]: Using databricks connection "list_opsanalytics_adb_workspace01"
[0m17:03:02.104465 [debug] [ThreadPool]: On list_opsanalytics_adb_workspace01: /* {"app": "dbt", "dbt_version": "1.12.0", "dbt_databricks_version": "1.12.3", "databricks_sql_connector_version": "4.3.0", "profile_name": "lab_dbt", "target_name": "dev", "invocation_id": "02bbb6c5-9bab-4b76-ac34-88238872871e", "connection_name": "list_opsanalytics_adb_workspace01"} */

    

  SHOW SCHEMAS IN `opsanalytics_adb_workspace01`


  
[0m17:03:02.105465 [debug] [ThreadPool]: Opening a new connection, currently in state init
[0m17:03:03.853815 [debug] [ThreadPool]: Databricks adapter: Connection(session-id=01f19047-e210-1621-9515-00eb335a166f) - Created
[0m17:03:04.266254 [debug] [ThreadPool]: SQL status: OK in 2.160 seconds
[0m17:03:04.278215 [debug] [ThreadPool]: Databricks adapter: Cursor(session-id=01f19047-e210-1621-9515-00eb335a166f, command-id=01f19047-e25e-125d-bbf1-5ab765cf9812) - Closing
[0m17:03:04.279217 [debug] [ThreadPool]: On list_opsanalytics_adb_workspace01: Close
[0m17:03:04.280786 [debug] [ThreadPool]: Databricks adapter: Connection(session-id=01f19047-e210-1621-9515-00eb335a166f) - Closing
[0m17:03:04.409645 [debug] [ThreadPool]: Databricks adapter: DatabricksDBTConnection(session-id=None, name=list_opsanalytics_adb_workspace01_lab_staging) - Creating connection
[0m17:03:04.411617 [debug] [ThreadPool]: Acquiring new databricks connection 'list_opsanalytics_adb_workspace01_lab_staging'
[0m17:03:04.422647 [debug] [ThreadPool]: Using databricks connection "list_opsanalytics_adb_workspace01_lab_staging"
[0m17:03:04.424647 [debug] [ThreadPool]: On list_opsanalytics_adb_workspace01_lab_staging: /* {"app": "dbt", "dbt_version": "1.12.0", "dbt_databricks_version": "1.12.3", "databricks_sql_connector_version": "4.3.0", "profile_name": "lab_dbt", "target_name": "dev", "invocation_id": "02bbb6c5-9bab-4b76-ac34-88238872871e", "connection_name": "list_opsanalytics_adb_workspace01_lab_staging"} */

    
SELECT
  table_name,
  if(table_type IN ('EXTERNAL', 'MANAGED', 'MANAGED_SHALLOW_CLONE', 'EXTERNAL_SHALLOW_CLONE'), 'table', lower(table_type)) AS table_type,
  lower(data_source_format) AS file_format,
  table_owner,
  if(
    table_type IN (
      'EXTERNAL',
      'MANAGED',
      'MANAGED_SHALLOW_CLONE',
      'EXTERNAL_SHALLOW_CLONE'
    ),
    lower(table_type),
    NULL
  ) AS databricks_table_type
FROM `system`.`information_schema`.`tables`
WHERE table_catalog = 'opsanalytics_adb_workspace01'
  AND table_schema = 'lab_staging'

  
[0m17:03:04.425770 [debug] [ThreadPool]: Opening a new connection, currently in state init
[0m17:03:05.374941 [debug] [ThreadPool]: Databricks adapter: Connection(session-id=01f19047-e314-1cb4-8d28-196bc326c710) - Created
[0m17:03:05.913760 [debug] [ThreadPool]: SQL status: OK in 1.490 seconds
[0m17:03:05.918763 [debug] [ThreadPool]: Databricks adapter: Cursor(session-id=01f19047-e314-1cb4-8d28-196bc326c710, command-id=01f19047-e344-1f36-bf90-63fe924fb274) - Closing
[0m17:03:05.920720 [debug] [ThreadPool]: On list_opsanalytics_adb_workspace01_lab_staging: Close
[0m17:03:05.922296 [debug] [ThreadPool]: Databricks adapter: Connection(session-id=01f19047-e314-1cb4-8d28-196bc326c710) - Closing
[0m17:03:06.050200 [debug] [MainThread]: Sending event: {'category': 'dbt', 'action': 'runnable_timing', 'label': '02bbb6c5-9bab-4b76-ac34-88238872871e', 'context': [<snowplow_tracker.self_describing_json.SelfDescribingJson object at 0x00000278E71520D0>]}
[0m17:03:06.060148 [debug] [Thread-3 (]: Began running node model.lab_dbt.date_filter_bronze
[0m17:03:06.061146 [debug] [Thread-4 (]: Began running node model.lab_dbt.powerpath_cyto_biopsy_bronze
[0m17:03:06.062150 [info ] [Thread-3 (]: 1 of 3 START sql table model lab_staging.date_filter_bronze .................... [RUN]
[0m17:03:06.063279 [info ] [Thread-4 (]: 2 of 3 START sql table model lab_staging.powerpath_cyto_biopsy_bronze .......... [RUN]
[0m17:03:06.064159 [debug] [Thread-3 (]: Databricks adapter: DatabricksDBTConnection(session-id=None, name=model.lab_dbt.date_filter_bronze) - Creating connection
[0m17:03:06.066150 [debug] [Thread-4 (]: Databricks adapter: DatabricksDBTConnection(session-id=None, name=model.lab_dbt.powerpath_cyto_biopsy_bronze) - Creating connection
[0m17:03:06.067150 [debug] [Thread-3 (]: Acquiring new databricks connection 'model.lab_dbt.date_filter_bronze'
[0m17:03:06.068150 [debug] [Thread-4 (]: Acquiring new databricks connection 'model.lab_dbt.powerpath_cyto_biopsy_bronze'
[0m17:03:06.069148 [debug] [Thread-3 (]: Began compiling node model.lab_dbt.date_filter_bronze
[0m17:03:06.070152 [debug] [Thread-4 (]: Began compiling node model.lab_dbt.powerpath_cyto_biopsy_bronze
[0m17:03:06.079465 [debug] [Thread-3 (]: Writing injected SQL for node "model.lab_dbt.date_filter_bronze"
[0m17:03:06.083183 [debug] [Thread-4 (]: Writing injected SQL for node "model.lab_dbt.powerpath_cyto_biopsy_bronze"
[0m17:03:06.086520 [debug] [Thread-4 (]: Began executing node model.lab_dbt.powerpath_cyto_biopsy_bronze
[0m17:03:06.087212 [debug] [Thread-3 (]: Began executing node model.lab_dbt.date_filter_bronze
[0m17:03:06.119151 [debug] [Thread-4 (]: MATERIALIZING TABLE
[0m17:03:06.121149 [debug] [Thread-3 (]: MATERIALIZING TABLE
[0m17:03:06.173154 [debug] [Thread-4 (]: Using databricks connection "model.lab_dbt.powerpath_cyto_biopsy_bronze"
[0m17:03:06.176180 [debug] [Thread-3 (]: Using databricks connection "model.lab_dbt.date_filter_bronze"
[0m17:03:06.177582 [debug] [Thread-4 (]: On model.lab_dbt.powerpath_cyto_biopsy_bronze: /* {"app": "dbt", "dbt_version": "1.12.0", "dbt_databricks_version": "1.12.3", "databricks_sql_connector_version": "4.3.0", "profile_name": "lab_dbt", "target_name": "dev", "invocation_id": "02bbb6c5-9bab-4b76-ac34-88238872871e", "node_id": "model.lab_dbt.powerpath_cyto_biopsy_bronze"} */
SELECT
    table_catalog,
    table_schema,
    table_name,
    filter_name,
    target_columns
  FROM `opsanalytics_adb_workspace01`.`information_schema`.`row_filters`
  WHERE table_catalog = 'opsanalytics_adb_workspace01'
    AND table_schema = 'lab_staging'
    AND table_name = 'powerpath_cyto_biopsy_bronze'
[0m17:03:06.180320 [debug] [Thread-3 (]: On model.lab_dbt.date_filter_bronze: /* {"app": "dbt", "dbt_version": "1.12.0", "dbt_databricks_version": "1.12.3", "databricks_sql_connector_version": "4.3.0", "profile_name": "lab_dbt", "target_name": "dev", "invocation_id": "02bbb6c5-9bab-4b76-ac34-88238872871e", "node_id": "model.lab_dbt.date_filter_bronze"} */
SELECT
    table_catalog,
    table_schema,
    table_name,
    filter_name,
    target_columns
  FROM `opsanalytics_adb_workspace01`.`information_schema`.`row_filters`
  WHERE table_catalog = 'opsanalytics_adb_workspace01'
    AND table_schema = 'lab_staging'
    AND table_name = 'date_filter_bronze'
[0m17:03:06.181783 [debug] [Thread-4 (]: Opening a new connection, currently in state init
[0m17:03:06.183183 [debug] [Thread-3 (]: Opening a new connection, currently in state init
[0m17:03:07.451973 [debug] [Thread-3 (]: Databricks adapter: Connection(session-id=01f19047-e454-1d7a-8f12-40cc9c8779cb) - Created
[0m17:03:07.452975 [debug] [Thread-4 (]: Databricks adapter: Connection(session-id=01f19047-e45a-170b-bbd5-52423385ace2) - Created
[0m17:03:08.038860 [debug] [Thread-3 (]: SQL status: OK in 1.860 seconds
[0m17:03:08.041798 [debug] [Thread-4 (]: SQL status: OK in 1.860 seconds
[0m17:03:08.048767 [debug] [Thread-3 (]: Databricks adapter: Cursor(session-id=01f19047-e454-1d7a-8f12-40cc9c8779cb, command-id=01f19047-e484-131f-b9b3-dce0a6de3729) - Closing
[0m17:03:08.080792 [debug] [Thread-3 (]: Writing runtime sql for node "model.lab_dbt.date_filter_bronze"
[0m17:03:08.082791 [debug] [Thread-4 (]: Databricks adapter: Cursor(session-id=01f19047-e45a-170b-bbd5-52423385ace2, command-id=01f19047-e480-12e7-8868-c8e68a7edab9) - Closing
[0m17:03:08.085796 [debug] [Thread-4 (]: Writing runtime sql for node "model.lab_dbt.powerpath_cyto_biopsy_bronze"
[0m17:03:08.087782 [debug] [Thread-3 (]: Using databricks connection "model.lab_dbt.date_filter_bronze"
[0m17:03:08.088762 [debug] [Thread-3 (]: On model.lab_dbt.date_filter_bronze: /* {"app": "dbt", "dbt_version": "1.12.0", "dbt_databricks_version": "1.12.3", "databricks_sql_connector_version": "4.3.0", "profile_name": "lab_dbt", "target_name": "dev", "invocation_id": "02bbb6c5-9bab-4b76-ac34-88238872871e", "node_id": "model.lab_dbt.date_filter_bronze"} */

  
    
        create or replace table `opsanalytics_adb_workspace01`.`lab_staging`.`date_filter_bronze`
      
      
    using delta
  
      
      
      
      
      
      
      
      
      as
      with dates as (
    select explode(sequence(
        date '1990-01-01',
        date '2100-12-31',
        interval 1 day
    )) as calendar_date
),

flagged as (
    select
        d.calendar_date,
        case
            when dayofweek(d.calendar_date) in (1, 7) then 0   -- Sun=1, Sat=7
            when h.holiday_date is not null           then 0
            else 1
        end as is_working_day
    from dates d
    left join `opsanalytics_adb_workspace01`.`lab`.`mshs_holidays` h
        on d.calendar_date = h.holiday_date
)

select
    calendar_date,
    is_working_day,
    sum(is_working_day) over (order by calendar_date
        rows between unbounded preceding and current row) as bizday_index
from flagged
  
[0m17:03:08.088762 [debug] [Thread-4 (]: Using databricks connection "model.lab_dbt.powerpath_cyto_biopsy_bronze"
[0m17:03:08.090836 [debug] [Thread-4 (]: On model.lab_dbt.powerpath_cyto_biopsy_bronze: /* {"app": "dbt", "dbt_version": "1.12.0", "dbt_databricks_version": "1.12.3", "databricks_sql_connector_version": "4.3.0", "profile_name": "lab_dbt", "target_name": "dev", "invocation_id": "02bbb6c5-9bab-4b76-ac34-88238872871e", "node_id": "model.lab_dbt.powerpath_cyto_biopsy_bronze"} */

  
    
        create or replace table `opsanalytics_adb_workspace01`.`lab_staging`.`powerpath_cyto_biopsy_bronze`
      
      
    using delta
  
      
      
      
      
      
      
      
      
      as
      select
    c.*,
    ps.PATIENT_SETTING
from `opsanalytics_adb_workspace01`.`lab`.`powerpath_raw` c
left join `opsanalytics_adb_workspace01`.`lab`.`lab_kpi_ap_patient_setting` ps
    on c.Rev_ctr = ps.REV_CTR
  
[0m17:03:10.912146 [debug] [Thread-4 (]: SQL status: OK in 2.820 seconds
[0m17:03:10.917370 [debug] [Thread-4 (]: Databricks adapter: Cursor(session-id=01f19047-e45a-170b-bbd5-52423385ace2, command-id=01f19047-e4ff-1a0c-84b0-70d29c08baa4) - Closing
[0m17:03:10.958136 [debug] [Thread-4 (]: Applying tags to relation None
[0m17:03:10.993137 [debug] [Thread-4 (]: On model.lab_dbt.powerpath_cyto_biopsy_bronze: Close
[0m17:03:10.994446 [debug] [Thread-4 (]: Databricks adapter: Connection(session-id=01f19047-e45a-170b-bbd5-52423385ace2) - Closing
[0m17:03:11.103084 [debug] [Thread-4 (]: Sending event: {'category': 'dbt', 'action': 'run_model', 'label': '02bbb6c5-9bab-4b76-ac34-88238872871e', 'context': [<snowplow_tracker.self_describing_json.SelfDescribingJson object at 0x00000278E71FD510>]}
[0m17:03:11.104084 [info ] [Thread-4 (]: 2 of 3 OK created sql table model lab_staging.powerpath_cyto_biopsy_bronze ..... [[32mOK[0m in 5.04s]
[0m17:03:11.105083 [debug] [Thread-4 (]: Finished running node model.lab_dbt.powerpath_cyto_biopsy_bronze
[0m17:03:11.123112 [debug] [Thread-3 (]: SQL status: OK in 3.030 seconds
[0m17:03:11.125113 [debug] [Thread-3 (]: Databricks adapter: Cursor(session-id=01f19047-e454-1d7a-8f12-40cc9c8779cb, command-id=01f19047-e4e3-18a6-b0d1-4540c8344bf2) - Closing
[0m17:03:11.128081 [debug] [Thread-3 (]: Applying tags to relation None
[0m17:03:11.131080 [debug] [Thread-3 (]: On model.lab_dbt.date_filter_bronze: Close
[0m17:03:11.132281 [debug] [Thread-3 (]: Databricks adapter: Connection(session-id=01f19047-e454-1d7a-8f12-40cc9c8779cb) - Closing
[0m17:03:11.252525 [debug] [Thread-3 (]: Sending event: {'category': 'dbt', 'action': 'run_model', 'label': '02bbb6c5-9bab-4b76-ac34-88238872871e', 'context': [<snowplow_tracker.self_describing_json.SelfDescribingJson object at 0x00000278E724E790>]}
[0m17:03:11.255525 [info ] [Thread-3 (]: 1 of 3 OK created sql table model lab_staging.date_filter_bronze ............... [[32mOK[0m in 5.19s]
[0m17:03:11.258062 [debug] [Thread-3 (]: Finished running node model.lab_dbt.date_filter_bronze
[0m17:03:11.259526 [debug] [Thread-6 (]: Began running node model.lab_dbt.powerpath_cyto_biopsy_silver
[0m17:03:11.261523 [info ] [Thread-6 (]: 3 of 3 START sql table model lab_staging.powerpath_cyto_biopsy_silver .......... [RUN]
[0m17:03:11.264526 [debug] [Thread-6 (]: Databricks adapter: DatabricksDBTConnection(session-id=None, name=model.lab_dbt.powerpath_cyto_biopsy_silver) - Creating connection
[0m17:03:11.265529 [debug] [Thread-6 (]: Acquiring new databricks connection 'model.lab_dbt.powerpath_cyto_biopsy_silver'
[0m17:03:11.267556 [debug] [Thread-6 (]: Began compiling node model.lab_dbt.powerpath_cyto_biopsy_silver
[0m17:03:11.415258 [debug] [Thread-6 (]: Writing injected SQL for node "model.lab_dbt.powerpath_cyto_biopsy_silver"
[0m17:03:11.418227 [debug] [Thread-6 (]: Began executing node model.lab_dbt.powerpath_cyto_biopsy_silver
[0m17:03:11.420227 [debug] [Thread-6 (]: MATERIALIZING TABLE
[0m17:03:11.423228 [debug] [Thread-6 (]: Using databricks connection "model.lab_dbt.powerpath_cyto_biopsy_silver"
[0m17:03:11.425326 [debug] [Thread-6 (]: On model.lab_dbt.powerpath_cyto_biopsy_silver: /* {"app": "dbt", "dbt_version": "1.12.0", "dbt_databricks_version": "1.12.3", "databricks_sql_connector_version": "4.3.0", "profile_name": "lab_dbt", "target_name": "dev", "invocation_id": "02bbb6c5-9bab-4b76-ac34-88238872871e", "node_id": "model.lab_dbt.powerpath_cyto_biopsy_silver"} */
SELECT
    table_catalog,
    table_schema,
    table_name,
    filter_name,
    target_columns
  FROM `opsanalytics_adb_workspace01`.`information_schema`.`row_filters`
  WHERE table_catalog = 'opsanalytics_adb_workspace01'
    AND table_schema = 'lab_staging'
    AND table_name = 'powerpath_cyto_biopsy_silver'
[0m17:03:11.428228 [debug] [Thread-6 (]: Opening a new connection, currently in state init
[0m17:03:12.435180 [debug] [Thread-6 (]: Databricks adapter: Connection(session-id=01f19047-e747-1171-81ab-227fe350546e) - Created
[0m17:03:13.033967 [debug] [Thread-6 (]: SQL status: OK in 1.610 seconds
[0m17:03:13.041927 [debug] [Thread-6 (]: Databricks adapter: Cursor(session-id=01f19047-e747-1171-81ab-227fe350546e, command-id=01f19047-e77d-1e49-b8de-194b09d204ce) - Closing
[0m17:03:13.046924 [debug] [Thread-6 (]: Writing runtime sql for node "model.lab_dbt.powerpath_cyto_biopsy_silver"
[0m17:03:13.050924 [debug] [Thread-6 (]: Using databricks connection "model.lab_dbt.powerpath_cyto_biopsy_silver"
[0m17:03:13.052922 [debug] [Thread-6 (]: On model.lab_dbt.powerpath_cyto_biopsy_silver: /* {"app": "dbt", "dbt_version": "1.12.0", "dbt_databricks_version": "1.12.3", "databricks_sql_connector_version": "4.3.0", "profile_name": "lab_dbt", "target_name": "dev", "invocation_id": "02bbb6c5-9bab-4b76-ac34-88238872871e", "node_id": "model.lab_dbt.powerpath_cyto_biopsy_silver"} */

  
    
        create or replace table `opsanalytics_adb_workspace01`.`lab_staging`.`powerpath_cyto_biopsy_silver`
      
      
    using delta
  
      
      
      
      
      
      
      
      
      as
      with raw as (
    select *
    from `opsanalytics_adb_workspace01`.`lab_staging`.`powerpath_cyto_biopsy_bronze`
    where spec_group in ('CYTO NONGYN', 'CYTO GYN', 'BREAST')
      and spec_sort_order = 'A'
),

cleaned as (
    select
        replace(Case_no, '*failed to decode utf16*', '')   as Case_no,
        case
            when Facility = 'KH'   then 'MSB'
            when Facility = 'R'    then 'MSW'
            when Facility = 'STL'  then 'MSM'
            when Facility = 'SNCH' then 'MSSN'
            when Facility = 'MSS'  then 'MSH'
            when Facility = 'SL'   then 'MSM'
            when Facility = 'PACC' then 'MSUS'
            else Facility
        end                                                 as Facility,
        case
            when Spec_code = 'BREA1' and spec_group = 'BREAST' then 'Breast Biopsy'
            when spec_group = 'CYTO NONGYN'                    then 'Cytology NONGYN'
            when spec_group = 'CYTO GYN'                       then 'Cytology GYN'
            else 'Breast Large/Resection'
        end                                                 as TEST_NAME,
        cast(Case_created_date as timestamp)                as Case_created_date,
        cast(Collection_Date   as timestamp)                as Collection_Date,
        cast(Received_Date     as timestamp)                as Received_Date,
        cast(signed_out_date   as timestamp)                as signed_out_date,
        Priority, Spec_code, Specimen_description, CPT_code, Rev_ctr,
        Encounter_no, MRN, Refmd_code, Refmd_name,
        spec_sort_order, spec_group, patient_type,
        PATIENT_SETTING,
        _source_file, _ingested_at
    from raw
),

with_setting as (
    select
        c.* except (PATIENT_SETTING),
        case
            when c.Rev_ctr = 'MSBK' and c.patient_type in ('A', 'O') then 'Amb'
            when c.Rev_ctr = 'MSBK' and c.patient_type = 'IN'        then 'IP'
            else PATIENT_SETTING
        end as PATIENT_SETTING
    from cleaned c
),

with_tat as (
    select
        w.*,
        datediff(w.signed_out_date, w.Collection_Date)   as Collection_to_signed_out,
        so.bizday_index - rc.bizday_index                as Received_to_signed_out
    from with_setting w
    left join `opsanalytics_adb_workspace01`.`lab_staging`.`date_filter_bronze` rc
        on cast(w.Received_Date   as date) = rc.calendar_date
    left join `opsanalytics_adb_workspace01`.`lab_staging`.`date_filter_bronze` so
        on cast(w.signed_out_date as date) = so.calendar_date
),


new_data as (
    select
        Facility                as FACILITY,
        Priority                as PRIORITY,
        Spec_code               as SPEC_CODE,
        Specimen_description    as SPECIMEN_DESCRIPTION,
        CPT_code                as CPT_CODE,
        Rev_ctr                 as REV_CTR,
        Encounter_no            as ENCOUNTER_NO,
        MRN,
        Case_no                 as CASE_NO,
        Case_created_date       as CASE_CREATED_DATE,
        Collection_Date         as COLLECTION_DATE,
        Received_Date           as RECEIVED_DATE,
        signed_out_date         as SIGNED_OUT_DATE,
        Refmd_code              as REFMD_CODE,
        spec_sort_order         as SPEC_SORT_ORDER,
        TEST_NAME,
        PATIENT_SETTING,
        Collection_to_signed_out as COLLECTION_TO_SIGNED_OUT,
        Received_to_signed_out   as RECEIVED_TO_SIGNED_OUT,
        case
            when TEST_NAME = 'Breast Biopsy'          then 3
            when TEST_NAME = 'Breast Large/Resection' then 5
            when TEST_NAME = 'Cytology GYN'           then 8
            else 8
        end                     as TAT_TARGET,
        case
            when Received_to_signed_out <= case
                when TEST_NAME = 'Breast Biopsy'          then 3
                when TEST_NAME = 'Breast Large/Resection' then 5
                when TEST_NAME = 'Cytology GYN'           then 8
                else 8
            end then 1 else 0
        end                     as IS_TAT_WITHIN_TARGET,
        spec_group              as SPEC_GROUP,
        Refmd_name              as REFMD_NAME,
        _source_file            as _SOURCE_FILE,
        _ingested_at            as _INGESTED_AT
    from with_tat
),

historical as (
    select
        FACILITY, PRIORITY, SPEC_CODE, SPECIMEN_DESCRIPTION, CPT_CODE, REV_CTR,
        ENCOUNTER_NO, MRN, CASE_NO, CASE_CREATED_DATE, COLLECTION_DATE,
        RECEIVED_DATE, SIGNED_OUT_DATE, REFMD_CODE, SPEC_SORT_ORDER, TEST_NAME,
        PATIENT_SETTING, COLLECTION_TO_SIGNED_OUT, RECEIVED_TO_SIGNED_OUT,
        TAT_TARGET, IS_TAT_WITHIN_TARGET, SPEC_GROUP, REFMD_NAME,
        cast(null as string)    as _SOURCE_FILE,
        cast(null as timestamp) as _INGESTED_AT
    from `opsanalytics_adb_workspace01`.`lab`.`powerpath_cyto_biopsy_historical`
)


select * from historical
union all
select * from new_data
  
[0m17:03:17.510473 [debug] [Thread-6 (]: SQL status: OK in 4.460 seconds
[0m17:03:17.512494 [debug] [Thread-6 (]: Databricks adapter: Cursor(session-id=01f19047-e747-1171-81ab-227fe350546e, command-id=01f19047-e7de-1674-b4c9-aba42074d8e7) - Closing
[0m17:03:17.513482 [debug] [Thread-6 (]: Applying tags to relation None
[0m17:03:17.516505 [debug] [Thread-6 (]: On model.lab_dbt.powerpath_cyto_biopsy_silver: Close
[0m17:03:17.516505 [debug] [Thread-6 (]: Databricks adapter: Connection(session-id=01f19047-e747-1171-81ab-227fe350546e) - Closing
[0m17:03:17.726255 [debug] [Thread-6 (]: Sending event: {'category': 'dbt', 'action': 'run_model', 'label': '02bbb6c5-9bab-4b76-ac34-88238872871e', 'context': [<snowplow_tracker.self_describing_json.SelfDescribingJson object at 0x00000278E6F48AD0>]}
[0m17:03:17.730222 [info ] [Thread-6 (]: 3 of 3 OK created sql table model lab_staging.powerpath_cyto_biopsy_silver ..... [[32mOK[0m in 6.46s]
[0m17:03:17.735343 [debug] [Thread-6 (]: Finished running node model.lab_dbt.powerpath_cyto_biopsy_silver
[0m17:03:17.740320 [debug] [MainThread]: Databricks adapter: DatabricksDBTConnection(session-id=None, name=master) - Creating connection
[0m17:03:17.741402 [debug] [MainThread]: Acquiring new databricks connection 'master'
[0m17:03:17.743460 [info ] [MainThread]: 
[0m17:03:17.745287 [info ] [MainThread]: Finished running 3 table models in 0 hours 0 minutes and 15.67 seconds (15.67s).
[0m17:03:17.748288 [debug] [MainThread]: Command end result
[0m17:03:17.846286 [debug] [MainThread]: Wrote artifact WritableManifest to C:\Users\tommad01\Desktop\Lab\lab_dbt\target\manifest.json
[0m17:03:17.852331 [debug] [MainThread]: Wrote artifact SemanticManifest to C:\Users\tommad01\Desktop\Lab\lab_dbt\target\semantic_manifest.json
[0m17:03:17.857339 [debug] [MainThread]: Wrote artifact OsiDocument to C:\Users\tommad01\Desktop\Lab\lab_dbt\target\osi_document.json
[0m17:03:17.867282 [debug] [MainThread]: Wrote artifact RunExecutionResult to C:\Users\tommad01\Desktop\Lab\lab_dbt\target\run_results.json
[0m17:03:17.868284 [info ] [MainThread]: 
[0m17:03:17.869286 [info ] [MainThread]: [32mCompleted successfully[0m
[0m17:03:17.870287 [info ] [MainThread]: 
[0m17:03:17.871285 [info ] [MainThread]: Done. PASS=3 WARN=0 ERROR=0 SKIP=0 NO-OP=0 REUSED=0 TOTAL=3
[0m17:03:17.873287 [debug] [MainThread]: Command `dbt run` succeeded at 17:03:17.873287 after 20.61 seconds
[0m17:03:17.874285 [debug] [MainThread]: Sending event: {'category': 'dbt', 'action': 'invocation', 'label': 'end', 'context': [<snowplow_tracker.self_describing_json.SelfDescribingJson object at 0x00000278CF74DA10>, <snowplow_tracker.self_describing_json.SelfDescribingJson object at 0x00000278D0368CD0>, <snowplow_tracker.self_describing_json.SelfDescribingJson object at 0x00000278E6798050>]}
[0m17:03:17.874285 [debug] [MainThread]: Flushing usage events
[0m17:03:18.206835 [debug] [MainThread]: An error was encountered while trying to flush usage events
[0m17:11:20.251487 [debug] [MainThread]: Sending event: {'category': 'dbt', 'action': 'invocation', 'label': 'start', 'context': [<snowplow_tracker.self_describing_json.SelfDescribingJson object at 0x000001A240F39150>, <snowplow_tracker.self_describing_json.SelfDescribingJson object at 0x000001A240FDB650>, <snowplow_tracker.self_describing_json.SelfDescribingJson object at 0x000001A240E6A290>]}


============================== 17:11:20.256485 | 565a4589-5fc1-44d6-9314-35ef3618464a ==============================
[0m17:11:20.256485 [info ] [MainThread]: Running with dbt=1.12.0
[0m17:11:20.257486 [debug] [MainThread]: running dbt with arguments {'static_parser': 'True', 'no_print': 'None', 'maximum_seed_size_mib': '1', 'target_path': 'None', 'warn_error_options': 'WarnErrorOptionsV2(error=[], warn=[], silence=[])', 'version_check': 'True', 'printer_width': '80', 'write_json': 'True', 'introspect': 'True', 'log_cache_events': 'False', 'empty': 'False', 'cache_selected_only': 'False', 'log_format': 'default', 'debug': 'False', 'fail_fast': 'False', 'partial_parse': 'True', 'send_anonymous_usage_stats': 'True', 'quiet': 'False', 'warn_error': 'None', 'profiles_dir': 'C:\\Users\\tommad01\\.dbt', 'invocation_command': 'dbt run', 'hints_enabled': 'True', 'use_colors': 'True', 'use_experimental_parser': 'False', 'indirect_selection': 'eager', 'log_path': 'C:\\Users\\tommad01\\Desktop\\Lab\\lab_dbt\\logs'}
[0m17:11:21.768547 [debug] [MainThread]: Spark adapter: Setting pyhive.hive logging to ERROR
[0m17:11:21.769512 [debug] [MainThread]: Spark adapter: Setting thrift.transport logging to ERROR
[0m17:11:21.770879 [debug] [MainThread]: Spark adapter: Setting thrift.protocol logging to ERROR
[0m17:11:23.087532 [debug] [MainThread]: Sending event: {'category': 'dbt', 'action': 'project_id', 'label': '565a4589-5fc1-44d6-9314-35ef3618464a', 'context': [<snowplow_tracker.self_describing_json.SelfDescribingJson object at 0x000001A254CFEC50>]}
[0m17:11:23.158532 [debug] [MainThread]: Sending event: {'category': 'dbt', 'action': 'adapter_info', 'label': '565a4589-5fc1-44d6-9314-35ef3618464a', 'context': [<snowplow_tracker.self_describing_json.SelfDescribingJson object at 0x000001A254EC4690>]}
[0m17:11:23.159870 [info ] [MainThread]: Registered adapter: databricks=1.12.3
[0m17:11:23.910101 [debug] [MainThread]: checksum: b154c3494314c7223c912bef68d7678b521a9d4ab83524a76084633bd437b3da, vars: {}, profile: lab_dbt, target: dev, version: 1.12.0
[0m17:11:24.190451 [debug] [MainThread]: Partial parsing enabled: 0 files deleted, 0 files added, 0 files changed.
[0m17:11:24.191184 [debug] [MainThread]: Nothing changed, skipping partial parsing.
[0m17:11:24.191184 [debug] [MainThread]: Partial parsing enabled, no changes found, skipping parsing
[0m17:11:24.200216 [warn ] [MainThread]: [[33mWARNING[0m]: Configuration paths exist in your dbt_project.yml file which do not apply to any resources.
There are 1 unused configuration paths:
- models.lab_dbt.gold
[0m17:11:24.206183 [debug] [MainThread]: Sending event: {'category': 'dbt', 'action': 'load_project', 'label': '565a4589-5fc1-44d6-9314-35ef3618464a', 'context': [<snowplow_tracker.self_describing_json.SelfDescribingJson object at 0x000001A254EDEC90>]}
[0m17:11:24.415287 [debug] [MainThread]: Wrote artifact WritableManifest to C:\Users\tommad01\Desktop\Lab\lab_dbt\target\manifest.json
[0m17:11:24.420095 [debug] [MainThread]: Wrote artifact SemanticManifest to C:\Users\tommad01\Desktop\Lab\lab_dbt\target\semantic_manifest.json
[0m17:11:24.455180 [debug] [MainThread]: Wrote artifact OsiDocument to C:\Users\tommad01\Desktop\Lab\lab_dbt\target\osi_document.json
[0m17:11:24.471146 [debug] [MainThread]: Sending event: {'category': 'dbt', 'action': 'resource_counts', 'label': '565a4589-5fc1-44d6-9314-35ef3618464a', 'context': [<snowplow_tracker.self_describing_json.SelfDescribingJson object at 0x000001A2551B7250>]}
[0m17:11:24.472147 [info ] [MainThread]: Found 3 models, 3 data tests, 4 sources, 774 macros
[0m17:11:24.473147 [debug] [MainThread]: Sending event: {'category': 'dbt', 'action': 'runnable_timing', 'label': '565a4589-5fc1-44d6-9314-35ef3618464a', 'context': [<snowplow_tracker.self_describing_json.SelfDescribingJson object at 0x000001A25518B410>]}
[0m17:11:24.475175 [info ] [MainThread]: 
[0m17:11:24.476148 [info ] [MainThread]: Concurrency: 4 threads (target='dev')
[0m17:11:24.476148 [info ] [MainThread]: 
[0m17:11:24.477149 [debug] [MainThread]: Databricks adapter: DatabricksDBTConnection(session-id=None, name=master) - Creating connection
[0m17:11:24.478404 [debug] [MainThread]: Acquiring new databricks connection 'master'
[0m17:11:24.488147 [debug] [ThreadPool]: Databricks adapter: DatabricksDBTConnection(session-id=None, name=list_opsanalytics_adb_workspace01) - Creating connection
[0m17:11:24.488147 [debug] [ThreadPool]: Acquiring new databricks connection 'list_opsanalytics_adb_workspace01'
[0m17:11:24.503150 [debug] [ThreadPool]: Using databricks connection "list_opsanalytics_adb_workspace01"
[0m17:11:24.504396 [debug] [ThreadPool]: On list_opsanalytics_adb_workspace01: /* {"app": "dbt", "dbt_version": "1.12.0", "dbt_databricks_version": "1.12.3", "databricks_sql_connector_version": "4.3.0", "profile_name": "lab_dbt", "target_name": "dev", "invocation_id": "565a4589-5fc1-44d6-9314-35ef3618464a", "connection_name": "list_opsanalytics_adb_workspace01"} */

    

  SHOW SCHEMAS IN `opsanalytics_adb_workspace01`


  
[0m17:11:24.505150 [debug] [ThreadPool]: Opening a new connection, currently in state init
[0m17:11:26.239199 [debug] [ThreadPool]: Databricks adapter: Connection(session-id=01f19049-0d85-15ea-89c4-61cd75039f17) - Created
[0m17:11:26.666764 [debug] [ThreadPool]: SQL status: OK in 2.160 seconds
[0m17:11:26.685382 [debug] [ThreadPool]: Databricks adapter: Cursor(session-id=01f19049-0d85-15ea-89c4-61cd75039f17, command-id=01f19049-0dcc-1508-88b1-847ebf8865d9) - Closing
[0m17:11:26.686382 [debug] [ThreadPool]: On list_opsanalytics_adb_workspace01: Close
[0m17:11:26.687942 [debug] [ThreadPool]: Databricks adapter: Connection(session-id=01f19049-0d85-15ea-89c4-61cd75039f17) - Closing
[0m17:11:27.382816 [debug] [ThreadPool]: Databricks adapter: DatabricksDBTConnection(session-id=None, name=list_opsanalytics_adb_workspace01_lab_staging) - Creating connection
[0m17:11:27.383598 [debug] [ThreadPool]: Acquiring new databricks connection 'list_opsanalytics_adb_workspace01_lab_staging'
[0m17:11:27.391600 [debug] [ThreadPool]: Using databricks connection "list_opsanalytics_adb_workspace01_lab_staging"
[0m17:11:27.392599 [debug] [ThreadPool]: On list_opsanalytics_adb_workspace01_lab_staging: /* {"app": "dbt", "dbt_version": "1.12.0", "dbt_databricks_version": "1.12.3", "databricks_sql_connector_version": "4.3.0", "profile_name": "lab_dbt", "target_name": "dev", "invocation_id": "565a4589-5fc1-44d6-9314-35ef3618464a", "connection_name": "list_opsanalytics_adb_workspace01_lab_staging"} */

    
SELECT
  table_name,
  if(table_type IN ('EXTERNAL', 'MANAGED', 'MANAGED_SHALLOW_CLONE', 'EXTERNAL_SHALLOW_CLONE'), 'table', lower(table_type)) AS table_type,
  lower(data_source_format) AS file_format,
  table_owner,
  if(
    table_type IN (
      'EXTERNAL',
      'MANAGED',
      'MANAGED_SHALLOW_CLONE',
      'EXTERNAL_SHALLOW_CLONE'
    ),
    lower(table_type),
    NULL
  ) AS databricks_table_type
FROM `system`.`information_schema`.`tables`
WHERE table_catalog = 'opsanalytics_adb_workspace01'
  AND table_schema = 'lab_staging'

  
[0m17:11:27.393665 [debug] [ThreadPool]: Opening a new connection, currently in state init
[0m17:11:28.296531 [debug] [ThreadPool]: Databricks adapter: Connection(session-id=01f19049-0ede-1f04-8b5a-22024cda91b8) - Created
[0m17:11:28.916779 [debug] [ThreadPool]: SQL status: OK in 1.520 seconds
[0m17:11:28.921803 [debug] [ThreadPool]: Databricks adapter: Cursor(session-id=01f19049-0ede-1f04-8b5a-22024cda91b8, command-id=01f19049-0f0c-18ae-9b58-377c3e4b4830) - Closing
[0m17:11:28.922781 [debug] [ThreadPool]: On list_opsanalytics_adb_workspace01_lab_staging: Close
[0m17:11:28.923780 [debug] [ThreadPool]: Databricks adapter: Connection(session-id=01f19049-0ede-1f04-8b5a-22024cda91b8) - Closing
[0m17:11:29.116470 [debug] [MainThread]: Sending event: {'category': 'dbt', 'action': 'runnable_timing', 'label': '565a4589-5fc1-44d6-9314-35ef3618464a', 'context': [<snowplow_tracker.self_describing_json.SelfDescribingJson object at 0x000001A25518B410>]}
[0m17:11:29.129978 [debug] [Thread-3 (]: Began running node model.lab_dbt.date_filter_bronze
[0m17:11:29.131009 [debug] [Thread-4 (]: Began running node model.lab_dbt.powerpath_cyto_biopsy_bronze
[0m17:11:29.131975 [info ] [Thread-3 (]: 1 of 3 START sql table model lab_staging.date_filter_bronze .................... [RUN]
[0m17:11:29.132993 [info ] [Thread-4 (]: 2 of 3 START sql table model lab_staging.powerpath_cyto_biopsy_bronze .......... [RUN]
[0m17:11:29.135008 [debug] [Thread-3 (]: Databricks adapter: DatabricksDBTConnection(session-id=None, name=model.lab_dbt.date_filter_bronze) - Creating connection
[0m17:11:29.135975 [debug] [Thread-4 (]: Databricks adapter: DatabricksDBTConnection(session-id=None, name=model.lab_dbt.powerpath_cyto_biopsy_bronze) - Creating connection
[0m17:11:29.135975 [debug] [Thread-3 (]: Acquiring new databricks connection 'model.lab_dbt.date_filter_bronze'
[0m17:11:29.137333 [debug] [Thread-4 (]: Acquiring new databricks connection 'model.lab_dbt.powerpath_cyto_biopsy_bronze'
[0m17:11:29.137974 [debug] [Thread-3 (]: Began compiling node model.lab_dbt.date_filter_bronze
[0m17:11:29.138976 [debug] [Thread-4 (]: Began compiling node model.lab_dbt.powerpath_cyto_biopsy_bronze
[0m17:11:29.151974 [debug] [Thread-3 (]: Writing injected SQL for node "model.lab_dbt.date_filter_bronze"
[0m17:11:29.155976 [debug] [Thread-4 (]: Writing injected SQL for node "model.lab_dbt.powerpath_cyto_biopsy_bronze"
[0m17:11:29.157824 [debug] [Thread-3 (]: Began executing node model.lab_dbt.date_filter_bronze
[0m17:11:29.158825 [debug] [Thread-4 (]: Began executing node model.lab_dbt.powerpath_cyto_biopsy_bronze
[0m17:11:29.183228 [debug] [Thread-3 (]: MATERIALIZING TABLE
[0m17:11:29.185195 [debug] [Thread-4 (]: MATERIALIZING TABLE
[0m17:11:29.232199 [debug] [Thread-3 (]: Using databricks connection "model.lab_dbt.date_filter_bronze"
[0m17:11:29.236226 [debug] [Thread-4 (]: Using databricks connection "model.lab_dbt.powerpath_cyto_biopsy_bronze"
[0m17:11:29.237424 [debug] [Thread-3 (]: On model.lab_dbt.date_filter_bronze: /* {"app": "dbt", "dbt_version": "1.12.0", "dbt_databricks_version": "1.12.3", "databricks_sql_connector_version": "4.3.0", "profile_name": "lab_dbt", "target_name": "dev", "invocation_id": "565a4589-5fc1-44d6-9314-35ef3618464a", "node_id": "model.lab_dbt.date_filter_bronze"} */
SELECT
    table_catalog,
    table_schema,
    table_name,
    filter_name,
    target_columns
  FROM `opsanalytics_adb_workspace01`.`information_schema`.`row_filters`
  WHERE table_catalog = 'opsanalytics_adb_workspace01'
    AND table_schema = 'lab_staging'
    AND table_name = 'date_filter_bronze'
[0m17:11:29.239414 [debug] [Thread-4 (]: On model.lab_dbt.powerpath_cyto_biopsy_bronze: /* {"app": "dbt", "dbt_version": "1.12.0", "dbt_databricks_version": "1.12.3", "databricks_sql_connector_version": "4.3.0", "profile_name": "lab_dbt", "target_name": "dev", "invocation_id": "565a4589-5fc1-44d6-9314-35ef3618464a", "node_id": "model.lab_dbt.powerpath_cyto_biopsy_bronze"} */
SELECT
    table_catalog,
    table_schema,
    table_name,
    filter_name,
    target_columns
  FROM `opsanalytics_adb_workspace01`.`information_schema`.`row_filters`
  WHERE table_catalog = 'opsanalytics_adb_workspace01'
    AND table_schema = 'lab_staging'
    AND table_name = 'powerpath_cyto_biopsy_bronze'
[0m17:11:29.241231 [debug] [Thread-3 (]: Opening a new connection, currently in state init
[0m17:11:29.242230 [debug] [Thread-4 (]: Opening a new connection, currently in state init
[0m17:11:30.395587 [debug] [Thread-3 (]: Databricks adapter: Connection(session-id=01f19049-1021-121b-b404-5e891dfd6708) - Created
[0m17:11:30.395587 [debug] [Thread-4 (]: Databricks adapter: Connection(session-id=01f19049-1028-199c-9efb-fa2aba772341) - Created
[0m17:11:30.976747 [debug] [Thread-3 (]: SQL status: OK in 1.730 seconds
[0m17:11:30.984742 [debug] [Thread-3 (]: Databricks adapter: Cursor(session-id=01f19049-1021-121b-b404-5e891dfd6708, command-id=01f19049-1047-1646-ac2c-9720e5364f87) - Closing
[0m17:11:31.033736 [debug] [Thread-3 (]: Writing runtime sql for node "model.lab_dbt.date_filter_bronze"
[0m17:11:31.034736 [debug] [Thread-4 (]: SQL status: OK in 1.790 seconds
[0m17:11:31.038734 [debug] [Thread-4 (]: Databricks adapter: Cursor(session-id=01f19049-1028-199c-9efb-fa2aba772341, command-id=01f19049-104c-1147-b3dd-3c6f0ddd6ca9) - Closing
[0m17:11:31.040762 [debug] [Thread-3 (]: Using databricks connection "model.lab_dbt.date_filter_bronze"
[0m17:11:31.042762 [debug] [Thread-4 (]: Writing runtime sql for node "model.lab_dbt.powerpath_cyto_biopsy_bronze"
[0m17:11:31.043736 [debug] [Thread-3 (]: On model.lab_dbt.date_filter_bronze: /* {"app": "dbt", "dbt_version": "1.12.0", "dbt_databricks_version": "1.12.3", "databricks_sql_connector_version": "4.3.0", "profile_name": "lab_dbt", "target_name": "dev", "invocation_id": "565a4589-5fc1-44d6-9314-35ef3618464a", "node_id": "model.lab_dbt.date_filter_bronze"} */

  
    
        create or replace table `opsanalytics_adb_workspace01`.`lab_staging`.`date_filter_bronze`
      
      
    using delta
  
      
      
      
      
      
      
      
      
      as
      with dates as (
    select explode(sequence(
        date '1990-01-01',
        date '2100-12-31',
        interval 1 day
    )) as calendar_date
),

flagged as (
    select
        d.calendar_date,
        case
            when dayofweek(d.calendar_date) in (1, 7) then 0   -- Sun=1, Sat=7
            when h.holiday_date is not null           then 0
            else 1
        end as is_working_day
    from dates d
    left join `opsanalytics_adb_workspace01`.`lab`.`mshs_holidays` h
        on d.calendar_date = h.holiday_date
)

select
    calendar_date,
    is_working_day,
    sum(is_working_day) over (order by calendar_date
        rows between unbounded preceding and current row) as bizday_index
from flagged
  
[0m17:11:31.045734 [debug] [Thread-4 (]: Using databricks connection "model.lab_dbt.powerpath_cyto_biopsy_bronze"
[0m17:11:31.046735 [debug] [Thread-4 (]: On model.lab_dbt.powerpath_cyto_biopsy_bronze: /* {"app": "dbt", "dbt_version": "1.12.0", "dbt_databricks_version": "1.12.3", "databricks_sql_connector_version": "4.3.0", "profile_name": "lab_dbt", "target_name": "dev", "invocation_id": "565a4589-5fc1-44d6-9314-35ef3618464a", "node_id": "model.lab_dbt.powerpath_cyto_biopsy_bronze"} */

  
    
        create or replace table `opsanalytics_adb_workspace01`.`lab_staging`.`powerpath_cyto_biopsy_bronze`
      
      
    using delta
  
      
      
      
      
      
      
      
      
      as
      select
    c.*,
    ps.PATIENT_SETTING
from `opsanalytics_adb_workspace01`.`lab`.`powerpath_raw` c
left join `opsanalytics_adb_workspace01`.`lab`.`lab_kpi_ap_patient_setting` ps
    on c.Rev_ctr = ps.REV_CTR
  
[0m17:11:35.968808 [debug] [Thread-3 (]: SQL status: OK in 4.920 seconds
[0m17:11:35.970875 [debug] [Thread-3 (]: Databricks adapter: Cursor(session-id=01f19049-1021-121b-b404-5e891dfd6708, command-id=01f19049-10ab-1d1a-9f4b-d944dc8aaefc) - Closing
[0m17:11:35.991806 [debug] [Thread-3 (]: Applying tags to relation None
[0m17:11:36.132807 [debug] [Thread-3 (]: On model.lab_dbt.date_filter_bronze: Close
[0m17:11:36.133807 [debug] [Thread-3 (]: Databricks adapter: Connection(session-id=01f19049-1021-121b-b404-5e891dfd6708) - Closing
[0m17:11:36.321200 [debug] [Thread-3 (]: Sending event: {'category': 'dbt', 'action': 'run_model', 'label': '565a4589-5fc1-44d6-9314-35ef3618464a', 'context': [<snowplow_tracker.self_describing_json.SelfDescribingJson object at 0x000001A25543D650>]}
[0m17:11:36.323200 [info ] [Thread-3 (]: 1 of 3 OK created sql table model lab_staging.date_filter_bronze ............... [[32mOK[0m in 7.18s]
[0m17:11:36.325194 [debug] [Thread-3 (]: Finished running node model.lab_dbt.date_filter_bronze
[0m17:11:37.675026 [debug] [Thread-4 (]: SQL status: OK in 6.630 seconds
[0m17:11:37.681018 [debug] [Thread-4 (]: Databricks adapter: Cursor(session-id=01f19049-1028-199c-9efb-fa2aba772341, command-id=01f19049-10a9-17d4-b5b2-47a55b9a0a4d) - Closing
[0m17:11:37.849351 [debug] [Thread-4 (]: Applying tags to relation None
[0m17:11:37.857302 [debug] [Thread-4 (]: On model.lab_dbt.powerpath_cyto_biopsy_bronze: Close
[0m17:11:37.860308 [debug] [Thread-4 (]: Databricks adapter: Connection(session-id=01f19049-1028-199c-9efb-fa2aba772341) - Closing
[0m17:11:37.970315 [debug] [Thread-4 (]: Sending event: {'category': 'dbt', 'action': 'run_model', 'label': '565a4589-5fc1-44d6-9314-35ef3618464a', 'context': [<snowplow_tracker.self_describing_json.SelfDescribingJson object at 0x000001A23F66E950>]}
[0m17:11:37.971284 [info ] [Thread-4 (]: 2 of 3 OK created sql table model lab_staging.powerpath_cyto_biopsy_bronze ..... [[32mOK[0m in 8.83s]
[0m17:11:37.973286 [debug] [Thread-4 (]: Finished running node model.lab_dbt.powerpath_cyto_biopsy_bronze
[0m17:11:37.975288 [debug] [Thread-6 (]: Began running node model.lab_dbt.powerpath_cyto_biopsy_silver
[0m17:11:37.976318 [info ] [Thread-6 (]: 3 of 3 START sql table model lab_staging.powerpath_cyto_biopsy_silver .......... [RUN]
[0m17:11:37.977314 [debug] [Thread-6 (]: Databricks adapter: DatabricksDBTConnection(session-id=None, name=model.lab_dbt.powerpath_cyto_biopsy_silver) - Creating connection
[0m17:11:37.978324 [debug] [Thread-6 (]: Acquiring new databricks connection 'model.lab_dbt.powerpath_cyto_biopsy_silver'
[0m17:11:37.979323 [debug] [Thread-6 (]: Began compiling node model.lab_dbt.powerpath_cyto_biopsy_silver
[0m17:11:37.983322 [debug] [Thread-6 (]: Writing injected SQL for node "model.lab_dbt.powerpath_cyto_biopsy_silver"
[0m17:11:37.986356 [debug] [Thread-6 (]: Began executing node model.lab_dbt.powerpath_cyto_biopsy_silver
[0m17:11:37.988324 [debug] [Thread-6 (]: MATERIALIZING TABLE
[0m17:11:37.990321 [debug] [Thread-6 (]: Using databricks connection "model.lab_dbt.powerpath_cyto_biopsy_silver"
[0m17:11:37.992348 [debug] [Thread-6 (]: On model.lab_dbt.powerpath_cyto_biopsy_silver: /* {"app": "dbt", "dbt_version": "1.12.0", "dbt_databricks_version": "1.12.3", "databricks_sql_connector_version": "4.3.0", "profile_name": "lab_dbt", "target_name": "dev", "invocation_id": "565a4589-5fc1-44d6-9314-35ef3618464a", "node_id": "model.lab_dbt.powerpath_cyto_biopsy_silver"} */
SELECT
    table_catalog,
    table_schema,
    table_name,
    filter_name,
    target_columns
  FROM `opsanalytics_adb_workspace01`.`information_schema`.`row_filters`
  WHERE table_catalog = 'opsanalytics_adb_workspace01'
    AND table_schema = 'lab_staging'
    AND table_name = 'powerpath_cyto_biopsy_silver'
[0m17:11:37.994321 [debug] [Thread-6 (]: Opening a new connection, currently in state init
[0m17:11:38.933104 [debug] [Thread-6 (]: Databricks adapter: Connection(session-id=01f19049-152f-1753-99d1-7086c7528994) - Created
[0m17:11:39.537682 [debug] [Thread-6 (]: SQL status: OK in 1.540 seconds
[0m17:11:39.542683 [debug] [Thread-6 (]: Databricks adapter: Cursor(session-id=01f19049-152f-1753-99d1-7086c7528994, command-id=01f19049-1565-1ee7-8ef4-988135fcc62e) - Closing
[0m17:11:39.546683 [debug] [Thread-6 (]: Writing runtime sql for node "model.lab_dbt.powerpath_cyto_biopsy_silver"
[0m17:11:39.548682 [debug] [Thread-6 (]: Using databricks connection "model.lab_dbt.powerpath_cyto_biopsy_silver"
[0m17:11:39.550681 [debug] [Thread-6 (]: On model.lab_dbt.powerpath_cyto_biopsy_silver: /* {"app": "dbt", "dbt_version": "1.12.0", "dbt_databricks_version": "1.12.3", "databricks_sql_connector_version": "4.3.0", "profile_name": "lab_dbt", "target_name": "dev", "invocation_id": "565a4589-5fc1-44d6-9314-35ef3618464a", "node_id": "model.lab_dbt.powerpath_cyto_biopsy_silver"} */

  
    
        create or replace table `opsanalytics_adb_workspace01`.`lab_staging`.`powerpath_cyto_biopsy_silver`
      
      
    using delta
  
      
      
      
      
      
      
      
      
      as
      with raw as (
    select *
    from `opsanalytics_adb_workspace01`.`lab_staging`.`powerpath_cyto_biopsy_bronze`
    where spec_group in ('CYTO NONGYN', 'CYTO GYN', 'BREAST')
      and spec_sort_order = 'A'
),

cleaned as (
    select
        replace(Case_no, '*failed to decode utf16*', '')   as Case_no,
        case
            when Facility = 'KH'   then 'MSB'
            when Facility = 'R'    then 'MSW'
            when Facility = 'STL'  then 'MSM'
            when Facility = 'SNCH' then 'MSSN'
            when Facility = 'MSS'  then 'MSH'
            when Facility = 'SL'   then 'MSM'
            when Facility = 'PACC' then 'MSUS'
            else Facility
        end                                                 as Facility,
        case
            when Spec_code = 'BREA1' and spec_group = 'BREAST' then 'Breast Biopsy'
            when spec_group = 'CYTO NONGYN'                    then 'Cytology NONGYN'
            when spec_group = 'CYTO GYN'                       then 'Cytology GYN'
            else 'Breast Large/Resection'
        end                                                 as TEST_NAME,
        cast(Case_created_date as timestamp)                as Case_created_date,
        cast(Collection_Date   as timestamp)                as Collection_Date,
        cast(Received_Date     as timestamp)                as Received_Date,
        cast(signed_out_date   as timestamp)                as signed_out_date,
        Priority, Spec_code, Specimen_description, CPT_code, Rev_ctr,
        Encounter_no, MRN, Refmd_code, Refmd_name,
        spec_sort_order, spec_group, patient_type,
        PATIENT_SETTING,
        _source_file, _ingested_at
    from raw
),

with_setting as (
    select
        c.* except (PATIENT_SETTING),
        case
            when c.Rev_ctr = 'MSBK' and c.patient_type in ('A', 'O') then 'Amb'
            when c.Rev_ctr = 'MSBK' and c.patient_type = 'IN'        then 'IP'
            else PATIENT_SETTING
        end as PATIENT_SETTING
    from cleaned c
),

with_tat as (
    select
        w.*,
        datediff(w.signed_out_date, w.Collection_Date)   as Collection_to_signed_out,
        so.bizday_index - rc.bizday_index                as Received_to_signed_out
    from with_setting w
    left join `opsanalytics_adb_workspace01`.`lab_staging`.`date_filter_bronze` rc
        on cast(w.Received_Date   as date) = rc.calendar_date
    left join `opsanalytics_adb_workspace01`.`lab_staging`.`date_filter_bronze` so
        on cast(w.signed_out_date as date) = so.calendar_date
),


new_data as (
    select
        Facility                as FACILITY,
        Priority                as PRIORITY,
        Spec_code               as SPEC_CODE,
        Specimen_description    as SPECIMEN_DESCRIPTION,
        CPT_code                as CPT_CODE,
        Rev_ctr                 as REV_CTR,
        Encounter_no            as ENCOUNTER_NO,
        MRN,
        Case_no                 as CASE_NO,
        Case_created_date       as CASE_CREATED_DATE,
        Collection_Date         as COLLECTION_DATE,
        Received_Date           as RECEIVED_DATE,
        signed_out_date         as SIGNED_OUT_DATE,
        Refmd_code              as REFMD_CODE,
        spec_sort_order         as SPEC_SORT_ORDER,
        TEST_NAME,
        PATIENT_SETTING,
        Collection_to_signed_out as COLLECTION_TO_SIGNED_OUT,
        Received_to_signed_out   as RECEIVED_TO_SIGNED_OUT,
        case
            when TEST_NAME = 'Breast Biopsy'          then 3
            when TEST_NAME = 'Breast Large/Resection' then 5
            when TEST_NAME = 'Cytology GYN'           then 8
            else 8
        end                     as TAT_TARGET,
        case
            when Received_to_signed_out <= case
                when TEST_NAME = 'Breast Biopsy'          then 3
                when TEST_NAME = 'Breast Large/Resection' then 5
                when TEST_NAME = 'Cytology GYN'           then 8
                else 8
            end then 1 else 0
        end                     as IS_TAT_WITHIN_TARGET,
        spec_group              as SPEC_GROUP,
        Refmd_name              as REFMD_NAME,
        _source_file            as _SOURCE_FILE,
        _ingested_at            as _INGESTED_AT
    from with_tat
),

historical as (
    select
        FACILITY, PRIORITY, SPEC_CODE, SPECIMEN_DESCRIPTION, CPT_CODE, REV_CTR,
        ENCOUNTER_NO, MRN, CASE_NO, CASE_CREATED_DATE, COLLECTION_DATE,
        RECEIVED_DATE, SIGNED_OUT_DATE, REFMD_CODE, SPEC_SORT_ORDER, TEST_NAME,
        PATIENT_SETTING, COLLECTION_TO_SIGNED_OUT, RECEIVED_TO_SIGNED_OUT,
        TAT_TARGET, IS_TAT_WITHIN_TARGET, SPEC_GROUP, REFMD_NAME,
        cast(null as string)    as _SOURCE_FILE,
        cast(null as timestamp) as _INGESTED_AT
    from `opsanalytics_adb_workspace01`.`lab`.`powerpath_cyto_biopsy_historical`
)


select * from historical
union all
select * from new_data
  
[0m17:11:44.586594 [debug] [Thread-6 (]: SQL status: OK in 5.030 seconds
[0m17:11:44.588595 [debug] [Thread-6 (]: Databricks adapter: Cursor(session-id=01f19049-152f-1753-99d1-7086c7528994, command-id=01f19049-15c4-1767-8cdf-120435563cfd) - Closing
[0m17:11:44.590603 [debug] [Thread-6 (]: Applying tags to relation None
[0m17:11:44.592609 [debug] [Thread-6 (]: On model.lab_dbt.powerpath_cyto_biopsy_silver: Close
[0m17:11:44.593561 [debug] [Thread-6 (]: Databricks adapter: Connection(session-id=01f19049-152f-1753-99d1-7086c7528994) - Closing
[0m17:11:44.834274 [debug] [Thread-6 (]: Sending event: {'category': 'dbt', 'action': 'run_model', 'label': '565a4589-5fc1-44d6-9314-35ef3618464a', 'context': [<snowplow_tracker.self_describing_json.SelfDescribingJson object at 0x000001A23F66E950>]}
[0m17:11:44.835704 [info ] [Thread-6 (]: 3 of 3 OK created sql table model lab_staging.powerpath_cyto_biopsy_silver ..... [[32mOK[0m in 6.86s]
[0m17:11:44.837280 [debug] [Thread-6 (]: Finished running node model.lab_dbt.powerpath_cyto_biopsy_silver
[0m17:11:44.840242 [debug] [MainThread]: Databricks adapter: DatabricksDBTConnection(session-id=None, name=master) - Creating connection
[0m17:11:44.842247 [debug] [MainThread]: Acquiring new databricks connection 'master'
[0m17:11:44.844245 [info ] [MainThread]: 
[0m17:11:44.846248 [info ] [MainThread]: Finished running 3 table models in 0 hours 0 minutes and 20.37 seconds (20.37s).
[0m17:11:44.848582 [debug] [MainThread]: Command end result
[0m17:11:44.950316 [debug] [MainThread]: Wrote artifact WritableManifest to C:\Users\tommad01\Desktop\Lab\lab_dbt\target\manifest.json
[0m17:11:44.955280 [debug] [MainThread]: Wrote artifact SemanticManifest to C:\Users\tommad01\Desktop\Lab\lab_dbt\target\semantic_manifest.json
[0m17:11:44.961282 [debug] [MainThread]: Wrote artifact OsiDocument to C:\Users\tommad01\Desktop\Lab\lab_dbt\target\osi_document.json
[0m17:11:44.972282 [debug] [MainThread]: Wrote artifact RunExecutionResult to C:\Users\tommad01\Desktop\Lab\lab_dbt\target\run_results.json
[0m17:11:44.972282 [info ] [MainThread]: 
[0m17:11:44.974283 [info ] [MainThread]: [32mCompleted successfully[0m
[0m17:11:44.975286 [info ] [MainThread]: 
[0m17:11:44.976284 [info ] [MainThread]: Done. PASS=3 WARN=0 ERROR=0 SKIP=0 NO-OP=0 REUSED=0 TOTAL=3
[0m17:11:44.978285 [debug] [MainThread]: Command `dbt run` succeeded at 17:11:44.977282 after 24.86 seconds
[0m17:11:44.979284 [debug] [MainThread]: Sending event: {'category': 'dbt', 'action': 'invocation', 'label': 'end', 'context': [<snowplow_tracker.self_describing_json.SelfDescribingJson object at 0x000001A241036150>, <snowplow_tracker.self_describing_json.SelfDescribingJson object at 0x000001A240F24610>, <snowplow_tracker.self_describing_json.SelfDescribingJson object at 0x000001A240F37510>]}
[0m17:11:44.979284 [debug] [MainThread]: Flushing usage events
[0m17:11:45.393670 [debug] [MainThread]: An error was encountered while trying to flush usage events
