==================== 2026-08-03T20:01:41.440419Z | 00000000-0000-0000-0000-000000000000 ====================
==================== 2026-08-03T20:01:41.440979Z | 6e656f73-31e1-4be1-b73d-444f12634de6 ====================
20:01:41.441048 [info ]: Starting dbt LSP server
20:01:41.441127 [info ]: Connecting to LSP client on port 8000
20:01:41.447670 [info ]: Successfully connected to LSP client
20:01:41.447711 [info ]: Creating LSP service...
20:01:41.452240 [info ]: Creating LSP server...
20:01:41.452262 [info ]: Starting LSP server...
20:01:41.492110 [info ]: Loading ~/.dbt/profiles.yml
20:01:41.565765 [info ]: Started loading project
20:01:41.567456 [info ]: Loading ~/.dbt/profiles.yml
20:01:41.664543 [debug]:    Started loading packages
20:01:41.673835 [debug]:     Loaded [  0.01s] packages
20:01:41.676330 [info ]: Finished loading project [  0.11s]
20:01:41.677412 [info ]: Started parsing
20:01:41.776672 [debug]: Finished parsing models/example/schema.yml [  0.00s]
20:01:41.782056 [debug]: Finished parsing models/example/my_first_dbt_model.sql [  0.00s]
20:01:41.788215 [debug]: Finished parsing models/example/my_second_dbt_model.sql [  0.01s]
20:01:41.800051 [info ]: Finished parsing [  0.12s]
20:01:41.801288 [info ]: Cached model count updated: 2 models (estimate)
20:01:41.801319 [info ]: Cached model count updated: 2 models (accurate)
20:01:41.801453 [info ]: Started scheduling
20:01:41.801867 [info ]: Finished scheduling [  0.00s]
20:01:41.801925 [debug]: Compilation - 1 nodes selected: {"model.lab_dbt.my_first_dbt_model"}
20:01:41.802022 [info ]: Started scheduling
20:01:41.802092 [info ]: Finished scheduling [  0.00s]
20:01:41.902833 [debug]: No platform credentials found, skipping remote license
20:01:42.975081 [debug]: License loaded from file C:\Users\tommad01\.dbt\license.trial
20:01:43.434593 [info ]: Started building task graph
20:01:43.434893 [info ]: Finished building task graph [  0.00s]
20:01:43.440239 [info ]: Started rendering (1 nodes)
20:01:43.440318 [info ]: Started model lab_staging.my_first_dbt_model
20:01:43.440353 [debug]: Started rendering model lab_staging.my_first_dbt_model
20:01:43.446782 [debug]: Compiled SQL for node model.lab_dbt.my_first_dbt_model at target\.lsp\compiled\lab_dbt\models\example\my_first_dbt_model.sql
20:01:43.447071 [debug]: Finished rendering [  0.01s] model lab_staging.my_first_dbt_model [success]
20:01:43.447126 [info ]: Finished rendering [  0.01s] (1 nodes, 0 skipped, 0 errors)
20:01:43.447198 [info ]: Started analyzing (1 nodes)
20:01:43.447229 [debug]: Started analyzing model lab_staging.my_first_dbt_model
20:01:43.455224 [debug]: Finished analyzing [  0.01s] model lab_staging.my_first_dbt_model [success]
20:01:43.455249 [info ]: Finished analyzing [  0.01s] (1 nodes, 0 skipped, 0 errors)
20:01:43.455258 [info ]:  Succeeded [  0.01s] model lab_staging.my_first_dbt_model (table)
20:01:43.464449 [info ]: Started scheduling
20:01:43.464493 [info ]: Finished scheduling [  0.00s]
20:01:43.465347 [info ]: Cached model count updated: 2 models (accurate)
20:01:45.031960 [info ]: Started loading project
20:01:45.033372 [info ]: Loading ~/.dbt/profiles.yml
20:01:45.088545 [info ]: Cached model count updated: 2 models (estimate)
20:01:45.088565 [info ]: Cached model count updated: 2 models (accurate)
20:01:45.088587 [info ]: Started scheduling
20:01:45.088637 [info ]: Finished scheduling [  0.00s]
20:01:45.088650 [debug]: Compilation - 2 nodes selected: {"model.lab_dbt.my_first_dbt_model", "model.lab_dbt.my_second_dbt_model"}
20:01:45.091662 [info ]: Started building task graph
20:01:45.091764 [info ]: Finished building task graph [  0.00s]
20:01:45.094666 [info ]: Started rendering (2 nodes)
20:01:45.094686 [info ]: Started model lab_staging.my_second_dbt_model
20:01:45.094709 [debug]: Started rendering model lab_staging.my_second_dbt_model
20:01:45.094730 [info ]: Started model lab_staging.my_first_dbt_model
20:01:45.094765 [debug]: Started rendering model lab_staging.my_first_dbt_model
20:01:45.094792 [info ]: Finished loading project [  0.06s]
20:01:45.096635 [debug]: Compiled SQL for node model.lab_dbt.my_first_dbt_model at target\.lsp\compiled\lab_dbt\models\example\my_first_dbt_model.sql
20:01:45.096774 [debug]: Finished rendering [  0.00s] model lab_staging.my_first_dbt_model [success]
20:01:45.096822 [info ]: Started analyzing (2 nodes)
20:01:45.096839 [debug]: Started analyzing model lab_staging.my_first_dbt_model
20:01:45.097209 [debug]: Finished analyzing [  0.00s] model lab_staging.my_first_dbt_model [success]
20:01:45.097226 [info ]:  Succeeded [  0.00s] model lab_staging.my_first_dbt_model (table)
20:01:45.099229 [debug]: Compiled SQL for node model.lab_dbt.my_second_dbt_model at target\.lsp\compiled\lab_dbt\models\example\my_second_dbt_model.sql
20:01:45.099348 [debug]: Finished rendering [  0.00s] model lab_staging.my_second_dbt_model [success]
20:01:45.099367 [info ]: Finished rendering [  0.00s] (2 nodes, 0 skipped, 0 errors)
20:01:45.099382 [debug]: Started analyzing model lab_staging.my_second_dbt_model
20:01:45.100735 [debug]: Finished analyzing [  0.00s] model lab_staging.my_second_dbt_model [success]
20:01:45.100750 [info ]: Finished analyzing [  0.00s] (2 nodes, 0 skipped, 0 errors)
20:01:45.100760 [info ]:  Succeeded [  0.01s] model lab_staging.my_second_dbt_model (view)
20:01:45.105819 [info ]: Started scheduling
20:01:45.105860 [info ]: Finished scheduling [  0.00s]
20:01:45.106503 [info ]: Cached model count updated: 2 models (accurate)
21:08:09.367279 [info ]: Started loading project
21:08:09.388544 [info ]: Loading ~/.dbt/profiles.yml
21:08:09.521862 [info ]: Finished loading project [  0.15s]
21:08:09.523836 [info ]: Cached model count updated: 2 models (accurate)
21:08:11.067169 [info ]: Started loading project
21:08:11.068194 [info ]: Loading ~/.dbt/profiles.yml
21:08:11.129832 [info ]: Cached model count updated: 2 models (estimate)
21:08:11.129854 [info ]: Cached model count updated: 2 models (accurate)
21:08:11.132943 [info ]: Started scheduling
21:08:11.137329 [info ]: Finished scheduling [  0.00s]
21:08:11.137505 [debug]: Compilation - 2 nodes selected: {"model.lab_dbt.my_first_dbt_model", "model.lab_dbt.my_second_dbt_model"}
21:08:11.159560 [info ]: Started building task graph
21:08:11.163265 [info ]: Finished building task graph [  0.00s]
21:08:11.195625 [info ]: Started rendering (2 nodes)
21:08:11.196653 [info ]: Started model lab_staging.my_second_dbt_model
21:08:11.196919 [debug]: Started rendering model lab_staging.my_second_dbt_model
21:08:11.197495 [info ]: Finished loading project [  0.13s]
21:08:11.197658 [info ]: Started model lab_staging.my_first_dbt_model
21:08:11.197691 [debug]: Started rendering model lab_staging.my_first_dbt_model
21:08:11.208326 [debug]: Compiled SQL for node model.lab_dbt.my_second_dbt_model at target\.lsp\compiled\lab_dbt\models\example\my_second_dbt_model.sql
21:08:11.208329 [debug]: Compiled SQL for node model.lab_dbt.my_first_dbt_model at target\.lsp\compiled\lab_dbt\models\example\my_first_dbt_model.sql
21:08:11.211638 [debug]: Finished rendering [  0.01s] model lab_staging.my_second_dbt_model [success]
21:08:11.212034 [info ]: Started analyzing (2 nodes)
21:08:11.212058 [debug]: Started analyzing model lab_staging.my_second_dbt_model
21:08:11.212121 [debug]: Finished rendering [  0.01s] model lab_staging.my_first_dbt_model [success]
21:08:11.212140 [info ]: Finished rendering [  0.02s] (2 nodes, 0 skipped, 0 errors)
21:08:11.212158 [debug]: Started analyzing model lab_staging.my_first_dbt_model
21:08:11.231186 [debug]: Finished analyzing [  0.02s] model lab_staging.my_second_dbt_model [success]
21:08:11.231227 [info ]:  Succeeded [  0.03s] model lab_staging.my_second_dbt_model (view)
21:08:11.231621 [debug]: Finished analyzing [  0.02s] model lab_staging.my_first_dbt_model [success]
21:08:11.231697 [info ]: Finished analyzing [  0.02s] (2 nodes, 0 skipped, 0 errors)
21:08:11.231769 [info ]:  Succeeded [  0.03s] model lab_staging.my_first_dbt_model (table)
21:08:11.248919 [info ]: Started scheduling
21:08:11.249476 [info ]: Finished scheduling [  0.00s]
21:08:11.250913 [info ]: Cached model count updated: 2 models (accurate)
21:12:18.590875 [info ]: Started loading project
21:12:18.592177 [info ]: Loading ~/.dbt/profiles.yml
21:12:18.604626 [info ]: Started loading project
21:12:18.605744 [info ]: Loading ~/.dbt/profiles.yml
21:12:18.605807 [info ]: Finished loading project [  0.01s]
21:12:18.680747 [debug]:    Started loading packages
21:12:18.688005 [debug]:     Loaded [  0.01s] packages
21:12:18.689551 [info ]: Finished loading project [  0.08s]
21:12:18.691656 [info ]: Started parsing
21:12:18.787886 [warn ]: [UnusedResourceConfigPath (dbt1097)]: Configuration paths exist in your dbt_project.yml file which do not apply to any resources.
There are 1 unused configuration paths:
- models.lab_dbt.example
21:12:18.792953 [info ]: Cached model count updated: 0 models (estimate)
21:12:18.792969 [info ]: Cached model count updated: 0 models (accurate)
21:12:18.792985 [info ]: Started scheduling
21:12:18.793009 [info ]: Finished scheduling [  0.00s]
21:12:18.793020 [debug]: Compilation - 0 nodes selected: {}
21:12:18.794078 [warn ]: [NoNodesForSelectionCriteria (dbt1092)]: The selection criterion '' does not match any enabled nodes
21:12:18.794096 [warn ]: [NoNodesSelected (dbt1601)]: Nothing to do. Try checking your model configs and model specification args
21:12:18.794288 [info ]: Started scheduling
21:12:18.794303 [info ]: Finished scheduling [  0.00s]
21:12:18.797152 [info ]: Started building task graph
21:12:18.797180 [info ]: Finished building task graph [  0.00s]
21:12:18.806613 [info ]: Started scheduling
21:12:18.806659 [info ]: Finished scheduling [  0.00s]
21:12:18.811752 [info ]: Cached model count updated: 0 models (accurate)
21:12:18.811822 [info ]: Finished parsing [  0.12s]
21:12:20.367318 [info ]: Started loading project
21:12:20.368389 [info ]: Loading ~/.dbt/profiles.yml
21:12:20.434792 [info ]: Cached model count updated: 0 models (estimate)
21:12:20.434810 [info ]: Cached model count updated: 0 models (accurate)
21:12:20.434828 [info ]: Started scheduling
21:12:20.434850 [info ]: Finished scheduling [  0.00s]
21:12:20.434861 [debug]: Compilation - 0 nodes selected: {}
21:12:20.434877 [warn ]: [NoNodesSelected (dbt1601)]: Nothing to do. Try checking your model configs and model specification args
21:12:20.437447 [info ]: Started building task graph
21:12:20.437491 [info ]: Finished building task graph [  0.00s]
21:12:20.454113 [info ]: Started scheduling
21:12:20.454175 [info ]: Finished scheduling [  0.00s]
21:12:20.454268 [info ]: Finished loading project [  0.09s]
21:12:20.455327 [info ]: Cached model count updated: 0 models (accurate)
21:23:40.906477 [info ]: Started loading project
21:23:40.907562 [info ]: Loading ~/.dbt/profiles.yml
21:23:40.922632 [info ]: Started loading project
21:23:40.923440 [info ]: Loading ~/.dbt/profiles.yml
21:23:40.923469 [info ]: Finished loading project [  0.02s]
21:23:40.982620 [debug]:    Started loading packages
21:23:40.989025 [debug]:     Loaded [  0.01s] packages
21:23:40.990033 [info ]: Finished loading project [  0.07s]
21:23:40.990270 [info ]: Started parsing
21:23:41.054497 [warn ]: [UnusedResourceConfigPath (dbt1097)]: Configuration paths exist in your dbt_project.yml file which do not apply to any resources.
There are 3 unused configuration paths:
- models.lab_dbt.bronze
- models.lab_dbt.gold
- models.lab_dbt.silver
21:23:41.056667 [info ]: Cached model count updated: 0 models (estimate)
21:23:41.056689 [info ]: Cached model count updated: 0 models (accurate)
21:23:41.056707 [info ]: Started scheduling
21:23:41.056746 [info ]: Finished scheduling [  0.00s]
21:23:41.056764 [debug]: Compilation - 0 nodes selected: {}
21:23:41.056790 [warn ]: [NoNodesForSelectionCriteria (dbt1092)]: The selection criterion '' does not match any enabled nodes
21:23:41.056807 [warn ]: [NoNodesSelected (dbt1601)]: Nothing to do. Try checking your model configs and model specification args
21:23:41.056819 [info ]: Started scheduling
21:23:41.056833 [info ]: Finished scheduling [  0.00s]
21:23:41.058720 [info ]: Started building task graph
21:23:41.058760 [info ]: Finished building task graph [  0.00s]
21:23:41.073758 [info ]: Started scheduling
21:23:41.073792 [info ]: Finished scheduling [  0.00s]
21:23:41.076557 [info ]: Cached model count updated: 0 models (accurate)
21:23:41.076635 [info ]: Finished parsing [  0.09s]
21:23:42.630580 [info ]: Started loading project
21:23:42.631431 [info ]: Loading ~/.dbt/profiles.yml
21:23:42.679196 [info ]: Cached model count updated: 0 models (estimate)
21:23:42.679222 [info ]: Cached model count updated: 0 models (accurate)
21:23:42.679246 [info ]: Started scheduling
21:23:42.679277 [info ]: Finished scheduling [  0.00s]
21:23:42.679292 [debug]: Compilation - 0 nodes selected: {}
21:23:42.679308 [warn ]: [NoNodesSelected (dbt1601)]: Nothing to do. Try checking your model configs and model specification args
21:23:42.681344 [info ]: Started building task graph
21:23:42.681373 [info ]: Finished building task graph [  0.00s]
21:23:42.695006 [info ]: Started scheduling
21:23:42.695051 [info ]: Finished scheduling [  0.00s]
21:23:42.695179 [info ]: Finished loading project [  0.06s]
21:23:42.696123 [info ]: Cached model count updated: 0 models (accurate)
16:24:27.735526 [info ]: Loading ~/.dbt/profiles.yml
17:16:51.009917 [info ]: Started loading project
17:16:51.018699 [info ]: Loading ~/.dbt/profiles.yml
17:16:51.111590 [info ]: Started loading project
17:16:51.112755 [info ]: Loading ~/.dbt/profiles.yml
17:16:51.112794 [info ]: Finished loading project [  0.10s]
17:16:51.213937 [debug]:    Started loading packages
17:16:51.220994 [debug]:     Loaded [  0.01s] packages
17:16:51.222476 [info ]: Finished loading project [  0.11s]
17:16:51.225621 [info ]: Started parsing
17:16:51.402605 [warn ]: [UnusedResourceConfigPath (dbt1097)]: Configuration paths exist in your dbt_project.yml file which do not apply to any resources.
There are 4 unused configuration paths:
- models.lab_dbt
- models.lab_dbt.bronze
- models.lab_dbt.gold
- models.lab_dbt.silver
17:16:51.412031 [info ]: Cached model count updated: 0 models (estimate)
17:16:51.412129 [info ]: Cached model count updated: 0 models (accurate)
17:16:51.413618 [info ]: Started scheduling
17:16:51.416989 [info ]: Finished scheduling [  0.00s]
17:16:51.417349 [debug]: Compilation - 0 nodes selected: {}
17:16:51.418746 [warn ]: [NoNodesForSelectionCriteria (dbt1092)]: The selection criterion '' does not match any enabled nodes
17:16:51.418904 [warn ]: [NoNodesSelected (dbt1601)]: Nothing to do. Try checking your model configs and model specification args
17:16:51.419437 [info ]: Started scheduling
17:16:51.419627 [info ]: Finished scheduling [  0.00s]
17:16:51.431021 [info ]: Started building task graph
17:16:51.432777 [info ]: Finished building task graph [  0.00s]
17:16:51.489221 [info ]: Started scheduling
17:16:51.489449 [info ]: Finished scheduling [  0.00s]
17:16:51.511387 [info ]: Cached model count updated: 0 models (accurate)
17:16:51.511717 [info ]: Finished parsing [  0.29s]
17:16:53.053767 [info ]: Started loading project
17:16:53.056972 [info ]: Loading ~/.dbt/profiles.yml
17:16:53.146083 [info ]: Cached model count updated: 0 models (estimate)
17:16:53.146107 [info ]: Cached model count updated: 0 models (accurate)
17:16:53.146130 [info ]: Started scheduling
17:16:53.146168 [info ]: Finished scheduling [  0.00s]
17:16:53.146187 [debug]: Compilation - 0 nodes selected: {}
17:16:53.146428 [warn ]: [NoNodesSelected (dbt1601)]: Nothing to do. Try checking your model configs and model specification args
17:16:53.150282 [info ]: Started building task graph
17:16:53.150320 [info ]: Finished building task graph [  0.00s]
17:16:53.164443 [info ]: Started scheduling
17:16:53.164494 [info ]: Finished scheduling [  0.00s]
17:16:53.164565 [info ]: Finished loading project [  0.11s]
17:16:53.165597 [info ]: Cached model count updated: 0 models (accurate)
17:17:16.597486 [info ]: Loading ~/.dbt/profiles.yml
17:17:17.036847 [info ]: Started loading project
17:17:17.038035 [info ]: Loading ~/.dbt/profiles.yml
17:17:17.054082 [info ]: Started loading project
17:17:17.055297 [info ]: Loading ~/.dbt/profiles.yml
17:17:17.055385 [info ]: Finished loading project [  0.02s]
17:17:17.167387 [debug]:    Started loading packages
17:17:17.179352 [debug]:     Loaded [  0.01s] packages
17:17:17.182702 [info ]: Finished loading project [  0.13s]
17:17:17.183089 [info ]: Started parsing
17:17:17.314025 [debug]: Finished parsing models/sources.yaml [  0.01s]
17:17:17.318523 [warn ]: [UnusedResourceConfigPath (dbt1097)]: Configuration paths exist in your dbt_project.yml file which do not apply to any resources.
There are 4 unused configuration paths:
- models.lab_dbt
- models.lab_dbt.bronze
- models.lab_dbt.gold
- models.lab_dbt.silver
17:17:17.323080 [info ]: Cached model count updated: 0 models (estimate)
17:17:17.323107 [info ]: Cached model count updated: 0 models (accurate)
17:17:17.323132 [info ]: Started scheduling
17:17:17.323163 [info ]: Finished scheduling [  0.00s]
17:17:17.323180 [debug]: Compilation - 0 nodes selected: {}
17:17:17.323200 [warn ]: [NoNodesForSelectionCriteria (dbt1092)]: The selection criterion '' does not match any enabled nodes
17:17:17.323214 [warn ]: [NoNodesSelected (dbt1601)]: Nothing to do. Try checking your model configs and model specification args
17:17:17.323225 [info ]: Started scheduling
17:17:17.323239 [info ]: Finished scheduling [  0.00s]
17:17:17.328678 [info ]: Started building task graph
17:17:17.328711 [info ]: Finished building task graph [  0.00s]
17:17:17.345500 [info ]: Started scheduling
17:17:17.345551 [info ]: Finished scheduling [  0.00s]
17:17:17.351350 [info ]: Cached model count updated: 0 models (accurate)
17:17:17.351504 [info ]: Finished parsing [  0.17s]
17:17:18.889302 [info ]: Started loading project
17:17:18.890667 [info ]: Loading ~/.dbt/profiles.yml
17:17:18.965064 [info ]: Cached model count updated: 0 models (estimate)
17:17:18.965091 [info ]: Cached model count updated: 0 models (accurate)
17:17:18.965116 [info ]: Started scheduling
17:17:18.965155 [info ]: Finished scheduling [  0.00s]
17:17:18.965173 [debug]: Compilation - 0 nodes selected: {}
17:17:18.965190 [warn ]: [NoNodesSelected (dbt1601)]: Nothing to do. Try checking your model configs and model specification args
17:17:18.967508 [info ]: Started building task graph
17:17:18.967539 [info ]: Finished building task graph [  0.00s]
17:17:18.979843 [info ]: Started scheduling
17:17:18.979885 [info ]: Finished scheduling [  0.00s]
17:17:18.979960 [info ]: Finished loading project [  0.09s]
17:17:18.980869 [info ]: Cached model count updated: 0 models (accurate)
17:17:19.394609 [info ]: Started loading project
17:17:19.396023 [info ]: Loading ~/.dbt/profiles.yml
17:17:19.418149 [info ]: Started parsing
17:17:19.502420 [info ]: Finished loading project [  0.11s]
17:17:19.513785 [debug]: Finished parsing models/sources.yaml [  0.01s]
17:17:19.528243 [warn ]: [UnusedResourceConfigPath (dbt1097)]: Configuration paths exist in your dbt_project.yml file which do not apply to any resources.
There are 4 unused configuration paths:
- models.lab_dbt
- models.lab_dbt.bronze
- models.lab_dbt.gold
- models.lab_dbt.silver
17:17:19.530122 [info ]: Finished parsing [  0.11s]
17:17:19.533544 [info ]: Cached model count updated: 0 models (estimate)
17:17:19.533560 [info ]: Cached model count updated: 0 models (accurate)
17:17:19.534352 [info ]: Started scheduling
17:17:19.536294 [info ]: Finished scheduling [  0.00s]
17:17:19.536312 [debug]: Compilation - 0 nodes selected: {}
17:17:19.536614 [warn ]: [NoNodesForSelectionCriteria (dbt1092)]: The selection criterion '+source:lab_dbt.lab.powerpath_raw +source:lab_dbt.lab.lab_kpi_ap_patient_setting' does not match any enabled nodes
17:17:19.536634 [warn ]: [NoNodesSelected (dbt1601)]: Nothing to do. Try checking your model configs and model specification args
17:17:19.539089 [info ]: Started building task graph
17:17:19.539128 [info ]: Finished building task graph [  0.00s]
17:17:19.549403 [info ]: Started scheduling
17:17:19.549460 [info ]: Finished scheduling [  0.00s]
17:17:19.551400 [info ]: Cached model count updated: 0 models (accurate)
17:17:21.098711 [info ]: Started loading project
17:17:21.099798 [info ]: Loading ~/.dbt/profiles.yml
17:17:21.163750 [info ]: Cached model count updated: 0 models (estimate)
17:17:21.163769 [info ]: Cached model count updated: 0 models (accurate)
17:17:21.163790 [info ]: Started scheduling
17:17:21.163818 [info ]: Finished scheduling [  0.00s]
17:17:21.163829 [debug]: Compilation - 0 nodes selected: {}
17:17:21.163846 [warn ]: [NoNodesSelected (dbt1601)]: Nothing to do. Try checking your model configs and model specification args
17:17:21.165240 [info ]: Started building task graph
17:17:21.165259 [info ]: Finished building task graph [  0.00s]
17:17:21.175470 [info ]: Started scheduling
17:17:21.175507 [info ]: Finished scheduling [  0.00s]
17:17:21.175570 [info ]: Finished loading project [  0.08s]
17:17:21.176149 [info ]: Cached model count updated: 0 models (accurate)
17:25:32.907333 [info ]: Started loading project
17:25:32.908359 [info ]: Loading ~/.dbt/profiles.yml
17:25:32.925035 [info ]: Started loading project
17:25:32.926091 [info ]: Loading ~/.dbt/profiles.yml
17:25:32.926126 [info ]: Finished loading project [  0.02s]
17:25:33.002584 [debug]:    Started loading packages
17:25:33.010721 [debug]:     Loaded [  0.01s] packages
17:25:33.012116 [info ]: Finished loading project [  0.09s]
17:25:33.012521 [info ]: Started parsing
17:25:33.097538 [debug]: Finished parsing models/sources.yaml [  0.00s]
17:25:33.121019 [warn ]: [UnusedResourceConfigPath (dbt1097)]: Configuration paths exist in your dbt_project.yml file which do not apply to any resources.
There are 4 unused configuration paths:
- models.lab_dbt
- models.lab_dbt.bronze
- models.lab_dbt.gold
- models.lab_dbt.silver
17:25:33.123524 [info ]: Cached model count updated: 0 models (estimate)
17:25:33.123543 [info ]: Cached model count updated: 0 models (accurate)
17:25:33.123739 [info ]: Started scheduling
17:25:33.123934 [info ]: Finished scheduling [  0.00s]
17:25:33.123954 [debug]: Compilation - 0 nodes selected: {}
17:25:33.123983 [warn ]: [NoNodesForSelectionCriteria (dbt1092)]: The selection criterion '' does not match any enabled nodes
17:25:33.123998 [warn ]: [NoNodesSelected (dbt1601)]: Nothing to do. Try checking your model configs and model specification args
17:25:33.124011 [info ]: Started scheduling
17:25:33.124451 [info ]: Finished scheduling [  0.00s]
17:25:33.128393 [info ]: Started building task graph
17:25:33.128424 [info ]: Finished building task graph [  0.00s]
17:25:33.143517 [info ]: Started scheduling
17:25:33.143559 [info ]: Finished scheduling [  0.00s]
17:25:33.149083 [info ]: Cached model count updated: 0 models (accurate)
17:25:33.149190 [info ]: Finished parsing [  0.14s]
17:25:34.698248 [info ]: Started loading project
17:25:34.699251 [info ]: Loading ~/.dbt/profiles.yml
17:25:34.758691 [info ]: Cached model count updated: 0 models (estimate)
17:25:34.758712 [info ]: Cached model count updated: 0 models (accurate)
17:25:34.758734 [info ]: Started scheduling
17:25:34.758773 [info ]: Finished scheduling [  0.00s]
17:25:34.758785 [debug]: Compilation - 1 nodes selected: {"seed.lab_dbt.mshs_holidays"}
17:25:34.763925 [info ]: Started building task graph
17:25:34.766050 [info ]: Finished building task graph [  0.00s]
17:25:34.766519 [info ]: Finished loading project [  0.07s]
17:25:34.819981 [info ]: Started rendering (1 nodes)
17:25:34.822248 [info ]: Started seed lab_staging.mshs_holidays
17:25:34.822697 [debug]: Started rendering seed lab_staging.mshs_holidays
17:25:34.826580 [debug]: Finished rendering [  0.00s] seed lab_staging.mshs_holidays [success]
17:25:34.826789 [info ]: Finished rendering [  0.01s] (1 nodes, 0 skipped, 0 errors)
17:25:34.826809 [info ]:  Succeeded [  0.00s] seed  lab_staging.mshs_holidays (table)
17:25:34.835248 [info ]: Started scheduling
17:25:34.835327 [info ]: Finished scheduling [  0.00s]
17:25:34.836829 [info ]: Cached model count updated: 0 models (accurate)
17:28:09.671901 [info ]: Started loading project
17:28:09.673218 [info ]: Loading ~/.dbt/profiles.yml
17:28:09.690293 [info ]: Started loading project
17:28:09.691235 [info ]: Loading ~/.dbt/profiles.yml
17:28:09.691263 [info ]: Finished loading project [  0.02s]
17:28:09.751471 [debug]:    Started loading packages
17:28:09.757049 [debug]:     Loaded [  0.01s] packages
17:28:09.758724 [info ]: Finished loading project [  0.07s]
17:28:09.758953 [info ]: Started parsing
17:28:09.819473 [debug]: Finished parsing models/sources.yaml [  0.00s]
17:28:09.824746 [warn ]: [UnusedResourceConfigPath (dbt1097)]: Configuration paths exist in your dbt_project.yml file which do not apply to any resources.
There are 4 unused configuration paths:
- models.lab_dbt
- models.lab_dbt.bronze
- models.lab_dbt.gold
- models.lab_dbt.silver
17:28:09.826798 [info ]: Cached model count updated: 0 models (estimate)
17:28:09.826813 [info ]: Cached model count updated: 0 models (accurate)
17:28:09.826829 [info ]: Started scheduling
17:28:09.826854 [info ]: Finished scheduling [  0.00s]
17:28:09.826866 [debug]: Compilation - 0 nodes selected: {}
17:28:09.826882 [warn ]: [NoNodesForSelectionCriteria (dbt1092)]: The selection criterion '' does not match any enabled nodes
17:28:09.826891 [warn ]: [NoNodesSelected (dbt1601)]: Nothing to do. Try checking your model configs and model specification args
17:28:09.826900 [info ]: Started scheduling
17:28:09.826921 [info ]: Finished scheduling [  0.00s]
17:28:09.828336 [info ]: Started building task graph
17:28:09.828353 [info ]: Finished building task graph [  0.00s]
17:28:09.838643 [info ]: Started scheduling
17:28:09.838688 [info ]: Finished scheduling [  0.00s]
17:28:09.843209 [info ]: Cached model count updated: 0 models (accurate)
17:28:09.843326 [info ]: Finished parsing [  0.08s]
17:28:11.443497 [info ]: Started loading project
17:28:11.445100 [info ]: Loading ~/.dbt/profiles.yml
17:28:11.523954 [info ]: Cached model count updated: 0 models (estimate)
17:28:11.523982 [info ]: Cached model count updated: 0 models (accurate)
17:28:11.524028 [info ]: Started scheduling
17:28:11.524096 [info ]: Finished scheduling [  0.00s]
17:28:11.524116 [debug]: Compilation - 1 nodes selected: {"seed.lab_dbt.mshs_holidays"}
17:28:11.527707 [info ]: Started building task graph
17:28:11.527760 [info ]: Finished building task graph [  0.00s]
17:28:11.527821 [info ]: Finished loading project [  0.08s]
17:28:11.655731 [info ]: Started rendering (1 nodes)
17:28:11.655782 [info ]: Started seed lab_staging.mshs_holidays
17:28:11.655803 [debug]: Started rendering seed lab_staging.mshs_holidays
17:28:11.655903 [debug]: Finished rendering [  0.00s] seed lab_staging.mshs_holidays [success]
17:28:11.655929 [info ]: Finished rendering [  0.00s] (1 nodes, 0 skipped, 0 errors)
17:28:11.655941 [info ]:  Succeeded [-------] seed  lab_staging.mshs_holidays (table)
17:28:11.665288 [info ]: Started scheduling
17:28:11.665348 [info ]: Finished scheduling [  0.00s]
17:28:11.666396 [info ]: Cached model count updated: 0 models (accurate)
17:29:57.326774 [info ]: Loading ~/.dbt/profiles.yml
17:29:57.629784 [info ]: Started loading project
17:29:57.630956 [info ]: Loading ~/.dbt/profiles.yml
17:29:57.645871 [info ]: Started loading project
17:29:57.647059 [info ]: Loading ~/.dbt/profiles.yml
17:29:57.647142 [info ]: Finished loading project [  0.02s]
17:29:57.714824 [debug]:    Started loading packages
17:29:57.720610 [debug]:     Loaded [  0.01s] packages
17:29:57.721709 [info ]: Finished loading project [  0.08s]
17:29:57.721975 [info ]: Started parsing
17:29:57.785674 [debug]: Finished parsing models/sources.yml [  0.00s]
17:29:57.791121 [warn ]: [UnusedResourceConfigPath (dbt1097)]: Configuration paths exist in your dbt_project.yml file which do not apply to any resources.
There are 4 unused configuration paths:
- models.lab_dbt
- models.lab_dbt.bronze
- models.lab_dbt.gold
- models.lab_dbt.silver
17:29:57.796856 [info ]: Cached model count updated: 0 models (estimate)
17:29:57.796873 [info ]: Cached model count updated: 0 models (accurate)
17:29:57.796893 [info ]: Started scheduling
17:29:57.796928 [info ]: Finished scheduling [  0.00s]
17:29:57.796939 [debug]: Compilation - 0 nodes selected: {}
17:29:57.796952 [warn ]: [NoNodesForSelectionCriteria (dbt1092)]: The selection criterion '' does not match any enabled nodes
17:29:57.796966 [warn ]: [NoNodesSelected (dbt1601)]: Nothing to do. Try checking your model configs and model specification args
17:29:57.796975 [info ]: Started scheduling
17:29:57.797007 [info ]: Finished scheduling [  0.00s]
17:29:57.798709 [info ]: Started building task graph
17:29:57.798736 [info ]: Finished building task graph [  0.00s]
17:29:57.810080 [info ]: Started scheduling
17:29:57.810135 [info ]: Finished scheduling [  0.00s]
17:29:57.814413 [info ]: Cached model count updated: 0 models (accurate)
17:29:57.814533 [info ]: Finished parsing [  0.09s]
17:29:59.369342 [info ]: Started loading project
17:29:59.370959 [info ]: Loading ~/.dbt/profiles.yml
17:29:59.431096 [info ]: Cached model count updated: 0 models (estimate)
17:29:59.431115 [info ]: Cached model count updated: 0 models (accurate)
17:29:59.431142 [info ]: Started scheduling
17:29:59.431191 [info ]: Finished scheduling [  0.00s]
17:29:59.431208 [debug]: Compilation - 1 nodes selected: {"seed.lab_dbt.mshs_holidays"}
17:29:59.432647 [info ]: Started building task graph
17:29:59.432683 [info ]: Finished building task graph [  0.00s]
17:29:59.432733 [info ]: Finished loading project [  0.06s]
17:29:59.444026 [info ]: Started rendering (1 nodes)
17:29:59.444057 [info ]: Started seed lab_staging.mshs_holidays
17:29:59.444068 [debug]: Started rendering seed lab_staging.mshs_holidays
17:29:59.444149 [debug]: Finished rendering [  0.00s] seed lab_staging.mshs_holidays [success]
17:29:59.444167 [info ]: Finished rendering [  0.00s] (1 nodes, 0 skipped, 0 errors)
17:29:59.444177 [info ]:  Succeeded [-------] seed  lab_staging.mshs_holidays (table)
17:29:59.449813 [info ]: Started scheduling
17:29:59.449851 [info ]: Finished scheduling [  0.00s]
17:29:59.450483 [info ]: Cached model count updated: 0 models (accurate)
17:41:17.887346 [info ]: Started loading project
17:41:17.888425 [info ]: Loading ~/.dbt/profiles.yml
17:41:17.902935 [info ]: Started loading project
17:41:17.903811 [info ]: Loading ~/.dbt/profiles.yml
17:41:17.903869 [info ]: Finished loading project [  0.02s]
17:41:17.974976 [debug]:    Started loading packages
17:41:17.981845 [debug]:     Loaded [  0.01s] packages
17:41:17.984600 [info ]: Finished loading project [  0.08s]
17:41:17.984861 [info ]: Started parsing
17:41:18.063511 [debug]: Finished parsing models/sources.yml [  0.00s]
17:41:18.069963 [warn ]: [UnusedResourceConfigPath (dbt1097)]: Configuration paths exist in your dbt_project.yml file which do not apply to any resources.
There are 4 unused configuration paths:
- models.lab_dbt
- models.lab_dbt.bronze
- models.lab_dbt.gold
- models.lab_dbt.silver
17:41:18.072980 [info ]: Cached model count updated: 0 models (estimate)
17:41:18.072998 [info ]: Cached model count updated: 0 models (accurate)
17:41:18.073020 [info ]: Started scheduling
17:41:18.073056 [info ]: Finished scheduling [  0.00s]
17:41:18.073068 [debug]: Compilation - 0 nodes selected: {}
17:41:18.073089 [warn ]: [NoNodesForSelectionCriteria (dbt1092)]: The selection criterion '' does not match any enabled nodes
17:41:18.073104 [warn ]: [NoNodesSelected (dbt1601)]: Nothing to do. Try checking your model configs and model specification args
17:41:18.073113 [info ]: Started scheduling
17:41:18.073139 [info ]: Finished scheduling [  0.00s]
17:41:18.077106 [info ]: Started building task graph
17:41:18.077134 [info ]: Finished building task graph [  0.00s]
17:41:18.087998 [info ]: Started scheduling
17:41:18.088044 [info ]: Finished scheduling [  0.00s]
17:41:18.092354 [info ]: Cached model count updated: 0 models (accurate)
17:41:18.092884 [info ]: Finished parsing [  0.11s]
17:41:19.631476 [info ]: Started loading project
17:41:19.632464 [info ]: Loading ~/.dbt/profiles.yml
17:41:19.688084 [info ]: Cached model count updated: 0 models (estimate)
17:41:19.688109 [info ]: Cached model count updated: 0 models (accurate)
17:41:19.688141 [info ]: Started scheduling
17:41:19.688198 [info ]: Finished scheduling [  0.00s]
17:41:19.688214 [debug]: Compilation - 1 nodes selected: {"seed.lab_dbt.mshs_holidays"}
17:41:19.690211 [info ]: Started building task graph
17:41:19.690245 [info ]: Finished building task graph [  0.00s]
17:41:19.690300 [info ]: Finished loading project [  0.06s]
17:41:19.702537 [info ]: Started rendering (1 nodes)
17:41:19.702599 [info ]: Started seed lab_staging_lab.mshs_holidays
17:41:19.702612 [debug]: Started rendering seed lab_staging_lab.mshs_holidays
17:41:19.702686 [debug]: Finished rendering [  0.00s] seed lab_staging_lab.mshs_holidays [success]
17:41:19.702708 [info ]: Finished rendering [  0.00s] (1 nodes, 0 skipped, 0 errors)
17:41:19.702720 [info ]:  Succeeded [-------] seed  lab_staging_lab.mshs_holidays (table)
17:41:19.707916 [info ]: Started scheduling
17:41:19.707954 [info ]: Finished scheduling [  0.00s]
17:41:19.708740 [info ]: Cached model count updated: 0 models (accurate)
17:41:20.035809 [info ]: Loading ~/.dbt/profiles.yml
17:41:21.830740 [info ]: Started loading project
17:41:21.832205 [info ]: Loading ~/.dbt/profiles.yml
17:41:21.847000 [info ]: Started loading project
17:41:21.848217 [info ]: Loading ~/.dbt/profiles.yml
17:41:21.848295 [info ]: Finished loading project [  0.02s]
17:41:21.908524 [debug]:    Started loading packages
17:41:21.914935 [debug]:     Loaded [  0.01s] packages
17:41:21.916641 [info ]: Finished loading project [  0.07s]
17:41:21.916884 [info ]: Started parsing
17:41:21.973430 [debug]: Finished parsing models/sources.yml [  0.00s]
17:41:21.978577 [warn ]: [UnusedResourceConfigPath (dbt1097)]: Configuration paths exist in your dbt_project.yml file which do not apply to any resources.
There are 4 unused configuration paths:
- models.lab_dbt
- models.lab_dbt.bronze
- models.lab_dbt.gold
- models.lab_dbt.silver
17:41:21.981229 [info ]: Cached model count updated: 0 models (estimate)
17:41:21.981253 [info ]: Cached model count updated: 0 models (accurate)
17:41:21.981276 [info ]: Started scheduling
17:41:21.981314 [info ]: Finished scheduling [  0.00s]
17:41:21.981330 [debug]: Compilation - 0 nodes selected: {}
17:41:21.981348 [warn ]: [NoNodesForSelectionCriteria (dbt1092)]: The selection criterion '' does not match any enabled nodes
17:41:21.981362 [warn ]: [NoNodesSelected (dbt1601)]: Nothing to do. Try checking your model configs and model specification args
17:41:21.981372 [info ]: Started scheduling
17:41:21.981405 [info ]: Finished scheduling [  0.00s]
17:41:21.984406 [info ]: Started building task graph
17:41:21.984435 [info ]: Finished building task graph [  0.00s]
17:41:22.000057 [info ]: Started scheduling
17:41:22.000096 [info ]: Finished scheduling [  0.00s]
17:41:22.000960 [info ]: Cached model count updated: 0 models (accurate)
17:41:22.001035 [info ]: Finished parsing [  0.08s]
17:41:23.561694 [info ]: Started loading project
17:41:23.562746 [info ]: Loading ~/.dbt/profiles.yml
17:41:23.610827 [info ]: Cached model count updated: 0 models (estimate)
17:41:23.610846 [info ]: Cached model count updated: 0 models (accurate)
17:41:23.610867 [info ]: Started scheduling
17:41:23.610902 [info ]: Finished scheduling [  0.00s]
17:41:23.610914 [debug]: Compilation - 1 nodes selected: {"seed.lab_dbt.mshs_holidays"}
17:41:23.612340 [info ]: Started building task graph
17:41:23.612369 [info ]: Finished building task graph [  0.00s]
17:41:23.612410 [info ]: Finished loading project [  0.05s]
17:41:23.624298 [info ]: Started rendering (1 nodes)
17:41:23.624335 [info ]: Started seed lab_staging_lab.mshs_holidays
17:41:23.624351 [debug]: Started rendering seed lab_staging_lab.mshs_holidays
17:41:23.624464 [debug]: Finished rendering [  0.00s] seed lab_staging_lab.mshs_holidays [success]
17:41:23.624496 [info ]: Finished rendering [  0.00s] (1 nodes, 0 skipped, 0 errors)
17:41:23.624506 [info ]:  Succeeded [-------] seed  lab_staging_lab.mshs_holidays (table)
17:41:23.631437 [info ]: Started scheduling
17:41:23.631479 [info ]: Finished scheduling [  0.00s]
17:41:23.632290 [info ]: Cached model count updated: 0 models (accurate)
17:42:33.404836 [info ]: Loading ~/.dbt/profiles.yml
17:42:33.825561 [info ]: Started loading project
17:42:33.826626 [info ]: Loading ~/.dbt/profiles.yml
17:42:33.842310 [info ]: Started loading project
17:42:33.843183 [info ]: Loading ~/.dbt/profiles.yml
17:42:33.843212 [info ]: Finished loading project [  0.02s]
17:42:33.940085 [debug]:    Started loading packages
17:42:33.952401 [debug]:     Loaded [  0.01s] packages
17:42:33.954145 [info ]: Finished loading project [  0.11s]
17:42:33.954564 [info ]: Started parsing
17:42:34.070236 [debug]: Finished parsing models/sources.yml [  0.00s]
17:42:34.070641 [debug]: Finished parsing macros/generate_schema_name.yml [  0.00s]
17:42:34.080639 [warn ]: [UnusedResourceConfigPath (dbt1097)]: Configuration paths exist in your dbt_project.yml file which do not apply to any resources.
There are 4 unused configuration paths:
- models.lab_dbt
- models.lab_dbt.bronze
- models.lab_dbt.gold
- models.lab_dbt.silver
17:42:34.083856 [info ]: Cached model count updated: 0 models (estimate)
17:42:34.083890 [info ]: Cached model count updated: 0 models (accurate)
17:42:34.083913 [info ]: Started scheduling
17:42:34.083950 [info ]: Finished scheduling [  0.00s]
17:42:34.083966 [debug]: Compilation - 0 nodes selected: {}
17:42:34.083987 [warn ]: [NoNodesForSelectionCriteria (dbt1092)]: The selection criterion '' does not match any enabled nodes
17:42:34.084003 [warn ]: [NoNodesSelected (dbt1601)]: Nothing to do. Try checking your model configs and model specification args
17:42:34.084029 [info ]: Started scheduling
17:42:34.084066 [info ]: Finished scheduling [  0.00s]
17:42:34.086553 [info ]: Started building task graph
17:42:34.086586 [info ]: Finished building task graph [  0.00s]
17:42:34.105147 [info ]: Started scheduling
17:42:34.105221 [info ]: Finished scheduling [  0.00s]
17:42:34.113897 [info ]: Cached model count updated: 0 models (accurate)
17:42:34.113974 [info ]: Finished parsing [  0.16s]
17:42:35.679334 [info ]: Started loading project
17:42:35.680554 [info ]: Loading ~/.dbt/profiles.yml
17:42:35.737236 [info ]: Cached model count updated: 0 models (estimate)
17:42:35.737259 [info ]: Cached model count updated: 0 models (accurate)
17:42:35.737332 [info ]: Started scheduling
17:42:35.737398 [info ]: Finished scheduling [  0.00s]
17:42:35.737418 [debug]: Compilation - 1 nodes selected: {"seed.lab_dbt.mshs_holidays"}
17:42:35.739433 [info ]: Started building task graph
17:42:35.739467 [info ]: Finished building task graph [  0.00s]
17:42:35.739513 [info ]: Finished loading project [  0.06s]
17:42:35.750350 [info ]: Started rendering (1 nodes)
17:42:35.750385 [info ]: Started seed lab_staging_lab.mshs_holidays
17:42:35.750397 [debug]: Started rendering seed lab_staging_lab.mshs_holidays
17:42:35.750462 [debug]: Finished rendering [  0.00s] seed lab_staging_lab.mshs_holidays [success]
17:42:35.750475 [info ]: Finished rendering [  0.00s] (1 nodes, 0 skipped, 0 errors)
17:42:35.750480 [info ]:  Succeeded [-------] seed  lab_staging_lab.mshs_holidays (table)
17:42:35.754681 [info ]: Started scheduling
17:42:35.754727 [info ]: Finished scheduling [  0.00s]
17:42:35.755613 [info ]: Cached model count updated: 0 models (accurate)
17:42:47.654540 [info ]: Started loading project
17:42:47.655830 [info ]: Loading ~/.dbt/profiles.yml
17:42:47.673375 [info ]: Started loading project
17:42:47.674315 [info ]: Loading ~/.dbt/profiles.yml
17:42:47.674349 [info ]: Finished loading project [  0.02s]
17:42:47.765106 [debug]:    Started loading packages
17:42:47.774350 [debug]:     Loaded [  0.01s] packages
17:42:47.775973 [info ]: Finished loading project [  0.10s]
17:42:47.776324 [info ]: Started parsing
17:42:47.891812 [debug]: Finished parsing models/sources.yml [  0.01s]
17:42:47.923598 [warn ]: [UnusedResourceConfigPath (dbt1097)]: Configuration paths exist in your dbt_project.yml file which do not apply to any resources.
There are 4 unused configuration paths:
- models.lab_dbt
- models.lab_dbt.bronze
- models.lab_dbt.gold
- models.lab_dbt.silver
17:42:47.933118 [info ]: Cached model count updated: 0 models (estimate)
17:42:47.933142 [info ]: Cached model count updated: 0 models (accurate)
17:42:47.933178 [info ]: Started scheduling
17:42:47.933217 [info ]: Finished scheduling [  0.00s]
17:42:47.933234 [debug]: Compilation - 0 nodes selected: {}
17:42:47.933262 [warn ]: [NoNodesForSelectionCriteria (dbt1092)]: The selection criterion '' does not match any enabled nodes
17:42:47.933276 [warn ]: [NoNodesSelected (dbt1601)]: Nothing to do. Try checking your model configs and model specification args
17:42:47.933288 [info ]: Started scheduling
17:42:47.933325 [info ]: Finished scheduling [  0.00s]
17:42:47.941972 [info ]: Started building task graph
17:42:47.942011 [info ]: Finished building task graph [  0.00s]
17:42:47.963517 [info ]: Started scheduling
17:42:47.963576 [info ]: Finished scheduling [  0.00s]
17:42:47.963981 [info ]: Finished parsing [  0.19s]
17:42:47.968296 [info ]: Cached model count updated: 0 models (accurate)
17:42:49.506560 [info ]: Started loading project
17:42:49.508131 [info ]: Loading ~/.dbt/profiles.yml
17:42:49.537138 [info ]: Started loading project
17:42:49.538684 [info ]: Loading ~/.dbt/profiles.yml
17:42:49.538724 [info ]: Finished loading project [  0.03s]
17:42:49.637545 [debug]:    Started loading packages
17:42:49.646520 [debug]:     Loaded [  0.01s] packages
17:42:49.648099 [info ]: Finished loading project [  0.11s]
17:42:49.648451 [info ]: Started parsing
17:42:49.731780 [debug]: Finished parsing models/sources.yml [  0.00s]
17:42:49.738139 [warn ]: [UnusedResourceConfigPath (dbt1097)]: Configuration paths exist in your dbt_project.yml file which do not apply to any resources.
There are 4 unused configuration paths:
- models.lab_dbt
- models.lab_dbt.bronze
- models.lab_dbt.gold
- models.lab_dbt.silver
17:42:49.741284 [info ]: Cached model count updated: 0 models (estimate)
17:42:49.741303 [info ]: Cached model count updated: 0 models (accurate)
17:42:49.741326 [info ]: Started scheduling
17:42:49.741365 [info ]: Finished scheduling [  0.00s]
17:42:49.741378 [debug]: Compilation - 1 nodes selected: {"seed.lab_dbt.mshs_holidays"}
17:42:49.741393 [info ]: Started scheduling
17:42:49.741414 [info ]: Finished scheduling [  0.00s]
17:42:49.752752 [info ]: Started building task graph
17:42:49.752893 [info ]: Finished building task graph [  0.00s]
17:42:49.753224 [info ]: Finished parsing [  0.10s]
17:42:49.771805 [info ]: Started rendering (1 nodes)
17:42:49.771851 [info ]: Started seed lab_staging_lab.mshs_holidays
17:42:49.771870 [debug]: Started rendering seed lab_staging_lab.mshs_holidays
17:42:49.772128 [debug]: Finished rendering [  0.00s] seed lab_staging_lab.mshs_holidays [success]
17:42:49.772159 [info ]: Finished rendering [  0.00s] (1 nodes, 0 skipped, 0 errors)
17:42:49.772174 [info ]:  Succeeded [-------] seed  lab_staging_lab.mshs_holidays (table)
17:42:49.782584 [info ]: Started scheduling
17:42:49.782642 [info ]: Finished scheduling [  0.00s]
17:42:49.783834 [info ]: Cached model count updated: 0 models (accurate)
17:48:23.900863 [info ]: Started loading project
17:48:23.901986 [info ]: Loading ~/.dbt/profiles.yml
17:48:23.915609 [info ]: Started loading project
17:48:23.916573 [info ]: Loading ~/.dbt/profiles.yml
17:48:23.916605 [info ]: Finished loading project [  0.02s]
17:48:23.984039 [debug]:    Started loading packages
17:48:23.990414 [debug]:     Loaded [  0.01s] packages
17:48:23.991651 [info ]: Finished loading project [  0.08s]
17:48:23.991943 [info ]: Started parsing
17:48:24.059589 [debug]: Finished parsing models/sources.yml [  0.00s]
17:48:24.063060 [warn ]: [UnusedResourceConfigPath (dbt1097)]: Configuration paths exist in your dbt_project.yml file which do not apply to any resources.
There are 5 unused configuration paths:
- models.lab_dbt
- models.lab_dbt.bronze
- models.lab_dbt.gold
- models.lab_dbt.silver
- seeds.lab_dbt.mshs_holidays
17:48:24.065979 [info ]: Cached model count updated: 0 models (estimate)
17:48:24.066005 [info ]: Cached model count updated: 0 models (accurate)
17:48:24.066031 [info ]: Started scheduling
17:48:24.066078 [info ]: Finished scheduling [  0.00s]
17:48:24.066090 [debug]: Compilation - 0 nodes selected: {}
17:48:24.066117 [warn ]: [NoNodesForSelectionCriteria (dbt1092)]: The selection criterion '' does not match any enabled nodes
17:48:24.066135 [warn ]: [NoNodesSelected (dbt1601)]: Nothing to do. Try checking your model configs and model specification args
17:48:24.066150 [info ]: Started scheduling
17:48:24.066177 [info ]: Finished scheduling [  0.00s]
17:48:24.068367 [info ]: Started building task graph
17:48:24.068394 [info ]: Finished building task graph [  0.00s]
17:48:24.078553 [info ]: Started scheduling
17:48:24.078618 [info ]: Finished scheduling [  0.00s]
17:48:24.082548 [info ]: Cached model count updated: 0 models (accurate)
17:48:24.082642 [info ]: Finished parsing [  0.09s]
17:48:25.637874 [info ]: Started loading project
17:48:25.639052 [info ]: Loading ~/.dbt/profiles.yml
17:48:25.694712 [info ]: Cached model count updated: 0 models (estimate)
17:48:25.694734 [info ]: Cached model count updated: 0 models (accurate)
17:48:25.694757 [info ]: Started scheduling
17:48:25.694788 [info ]: Finished scheduling [  0.00s]
17:48:25.694799 [debug]: Compilation - 0 nodes selected: {}
17:48:25.694817 [warn ]: [NoNodesSelected (dbt1601)]: Nothing to do. Try checking your model configs and model specification args
17:48:25.698203 [info ]: Started building task graph
17:48:25.698242 [info ]: Finished building task graph [  0.00s]
17:48:25.711678 [info ]: Started scheduling
17:48:25.711722 [info ]: Finished scheduling [  0.00s]
17:48:25.711793 [info ]: Finished loading project [  0.07s]
17:48:25.712594 [info ]: Cached model count updated: 0 models (accurate)
17:56:14.230416 [info ]: Started loading project
17:56:14.231391 [info ]: Loading ~/.dbt/profiles.yml
17:56:14.252720 [info ]: Started parsing
17:56:14.332413 [info ]: Finished loading project [  0.10s]
17:56:14.334169 [debug]: Finished parsing models/sources.yml [  0.00s]
17:56:14.339050 [warn ]: [UnusedResourceConfigPath (dbt1097)]: Configuration paths exist in your dbt_project.yml file which do not apply to any resources.
There are 5 unused configuration paths:
- models.lab_dbt
- models.lab_dbt.bronze
- models.lab_dbt.gold
- models.lab_dbt.silver
- seeds.lab_dbt.mshs_holidays
17:56:14.344038 [info ]: Cached model count updated: 0 models (estimate)
17:56:14.344060 [info ]: Cached model count updated: 0 models (accurate)
17:56:14.344102 [info ]: Started scheduling
17:56:14.344176 [info ]: Finished scheduling [  0.00s]
17:56:14.344194 [debug]: Compilation - 0 nodes selected: {}
17:56:14.344218 [warn ]: [NoNodesForSelectionCriteria (dbt1092)]: The selection criterion '+source:lab_dbt.lab.lab_kpi_ap_patient_setting +source:lab_dbt.lab.powerpath_raw +source:lab_dbt.lab.mshs_holidays' does not match any enabled nodes
17:56:14.344228 [warn ]: [NoNodesSelected (dbt1601)]: Nothing to do. Try checking your model configs and model specification args
17:56:14.347728 [info ]: Started building task graph
17:56:14.347770 [info ]: Finished building task graph [  0.00s]
17:56:14.359428 [info ]: Started scheduling
17:56:14.359498 [info ]: Finished scheduling [  0.00s]
17:56:14.360469 [info ]: Finished parsing [  0.11s]
17:56:14.361398 [info ]: Cached model count updated: 0 models (accurate)
17:56:15.916822 [info ]: Started loading project
17:56:15.917669 [info ]: Loading ~/.dbt/profiles.yml
17:56:15.963219 [info ]: Cached model count updated: 0 models (estimate)
17:56:15.963238 [info ]: Cached model count updated: 0 models (accurate)
17:56:15.963261 [info ]: Started scheduling
17:56:15.963291 [info ]: Finished scheduling [  0.00s]
17:56:15.963303 [debug]: Compilation - 0 nodes selected: {}
17:56:15.963316 [warn ]: [NoNodesSelected (dbt1601)]: Nothing to do. Try checking your model configs and model specification args
17:56:15.965443 [info ]: Started building task graph
17:56:15.965466 [info ]: Finished building task graph [  0.00s]
17:56:15.975321 [info ]: Started scheduling
17:56:15.975381 [info ]: Finished scheduling [  0.00s]
17:56:15.975477 [info ]: Finished loading project [  0.06s]
17:56:15.976366 [info ]: Cached model count updated: 0 models (accurate)
17:56:28.162054 [info ]: Started loading project
17:56:28.164263 [info ]: Loading ~/.dbt/profiles.yml
17:56:28.182164 [info ]: Started loading project
17:56:28.183116 [info ]: Loading ~/.dbt/profiles.yml
17:56:28.183156 [info ]: Finished loading project [  0.02s]
17:56:28.283640 [debug]:    Started loading packages
17:56:28.292705 [debug]:     Loaded [  0.01s] packages
17:56:28.295496 [info ]: Finished loading project [  0.11s]
17:56:28.295893 [info ]: Started parsing
17:56:28.389201 [debug]: Finished parsing models/sources.yml [  0.00s]
17:56:28.468341 [debug]: Finished parsing models/bronze/date_spine.sql [  0.08s]
17:56:28.477032 [warn ]: [UnusedResourceConfigPath (dbt1097)]: Configuration paths exist in your dbt_project.yml file which do not apply to any resources.
There are 3 unused configuration paths:
- models.lab_dbt.gold
- models.lab_dbt.silver
- seeds.lab_dbt.mshs_holidays
17:56:28.484164 [info ]: Cached model count updated: 1 models (estimate)
17:56:28.484232 [info ]: Cached model count updated: 1 models (accurate)
17:56:28.484264 [info ]: Started scheduling
17:56:28.484307 [info ]: Finished scheduling [  0.00s]
17:56:28.484330 [debug]: Compilation - 0 nodes selected: {}
17:56:28.484365 [warn ]: [NoNodesForSelectionCriteria (dbt1092)]: The selection criterion '' does not match any enabled nodes
17:56:28.484440 [warn ]: [NoNodesSelected (dbt1601)]: Nothing to do. Try checking your model configs and model specification args
17:56:28.484468 [info ]: Started scheduling
17:56:28.484834 [info ]: Finished scheduling [  0.00s]
17:56:28.494205 [info ]: Started building task graph
17:56:28.494308 [info ]: Finished building task graph [  0.00s]
17:56:28.517897 [info ]: Started scheduling
17:56:28.517958 [info ]: Finished scheduling [  0.00s]
17:56:28.521688 [info ]: Cached model count updated: 1 models (accurate)
17:56:28.521909 [info ]: Finished parsing [  0.23s]
17:56:28.701356 [info ]: Started loading project
17:56:28.702546 [info ]: Loading ~/.dbt/profiles.yml
17:56:28.781652 [info ]: Cached model count updated: 1 models (estimate)
17:56:28.781682 [info ]: Cached model count updated: 1 models (accurate)
17:56:28.781712 [info ]: Started scheduling
17:56:28.782019 [info ]: Finished scheduling [  0.00s]
17:56:28.782046 [debug]: Compilation - 0 nodes selected: {}
17:56:28.782073 [warn ]: [NoNodesForSelectionCriteria (dbt1092)]: The selection criterion '+fqn:model.lab_dbt.date_spine' does not match any enabled nodes
17:56:28.782089 [warn ]: [NoNodesSelected (dbt1601)]: Nothing to do. Try checking your model configs and model specification args
17:56:28.785110 [info ]: Started building task graph
17:56:28.785141 [info ]: Finished building task graph [  0.00s]
17:56:28.802300 [info ]: Started scheduling
17:56:28.802367 [info ]: Finished scheduling [  0.00s]
17:56:28.802651 [info ]: Finished loading project [  0.10s]
17:56:28.803617 [info ]: Cached model count updated: 1 models (accurate)
17:56:30.368744 [info ]: Started loading project
17:56:30.370110 [info ]: Loading ~/.dbt/profiles.yml
17:56:30.436196 [info ]: Cached model count updated: 1 models (estimate)
17:56:30.436230 [info ]: Cached model count updated: 1 models (accurate)
17:56:30.436437 [info ]: Started scheduling
17:56:30.436497 [info ]: Finished scheduling [  0.00s]
17:56:30.436540 [debug]: Compilation - 0 nodes selected: {}
17:56:30.436564 [warn ]: [NoNodesSelected (dbt1601)]: Nothing to do. Try checking your model configs and model specification args
17:56:30.440471 [info ]: Started building task graph
17:56:30.440510 [info ]: Finished building task graph [  0.00s]
17:56:30.454391 [info ]: Started scheduling
17:56:30.454446 [info ]: Finished scheduling [  0.00s]
17:56:30.454528 [info ]: Finished loading project [  0.09s]
17:56:30.455498 [info ]: Cached model count updated: 1 models (accurate)
17:56:31.488485 [info ]: Started loading project
17:56:31.489683 [info ]: Loading ~/.dbt/profiles.yml
17:56:31.509918 [info ]: Started parsing
17:56:31.588830 [info ]: Finished loading project [  0.10s]
17:56:31.599095 [debug]: Finished parsing models/bronze/date_spine.sql [  0.01s]
17:56:31.603019 [warn ]: [UnusedResourceConfigPath (dbt1097)]: Configuration paths exist in your dbt_project.yml file which do not apply to any resources.
There are 3 unused configuration paths:
- models.lab_dbt.gold
- models.lab_dbt.silver
- seeds.lab_dbt.mshs_holidays
17:56:31.607713 [info ]: Cached model count updated: 1 models (estimate)
17:56:31.607741 [info ]: Cached model count updated: 1 models (accurate)
17:56:31.607773 [info ]: Started scheduling
17:56:31.608239 [info ]: Finished scheduling [  0.00s]
17:56:31.608264 [debug]: Compilation - 1 nodes selected: {"model.lab_dbt.date_spine"}
17:56:31.611918 [info ]: Started building task graph
17:56:31.613213 [info ]: Finished building task graph [  0.00s]
17:56:31.619186 [info ]: Started rendering (1 nodes)
17:56:31.619221 [info ]: Started model lab_staging.date_spine
17:56:31.619239 [debug]: Started rendering model lab_staging.date_spine
17:56:31.619295 [info ]: Finished parsing [  0.11s]
17:56:31.633031 [debug]: Compiled SQL for node model.lab_dbt.date_spine at target\.lsp\compiled\lab_dbt\models\bronze\date_spine.sql
17:56:31.634038 [debug]: Finished rendering [  0.01s] model lab_staging.date_spine [success]
17:56:31.634059 [info ]: Finished rendering [  0.01s] (1 nodes, 0 skipped, 0 errors)
17:56:31.634514 [info ]: Started analyzing (1 nodes)
17:56:31.634532 [debug]: Started analyzing model lab_staging.date_spine
17:56:31.697137 [debug]: Finished analyzing [  0.06s] model lab_staging.date_spine [success]
17:56:31.697170 [info ]: Finished analyzing [  0.06s] (1 nodes, 0 skipped, 0 errors)
17:56:31.697182 [info ]:  Succeeded [  0.08s] model lab_staging.date_spine (table)
17:56:31.703054 [info ]: Started scheduling
17:56:31.703121 [info ]: Finished scheduling [  0.00s]
17:56:31.705034 [info ]: Cached model count updated: 1 models (accurate)
17:56:33.265352 [info ]: Started loading project
17:56:33.266409 [info ]: Loading ~/.dbt/profiles.yml
17:56:33.319863 [info ]: Cached model count updated: 1 models (estimate)
17:56:33.319897 [info ]: Cached model count updated: 1 models (accurate)
17:56:33.319938 [info ]: Started scheduling
17:56:33.320019 [info ]: Finished scheduling [  0.00s]
17:56:33.320044 [debug]: Compilation - 1 nodes selected: {"model.lab_dbt.date_spine"}
17:56:33.323127 [info ]: Started building task graph
17:56:33.323190 [info ]: Finished building task graph [  0.00s]
17:56:33.328839 [info ]: Started rendering (1 nodes)
17:56:33.328871 [info ]: Started model lab_staging.date_spine
17:56:33.328885 [debug]: Started rendering model lab_staging.date_spine
17:56:33.328934 [info ]: Finished loading project [  0.06s]
17:56:33.332117 [debug]: Compiled SQL for node model.lab_dbt.date_spine at target\.lsp\compiled\lab_dbt\models\bronze\date_spine.sql
17:56:33.332238 [debug]: Finished rendering [  0.00s] model lab_staging.date_spine [success]
17:56:33.332264 [info ]: Finished rendering [  0.00s] (1 nodes, 0 skipped, 0 errors)
17:56:33.332294 [info ]: Started analyzing (1 nodes)
17:56:33.332307 [debug]: Started analyzing model lab_staging.date_spine
17:56:33.333781 [debug]: Finished analyzing [  0.00s] model lab_staging.date_spine [success]
17:56:33.333813 [info ]: Finished analyzing [  0.00s] (1 nodes, 0 skipped, 0 errors)
17:56:33.333830 [info ]:  Succeeded [  0.00s] model lab_staging.date_spine (table)
17:56:33.339827 [info ]: Started scheduling
17:56:33.339878 [info ]: Finished scheduling [  0.00s]
17:56:33.340809 [info ]: Cached model count updated: 1 models (accurate)
18:07:13.316521 [info ]: Started loading project
18:07:13.317598 [info ]: Loading ~/.dbt/profiles.yml
18:07:13.329118 [info ]: Started loading project
18:07:13.329977 [info ]: Loading ~/.dbt/profiles.yml
18:07:13.330042 [info ]: Finished loading project [  0.01s]
18:07:13.396951 [debug]:    Started loading packages
18:07:13.403452 [debug]:     Loaded [  0.01s] packages
18:07:13.404742 [info ]: Finished loading project [  0.08s]
18:07:13.405000 [info ]: Started parsing
18:07:13.469479 [debug]: Finished parsing models/sources.yml [  0.00s]
18:07:13.471873 [debug]: Finished parsing models/bronze/date_spine.sql [  0.00s]
18:07:13.475526 [warn ]: [UnusedResourceConfigPath (dbt1097)]: Configuration paths exist in your dbt_project.yml file which do not apply to any resources.
There are 2 unused configuration paths:
- models.lab_dbt.gold
- models.lab_dbt.silver
18:07:13.477810 [info ]: Cached model count updated: 1 models (estimate)
18:07:13.477829 [info ]: Cached model count updated: 1 models (accurate)
18:07:13.477850 [info ]: Started scheduling
18:07:13.477887 [info ]: Finished scheduling [  0.00s]
18:07:13.477900 [debug]: Compilation - 0 nodes selected: {}
18:07:13.477917 [warn ]: [NoNodesForSelectionCriteria (dbt1092)]: The selection criterion '' does not match any enabled nodes
18:07:13.477928 [warn ]: [NoNodesSelected (dbt1601)]: Nothing to do. Try checking your model configs and model specification args
18:07:13.477937 [info ]: Started scheduling
18:07:13.477965 [info ]: Finished scheduling [  0.00s]
18:07:13.478918 [debug]: Initializing schema store with entry: Frontier(CanonicalFqn { catalog: "opsanalytics_adb_workspace01", schema: "lab", table: "mshs_holidays" }) and interval: None
18:07:13.482570 [info ]: Started building task graph
18:07:13.482611 [info ]: Finished building task graph [  0.00s]
18:07:13.498749 [info ]: Started scheduling
18:07:13.498793 [info ]: Finished scheduling [  0.00s]
18:07:13.499705 [info ]: Cached model count updated: 1 models (accurate)
18:07:13.499793 [info ]: Finished parsing [  0.09s]
18:07:15.043092 [info ]: Started loading project
18:07:15.044219 [info ]: Loading ~/.dbt/profiles.yml
18:07:15.103215 [info ]: Cached model count updated: 1 models (estimate)
18:07:15.103240 [info ]: Cached model count updated: 1 models (accurate)
18:07:15.103270 [info ]: Started scheduling
18:07:15.103331 [info ]: Finished scheduling [  0.00s]
18:07:15.103351 [debug]: Compilation - 1 nodes selected: {"model.lab_dbt.date_spine"}
18:07:15.106384 [info ]: Started building task graph
18:07:15.106449 [info ]: Finished building task graph [  0.00s]
18:07:15.112182 [info ]: Started rendering (1 nodes)
18:07:15.112215 [info ]: Started model lab_staging.date_spine
18:07:15.112227 [debug]: Started rendering model lab_staging.date_spine
18:07:15.112276 [info ]: Finished loading project [  0.07s]
18:07:15.116871 [debug]: Compiled SQL for node model.lab_dbt.date_spine at target\.lsp\compiled\lab_dbt\models\bronze\date_spine.sql
18:07:15.117054 [debug]: Finished rendering [  0.00s] model lab_staging.date_spine [success]
18:07:15.117108 [info ]: Finished rendering [  0.00s] (1 nodes, 0 skipped, 0 errors)
18:07:15.117158 [info ]: Started analyzing (1 nodes)
18:07:15.117171 [debug]: Started analyzing model lab_staging.date_spine
18:07:15.118909 [debug]: Finished analyzing [  0.00s] model lab_staging.date_spine [success]
18:07:15.118934 [info ]: Finished analyzing [  0.00s] (1 nodes, 0 skipped, 0 errors)
18:07:15.118943 [info ]:  Succeeded [  0.01s] model lab_staging.date_spine (table)
18:07:15.123192 [info ]: Started scheduling
18:07:15.123242 [info ]: Finished scheduling [  0.00s]
18:07:15.123991 [info ]: Cached model count updated: 1 models (accurate)
18:07:15.458366 [info ]: Loading ~/.dbt/profiles.yml
18:23:13.101487 [info ]: Started loading project
18:23:13.102959 [info ]: Loading ~/.dbt/profiles.yml
18:23:13.117024 [info ]: Started loading project
18:23:13.117914 [info ]: Loading ~/.dbt/profiles.yml
18:23:13.117976 [info ]: Finished loading project [  0.02s]
18:23:13.189789 [debug]:    Started loading packages
18:23:13.196863 [debug]:     Loaded [  0.01s] packages
18:23:13.198135 [info ]: Finished loading project [  0.08s]
18:23:13.198716 [info ]: Started parsing
18:23:13.265450 [debug]: Finished parsing models/sources.yml [  0.00s]
18:23:13.269258 [debug]: Finished parsing models/bronze/date_spine.sql [  0.00s]
18:23:13.275198 [warn ]: [UnusedResourceConfigPath (dbt1097)]: Configuration paths exist in your dbt_project.yml file which do not apply to any resources.
There are 2 unused configuration paths:
- models.lab_dbt.gold
- models.lab_dbt.silver
18:23:13.281524 [info ]: Cached model count updated: 1 models (estimate)
18:23:13.281555 [info ]: Cached model count updated: 1 models (accurate)
18:23:13.281588 [info ]: Started scheduling
18:23:13.281928 [info ]: Finished scheduling [  0.00s]
18:23:13.281957 [debug]: Compilation - 0 nodes selected: {}
18:23:13.281985 [warn ]: [NoNodesForSelectionCriteria (dbt1092)]: The selection criterion '' does not match any enabled nodes
18:23:13.281999 [warn ]: [NoNodesSelected (dbt1601)]: Nothing to do. Try checking your model configs and model specification args
18:23:13.282015 [info ]: Started scheduling
18:23:13.282067 [info ]: Finished scheduling [  0.00s]
18:23:13.282117 [debug]: Initializing schema store with entry: Frontier(CanonicalFqn { catalog: "opsanalytics_adb_workspace01", schema: "lab", table: "mshs_holidays" }) and interval: None
18:23:13.288135 [info ]: Started building task graph
18:23:13.288177 [info ]: Finished building task graph [  0.00s]
18:23:13.309664 [info ]: Started scheduling
18:23:13.309712 [info ]: Finished scheduling [  0.00s]
18:23:13.315430 [info ]: Cached model count updated: 1 models (accurate)
18:23:13.315535 [info ]: Finished parsing [  0.12s]
18:23:14.847834 [info ]: Started loading project
18:23:14.849047 [info ]: Loading ~/.dbt/profiles.yml
18:23:14.902171 [info ]: Cached model count updated: 1 models (estimate)
18:23:14.902190 [info ]: Cached model count updated: 1 models (accurate)
18:23:14.902213 [info ]: Started scheduling
18:23:14.902257 [info ]: Finished scheduling [  0.00s]
18:23:14.902268 [debug]: Compilation - 1 nodes selected: {"model.lab_dbt.date_spine"}
18:23:14.904688 [info ]: Started building task graph
18:23:14.905293 [info ]: Finished building task graph [  0.00s]
18:23:14.912024 [info ]: Started rendering (1 nodes)
18:23:14.912056 [info ]: Started model lab_staging.date_spine
18:23:14.912073 [debug]: Started rendering model lab_staging.date_spine
18:23:14.912128 [info ]: Finished loading project [  0.06s]
18:23:14.917565 [debug]: Compiled SQL for node model.lab_dbt.date_spine at target\.lsp\compiled\lab_dbt\models\bronze\date_spine.sql
18:23:14.917712 [debug]: Finished rendering [  0.01s] model lab_staging.date_spine [success]
18:23:14.917738 [info ]: Finished rendering [  0.01s] (1 nodes, 0 skipped, 0 errors)
18:23:14.917757 [info ]: Started analyzing (1 nodes)
18:23:14.917765 [debug]: Started analyzing model lab_staging.date_spine
18:23:14.919608 [debug]: Finished analyzing [  0.00s] model lab_staging.date_spine [success]
18:23:14.919629 [info ]: Finished analyzing [  0.00s] (1 nodes, 0 skipped, 0 errors)
18:23:14.919653 [info ]:  Succeeded [  0.01s] model lab_staging.date_spine (table)
18:23:14.923828 [info ]: Started scheduling
18:23:14.923908 [info ]: Finished scheduling [  0.00s]
18:23:14.924885 [info ]: Cached model count updated: 1 models (accurate)
18:23:15.583474 [info ]: Loading ~/.dbt/profiles.yml
18:51:29.455168 [info ]: Started loading project
18:51:29.473848 [info ]: Loading ~/.dbt/profiles.yml
18:51:29.555728 [info ]: Started loading project
18:51:29.556594 [info ]: Loading ~/.dbt/profiles.yml
18:51:29.556673 [info ]: Finished loading project [  0.10s]
18:51:29.679845 [debug]:    Started loading packages
18:51:29.688363 [debug]:     Loaded [  0.01s] packages
18:51:29.691608 [info ]: Finished loading project [  0.14s]
18:51:29.693925 [info ]: Started parsing
18:51:30.040073 [debug]: Finished parsing models/sources.yml [  0.01s]
18:51:30.062963 [debug]: Finished parsing models/bronze/date_spine.sql [  0.02s]
18:51:30.082320 [warn ]: [UnusedResourceConfigPath (dbt1097)]: Configuration paths exist in your dbt_project.yml file which do not apply to any resources.
There are 2 unused configuration paths:
- models.lab_dbt.gold
- models.lab_dbt.silver
18:51:30.096313 [info ]: Cached model count updated: 1 models (estimate)
18:51:30.096343 [info ]: Cached model count updated: 1 models (accurate)
18:51:30.097051 [info ]: Started scheduling
18:51:30.100660 [info ]: Finished scheduling [  0.00s]
18:51:30.100969 [debug]: Compilation - 0 nodes selected: {}
18:51:30.101199 [warn ]: [NoNodesForSelectionCriteria (dbt1092)]: The selection criterion '' does not match any enabled nodes
18:51:30.101249 [warn ]: [NoNodesSelected (dbt1601)]: Nothing to do. Try checking your model configs and model specification args
18:51:30.101624 [info ]: Started scheduling
18:51:30.102450 [info ]: Finished scheduling [  0.00s]
18:51:30.105824 [debug]: Initializing schema store with entry: Frontier(CanonicalFqn { catalog: "opsanalytics_adb_workspace01", schema: "lab", table: "mshs_holidays" }) and interval: None
18:51:30.201866 [info ]: Started building task graph
18:51:30.201911 [info ]: Finished building task graph [  0.00s]
18:51:30.288353 [info ]: Started scheduling
18:51:30.288427 [info ]: Finished scheduling [  0.00s]
18:51:30.323171 [info ]: Cached model count updated: 1 models (accurate)
18:51:30.323373 [info ]: Finished parsing [  0.63s]
18:51:32.111850 [info ]: Started loading project
18:51:32.112881 [info ]: Loading ~/.dbt/profiles.yml
18:51:32.178645 [info ]: Cached model count updated: 1 models (estimate)
18:51:32.178689 [info ]: Cached model count updated: 1 models (accurate)
18:51:32.178748 [info ]: Started scheduling
18:51:32.178799 [info ]: Finished scheduling [  0.00s]
18:51:32.178812 [debug]: Compilation - 1 nodes selected: {"model.lab_dbt.date_spine"}
18:51:32.183143 [info ]: Started building task graph
18:51:32.183768 [info ]: Finished building task graph [  0.00s]
18:51:32.189980 [info ]: Started rendering (1 nodes)
18:51:32.190380 [info ]: Started model lab_staging.date_spine
18:51:32.190408 [debug]: Started rendering model lab_staging.date_spine
18:51:32.190613 [info ]: Finished loading project [  0.08s]
18:51:32.196823 [debug]: Compiled SQL for node model.lab_dbt.date_spine at target\.lsp\compiled\lab_dbt\models\bronze\date_spine.sql
18:51:32.196967 [debug]: Finished rendering [  0.01s] model lab_staging.date_spine [success]
18:51:32.196987 [info ]: Finished rendering [  0.01s] (1 nodes, 0 skipped, 0 errors)
18:51:32.197009 [info ]: Started analyzing (1 nodes)
18:51:32.197017 [debug]: Started analyzing model lab_staging.date_spine
18:51:32.222246 [debug]: Finished analyzing [  0.03s] model lab_staging.date_spine [success]
18:51:32.222279 [info ]: Finished analyzing [  0.03s] (1 nodes, 0 skipped, 0 errors)
18:51:32.222294 [info ]:  Succeeded [  0.03s] model lab_staging.date_spine (table)
18:51:32.227600 [info ]: Started scheduling
18:51:32.227656 [info ]: Finished scheduling [  0.00s]
18:51:32.228683 [info ]: Cached model count updated: 1 models (accurate)
18:51:41.602633 [info ]: Started loading project
18:51:41.604149 [info ]: Loading ~/.dbt/profiles.yml
18:51:41.621901 [info ]: Started loading project
18:51:41.622816 [info ]: Loading ~/.dbt/profiles.yml
18:51:41.622847 [info ]: Finished loading project [  0.02s]
18:51:41.712014 [debug]:    Started loading packages
18:51:41.722875 [debug]:     Loaded [  0.01s] packages
18:51:41.724557 [info ]: Finished loading project [  0.10s]
18:51:41.725055 [info ]: Started parsing
18:51:41.877077 [debug]: Finished parsing models/sources.yml [  0.00s]
18:51:41.888166 [debug]: Finished parsing models/bronze/date_spine.sql [  0.01s]
18:51:41.893346 [debug]: Finished parsing models/silver/powerpath_cyto_biopsy_silverv2.sql [  0.01s]
18:51:41.900253 [warn ]: [UnusedResourceConfigPath (dbt1097)]: Configuration paths exist in your dbt_project.yml file which do not apply to any resources.
There are 1 unused configuration paths:
- models.lab_dbt.gold
18:51:41.905568 [info ]: Cached model count updated: 2 models (estimate)
18:51:41.905598 [info ]: Cached model count updated: 2 models (accurate)
18:51:41.905632 [info ]: Started scheduling
18:51:41.905699 [info ]: Finished scheduling [  0.00s]
18:51:41.905718 [debug]: Compilation - 0 nodes selected: {}
18:51:41.905740 [warn ]: [NoNodesForSelectionCriteria (dbt1092)]: The selection criterion '' does not match any enabled nodes
18:51:41.905761 [warn ]: [NoNodesSelected (dbt1601)]: Nothing to do. Try checking your model configs and model specification args
18:51:41.905774 [info ]: Started scheduling
18:51:41.906068 [info ]: Finished scheduling [  0.00s]
18:51:41.906120 [debug]: Initializing schema store with entry: Frontier(CanonicalFqn { catalog: "opsanalytics_adb_workspace01", schema: "lab", table: "mshs_holidays" }) and interval: None
18:51:41.909782 [info ]: Started building task graph
18:51:41.909821 [info ]: Finished building task graph [  0.00s]
18:51:41.938662 [info ]: Started scheduling
18:51:41.938744 [info ]: Finished scheduling [  0.00s]
18:51:41.944138 [info ]: Cached model count updated: 2 models (accurate)
18:51:41.944244 [info ]: Finished parsing [  0.22s]
18:51:42.101439 [info ]: Started loading project
18:51:42.103283 [info ]: Loading ~/.dbt/profiles.yml
18:51:42.225102 [info ]: Cached model count updated: 2 models (estimate)
18:51:42.225138 [info ]: Cached model count updated: 2 models (accurate)
18:51:42.227158 [info ]: Started scheduling
18:51:42.228517 [info ]: Finished scheduling [  0.00s]
18:51:42.228560 [debug]: Compilation - 0 nodes selected: {}
18:51:42.228836 [warn ]: [NoNodesForSelectionCriteria (dbt1092)]: The selection criterion '+fqn:model.lab_dbt.powerpath_cyto_biopsy_silverv2' does not match any enabled nodes
18:51:42.228874 [warn ]: [NoNodesSelected (dbt1601)]: Nothing to do. Try checking your model configs and model specification args
18:51:42.234015 [info ]: Started building task graph
18:51:42.234053 [info ]: Finished building task graph [  0.00s]
18:51:42.253647 [info ]: Started scheduling
18:51:42.253740 [info ]: Finished scheduling [  0.00s]
18:51:42.254511 [info ]: Finished loading project [  0.15s]
18:51:42.254873 [info ]: Cached model count updated: 2 models (accurate)
18:51:43.805547 [info ]: Started loading project
18:51:43.806547 [info ]: Loading ~/.dbt/profiles.yml
18:51:43.887520 [info ]: Cached model count updated: 2 models (estimate)
18:51:43.887544 [info ]: Cached model count updated: 2 models (accurate)
18:51:43.887578 [info ]: Started scheduling
18:51:43.887638 [info ]: Finished scheduling [  0.00s]
18:51:43.887655 [debug]: Compilation - 1 nodes selected: {"model.lab_dbt.date_spine"}
18:51:43.890487 [info ]: Started building task graph
18:51:43.890542 [info ]: Finished building task graph [  0.00s]
18:51:43.901398 [info ]: Started rendering (1 nodes)
18:51:43.901577 [info ]: Started model lab_staging.date_spine
18:51:43.901606 [debug]: Started rendering model lab_staging.date_spine
18:51:43.901760 [info ]: Finished loading project [  0.10s]
18:51:43.908286 [debug]: Compiled SQL for node model.lab_dbt.date_spine at target\.lsp\compiled\lab_dbt\models\bronze\date_spine.sql
18:51:43.908519 [debug]: Finished rendering [  0.01s] model lab_staging.date_spine [success]
18:51:43.908550 [info ]: Finished rendering [  0.01s] (1 nodes, 0 skipped, 0 errors)
18:51:43.908629 [info ]: Started analyzing (1 nodes)
18:51:43.908650 [debug]: Started analyzing model lab_staging.date_spine
18:51:43.910777 [debug]: Finished analyzing [  0.00s] model lab_staging.date_spine [success]
18:51:43.910806 [info ]: Finished analyzing [  0.00s] (1 nodes, 0 skipped, 0 errors)
18:51:43.910827 [info ]:  Succeeded [  0.01s] model lab_staging.date_spine (table)
18:51:43.917314 [info ]: Started scheduling
18:51:43.917362 [info ]: Finished scheduling [  0.00s]
18:51:43.918308 [info ]: Cached model count updated: 2 models (accurate)
18:52:13.657874 [info ]: Started loading project
18:52:13.658972 [info ]: Loading ~/.dbt/profiles.yml
18:52:13.679631 [info ]: Started parsing
18:52:13.764920 [info ]: Finished loading project [  0.11s]
18:52:13.771438 [debug]: Finished parsing models/silver/powerpath_cyto_biopsy_silverv2.sql [  0.00s]
18:52:13.779494 [warn ]: [UnusedResourceConfigPath (dbt1097)]: Configuration paths exist in your dbt_project.yml file which do not apply to any resources.
There are 1 unused configuration paths:
- models.lab_dbt.gold
18:52:13.786884 [info ]: Cached model count updated: 2 models (estimate)
18:52:13.786909 [info ]: Cached model count updated: 2 models (accurate)
18:52:13.786939 [info ]: Started scheduling
18:52:13.787359 [info ]: Finished scheduling [  0.00s]
18:52:13.787395 [debug]: Compilation - 2 nodes selected: {"model.lab_dbt.date_spine", "model.lab_dbt.powerpath_cyto_biopsy_silverv2"}
18:52:13.790316 [info ]: Started building task graph
18:52:13.790400 [info ]: Finished building task graph [  0.00s]
18:52:13.795732 [info ]: Started rendering (2 nodes)
18:52:13.795761 [info ]: Started model lab_staging.powerpath_cyto_biopsy_silverv2
18:52:13.795772 [debug]: Started rendering model lab_staging.powerpath_cyto_biopsy_silverv2
18:52:13.795794 [info ]: Started model lab_staging.date_spine
18:52:13.795802 [debug]: Started rendering model lab_staging.date_spine
18:52:13.795841 [info ]: Finished parsing [  0.12s]
18:52:13.799317 [debug]: Compiled SQL for node model.lab_dbt.date_spine at target\.lsp\compiled\lab_dbt\models\bronze\date_spine.sql
18:52:13.799426 [debug]: Finished rendering [  0.00s] model lab_staging.date_spine [success]
18:52:13.799459 [info ]: Started analyzing (2 nodes)
18:52:13.799469 [debug]: Started analyzing model lab_staging.date_spine
18:52:13.801629 [debug]: Finished analyzing [  0.00s] model lab_staging.date_spine [success]
18:52:13.801668 [info ]:  Succeeded [  0.01s] model lab_staging.date_spine (table)
18:52:13.803295 [debug]: Compiled SQL for node model.lab_dbt.powerpath_cyto_biopsy_silverv2 at target\.lsp\compiled\lab_dbt\models\silver\powerpath_cyto_biopsy_silverv2.sql
18:52:13.803453 [debug]: Finished rendering [  0.01s] model lab_staging.powerpath_cyto_biopsy_silverv2 [success]
18:52:13.803479 [info ]: Finished rendering [  0.01s] (2 nodes, 0 skipped, 0 errors)
18:52:13.803502 [debug]: Started analyzing model lab_staging.powerpath_cyto_biopsy_silverv2
18:52:13.864343 [debug]: Finished analyzing [  0.06s] model lab_staging.powerpath_cyto_biopsy_silverv2 [success]
18:52:13.864392 [info ]: Finished analyzing [  0.06s] (2 nodes, 0 skipped, 0 errors)
18:52:13.864406 [info ]:  Succeeded [  0.07s] model lab_staging.powerpath_cyto_biopsy_silverv2 (table)
18:52:13.870678 [info ]: Started scheduling
18:52:13.870885 [info ]: Finished scheduling [  0.00s]
18:52:13.874712 [info ]: Cached model count updated: 2 models (accurate)
18:52:15.433393 [info ]: Started loading project
18:52:15.434672 [info ]: Loading ~/.dbt/profiles.yml
18:52:15.506053 [info ]: Cached model count updated: 2 models (estimate)
18:52:15.506078 [info ]: Cached model count updated: 2 models (accurate)
18:52:15.506106 [info ]: Started scheduling
18:52:15.506241 [info ]: Finished scheduling [  0.00s]
18:52:15.506284 [debug]: Compilation - 2 nodes selected: {"model.lab_dbt.date_spine", "model.lab_dbt.powerpath_cyto_biopsy_silverv2"}
18:52:15.509176 [info ]: Started building task graph
18:52:15.509229 [info ]: Finished building task graph [  0.00s]
18:52:15.521880 [info ]: Started rendering (2 nodes)
18:52:15.521914 [info ]: Started model lab_staging.powerpath_cyto_biopsy_silverv2
18:52:15.521936 [debug]: Started rendering model lab_staging.powerpath_cyto_biopsy_silverv2
18:52:15.521961 [info ]: Started model lab_staging.date_spine
18:52:15.521977 [debug]: Started rendering model lab_staging.date_spine
18:52:15.521996 [info ]: Finished loading project [  0.09s]
18:52:15.524144 [debug]: Compiled SQL for node model.lab_dbt.date_spine at target\.lsp\compiled\lab_dbt\models\bronze\date_spine.sql
18:52:15.524185 [debug]: Compiled SQL for node model.lab_dbt.powerpath_cyto_biopsy_silverv2 at target\.lsp\compiled\lab_dbt\models\silver\powerpath_cyto_biopsy_silverv2.sql
18:52:15.524245 [debug]: Finished rendering [  0.00s] model lab_staging.date_spine [success]
18:52:15.524289 [info ]: Started analyzing (2 nodes)
18:52:15.524303 [debug]: Started analyzing model lab_staging.date_spine
18:52:15.524334 [debug]: Finished rendering [  0.00s] model lab_staging.powerpath_cyto_biopsy_silverv2 [success]
18:52:15.524360 [info ]: Finished rendering [  0.00s] (2 nodes, 0 skipped, 0 errors)
18:52:15.524372 [debug]: Started analyzing model lab_staging.powerpath_cyto_biopsy_silverv2
18:52:15.525686 [debug]: Finished analyzing [  0.00s] model lab_staging.date_spine [success]
18:52:15.525719 [info ]:  Succeeded [  0.00s] model lab_staging.date_spine (table)
18:52:15.527869 [debug]: Finished analyzing [  0.00s] model lab_staging.powerpath_cyto_biopsy_silverv2 [success]
18:52:15.527900 [info ]: Finished analyzing [  0.00s] (2 nodes, 0 skipped, 0 errors)
18:52:15.527914 [info ]:  Succeeded [  0.01s] model lab_staging.powerpath_cyto_biopsy_silverv2 (table)
18:52:15.532908 [info ]: Started scheduling
18:52:15.532998 [info ]: Finished scheduling [  0.00s]
18:52:15.533975 [info ]: Cached model count updated: 2 models (accurate)
20:03:18.179619 [info ]: Started loading project
20:03:18.182281 [info ]: Loading ~/.dbt/profiles.yml
20:03:18.234448 [info ]: Started loading project
20:03:18.235446 [info ]: Loading ~/.dbt/profiles.yml
20:03:18.235477 [info ]: Finished loading project [  0.06s]
20:03:18.336336 [debug]:    Started loading packages
20:03:18.347824 [debug]:     Loaded [  0.01s] packages
20:03:18.382722 [info ]: Finished loading project [  0.15s]
20:03:18.384102 [info ]: Started parsing
20:03:18.574076 [debug]: Finished parsing models/sources.yml [  0.00s]
20:03:18.578958 [debug]: Finished parsing models/bronze/date_filter_bronze.sql [  0.00s]
20:03:18.583615 [debug]: Finished parsing models/silver/powerpath_cyto_biopsy_silverv2.sql [  0.00s]
20:03:18.592928 [error]: [DependencyNotFound (dbt1048)]: Ref 'date_spine' not found in project. Searched for 'lab_dbt.date_spine, date_spine'
  --> models/silver/powerpath_cyto_biopsy_silverv2.sql:59:15
20:03:18.593402 [error]: [DependencyNotFound (dbt1048)]: Ref 'date_spine' not found in project. Searched for 'lab_dbt.date_spine, date_spine'
  --> models/silver/powerpath_cyto_biopsy_silverv2.sql:61:15
20:03:18.594059 [warn ]: [UnusedResourceConfigPath (dbt1097)]: Configuration paths exist in your dbt_project.yml file which do not apply to any resources.
There are 1 unused configuration paths:
- models.lab_dbt.gold
20:03:18.599585 [info ]: Cached model count updated: 2 models (estimate)
20:03:18.599608 [info ]: Cached model count updated: 2 models (accurate)
20:03:18.599640 [info ]: Started scheduling
20:03:18.599909 [info ]: Finished scheduling [  0.00s]
20:03:18.599947 [debug]: Compilation - 0 nodes selected: {}
20:03:18.599973 [warn ]: [NoNodesForSelectionCriteria (dbt1092)]: The selection criterion '' does not match any enabled nodes
20:03:18.599988 [warn ]: [NoNodesSelected (dbt1601)]: Nothing to do. Try checking your model configs and model specification args
20:03:18.600000 [info ]: Started scheduling
20:03:18.600061 [info ]: Finished scheduling [  0.00s]
20:03:18.600813 [debug]: Initializing schema store with entry: Frontier(CanonicalFqn { catalog: "opsanalytics_adb_workspace01", schema: "lab", table: "powerpath_raw" }) and interval: None
20:03:18.600916 [debug]: Initializing schema store with entry: Frontier(CanonicalFqn { catalog: "opsanalytics_adb_workspace01", schema: "lab", table: "mshs_holidays" }) and interval: None
20:03:18.600973 [debug]: Initializing schema store with entry: Frontier(CanonicalFqn { catalog: "opsanalytics_adb_workspace01", schema: "lab", table: "lab_kpi_ap_patient_setting" }) and interval: None
20:03:18.608577 [info ]: Started building task graph
20:03:18.608681 [info ]: Finished building task graph [  0.00s]
20:03:18.631822 [info ]: Started scheduling
20:03:18.631888 [info ]: Finished scheduling [  0.00s]
20:03:18.647556 [info ]: Cached model count updated: 2 models (accurate)
20:03:18.647646 [info ]: Finished parsing [  0.26s]
20:03:19.619070 [info ]: Started loading project
20:03:19.620043 [info ]: Loading ~/.dbt/profiles.yml
20:03:19.670521 [info ]: Cached model count updated: 2 models (estimate)
20:03:19.670545 [info ]: Cached model count updated: 2 models (accurate)
20:03:19.670568 [info ]: Started scheduling
20:03:19.670638 [info ]: Finished scheduling [  0.00s]
20:03:19.670653 [debug]: Compilation - 1 nodes selected: {"model.lab_dbt.date_filter_bronze"}
20:03:19.673744 [info ]: Started building task graph
20:03:19.673811 [info ]: Finished building task graph [  0.00s]
20:03:19.680837 [info ]: Started rendering (1 nodes)
20:03:19.680871 [info ]: Started model lab_staging.date_filter_bronze
20:03:19.680884 [debug]: Started rendering model lab_staging.date_filter_bronze
20:03:19.680939 [info ]: Finished loading project [  0.06s]
20:03:19.684932 [debug]: Compiled SQL for node model.lab_dbt.date_filter_bronze at target\.lsp\compiled\lab_dbt\models\bronze\date_filter_bronze.sql
20:03:19.685072 [debug]: Finished rendering [  0.00s] model lab_staging.date_filter_bronze [success]
20:03:19.685094 [info ]: Finished rendering [  0.00s] (1 nodes, 0 skipped, 0 errors)
20:03:19.685113 [info ]: Started analyzing (1 nodes)
20:03:19.685121 [debug]: Started analyzing model lab_staging.date_filter_bronze
20:03:19.699486 [debug]: Finished analyzing [  0.01s] model lab_staging.date_filter_bronze [success]
20:03:19.699512 [info ]: Finished analyzing [  0.01s] (1 nodes, 0 skipped, 0 errors)
20:03:19.699522 [info ]:  Succeeded [  0.02s] model lab_staging.date_filter_bronze (table)
20:03:19.703988 [info ]: Started scheduling
20:03:19.704032 [info ]: Finished scheduling [  0.00s]
20:03:19.704724 [info ]: Cached model count updated: 2 models (accurate)
20:03:21.250330 [info ]: Started loading project
20:03:21.251234 [info ]: Loading ~/.dbt/profiles.yml
20:03:21.296611 [info ]: Cached model count updated: 2 models (estimate)
20:03:21.296635 [info ]: Cached model count updated: 2 models (accurate)
20:03:21.296660 [info ]: Started scheduling
20:03:21.296717 [info ]: Finished scheduling [  0.00s]
20:03:21.296730 [debug]: Compilation - 2 nodes selected: {"model.lab_dbt.date_filter_bronze", "model.lab_dbt.powerpath_cyto_biopsy_silverv2"}
20:03:21.299046 [info ]: Started building task graph
20:03:21.299103 [info ]: Finished building task graph [  0.00s]
20:03:21.305195 [info ]: Started rendering (2 nodes)
20:03:21.305224 [info ]: Started model lab_staging.powerpath_cyto_biopsy_silverv2
20:03:21.305235 [debug]: Started rendering model lab_staging.powerpath_cyto_biopsy_silverv2
20:03:21.305263 [info ]: Started model lab_staging.date_filter_bronze
20:03:21.305277 [debug]: Started rendering model lab_staging.date_filter_bronze
20:03:21.305310 [info ]: Finished loading project [  0.05s]
20:03:21.309054 [debug]: Compiled SQL for node model.lab_dbt.date_filter_bronze at target\.lsp\compiled\lab_dbt\models\bronze\date_filter_bronze.sql
20:03:21.309167 [debug]: Finished rendering [  0.00s] model lab_staging.date_filter_bronze [success]
20:03:21.309218 [info ]: Started analyzing (2 nodes)
20:03:21.309235 [debug]: Started analyzing model lab_staging.date_filter_bronze
20:03:21.309736 [error]: [JinjaError (dbt1501)]: Failed to render SQL not a key type: ref not found for package: lab_dbt, model: date_spine, version: None
(in models/silver/powerpath_cyto_biopsy_silverv2.sql:59:15)
  --> models/silver/powerpath_cyto_biopsy_silverv2.sql:59:15
20:03:21.310486 [debug]: Started analyzing model lab_staging.powerpath_cyto_biopsy_silverv2
20:03:21.310903 [debug]: Finished analyzing [  0.00s] model lab_staging.powerpath_cyto_biopsy_silverv2 [skipped]
20:03:21.310937 [info ]:     Failed [  0.00s] model lab_staging.powerpath_cyto_biopsy_silverv2 (table)
20:03:21.311019 [debug]: Finished rendering [  0.01s] model lab_staging.powerpath_cyto_biopsy_silverv2 [error]
20:03:21.311036 [info ]: Finished rendering [  0.01s] (2 nodes, 0 skipped, 1 errors)
20:03:21.311374 [debug]: Finished analyzing [  0.00s] model lab_staging.date_filter_bronze [success]
20:03:21.311412 [info ]: Finished analyzing [  0.00s] (2 nodes, 1 skipped, 0 errors)
20:03:21.311426 [info ]:  Succeeded [  0.01s] model lab_staging.date_filter_bronze (table)
20:03:21.317465 [info ]: Started scheduling
20:03:21.317513 [info ]: Finished scheduling [  0.00s]
20:03:21.318383 [info ]: Cached model count updated: 2 models (accurate)
20:03:56.982554 [info ]: Started loading project
20:03:56.984357 [info ]: Loading ~/.dbt/profiles.yml
20:03:57.002887 [info ]: Started parsing
20:03:57.075678 [info ]: Finished loading project [  0.09s]
20:03:57.084755 [info ]: Finished parsing [  0.08s]
20:03:57.087998 [info ]: Cached model count updated: 2 models (accurate)
20:03:57.223263 [info ]: Started loading project
20:03:57.224233 [info ]: Loading ~/.dbt/profiles.yml
20:03:57.245202 [info ]: Started parsing
20:03:57.326235 [info ]: Finished loading project [  0.10s]
20:03:57.329664 [debug]: Finished parsing models/silver/powerpath_cyto_biopsy_silverv2.sql [  0.00s]
20:03:57.333155 [warn ]: [UnusedResourceConfigPath (dbt1097)]: Configuration paths exist in your dbt_project.yml file which do not apply to any resources.
There are 1 unused configuration paths:
- models.lab_dbt.gold
20:03:57.339761 [info ]: Cached model count updated: 2 models (estimate)
20:03:57.339780 [info ]: Cached model count updated: 2 models (accurate)
20:03:57.339801 [info ]: Started scheduling
20:03:57.339914 [info ]: Finished scheduling [  0.00s]
20:03:57.339933 [debug]: Compilation - 2 nodes selected: {"model.lab_dbt.date_filter_bronze", "model.lab_dbt.powerpath_cyto_biopsy_silverv2"}
20:03:57.343011 [info ]: Started building task graph
20:03:57.343059 [info ]: Finished building task graph [  0.00s]
20:03:57.348993 [info ]: Started rendering (2 nodes)
20:03:57.349049 [info ]: Started model lab_staging.powerpath_cyto_biopsy_silverv2
20:03:57.349063 [debug]: Started rendering model lab_staging.powerpath_cyto_biopsy_silverv2
20:03:57.349090 [info ]: Started model lab_staging.date_filter_bronze
20:03:57.349102 [debug]: Started rendering model lab_staging.date_filter_bronze
20:03:57.349149 [info ]: Finished parsing [  0.10s]
20:03:57.351875 [debug]: Compiled SQL for node model.lab_dbt.date_filter_bronze at target\.lsp\compiled\lab_dbt\models\bronze\date_filter_bronze.sql
20:03:57.351961 [debug]: Finished rendering [  0.00s] model lab_staging.date_filter_bronze [success]
20:03:57.351995 [info ]: Started analyzing (2 nodes)
20:03:57.352007 [debug]: Started analyzing model lab_staging.date_filter_bronze
20:03:57.353534 [debug]: Finished analyzing [  0.00s] model lab_staging.date_filter_bronze [success]
20:03:57.353559 [info ]:  Succeeded [  0.00s] model lab_staging.date_filter_bronze (table)
20:03:57.354711 [debug]: Compiled SQL for node model.lab_dbt.powerpath_cyto_biopsy_silverv2 at target\.lsp\compiled\lab_dbt\models\silver\powerpath_cyto_biopsy_silverv2.sql
20:03:57.354880 [debug]: Finished rendering [  0.01s] model lab_staging.powerpath_cyto_biopsy_silverv2 [success]
20:03:57.354903 [info ]: Finished rendering [  0.01s] (2 nodes, 0 skipped, 0 errors)
20:03:57.354927 [debug]: Started analyzing model lab_staging.powerpath_cyto_biopsy_silverv2
20:03:57.360647 [debug]: Finished analyzing [  0.01s] model lab_staging.powerpath_cyto_biopsy_silverv2 [success]
20:03:57.360672 [info ]: Finished analyzing [  0.01s] (2 nodes, 0 skipped, 0 errors)
20:03:57.360683 [info ]:  Succeeded [  0.01s] model lab_staging.powerpath_cyto_biopsy_silverv2 (table)
20:03:57.366827 [info ]: Started scheduling
20:03:57.366905 [info ]: Finished scheduling [  0.00s]
20:03:57.368342 [info ]: Cached model count updated: 2 models (accurate)
20:03:58.924882 [info ]: Started loading project
20:03:58.926131 [info ]: Loading ~/.dbt/profiles.yml
20:03:58.997364 [info ]: Cached model count updated: 2 models (estimate)
20:03:58.997392 [info ]: Cached model count updated: 2 models (accurate)
20:03:58.997426 [info ]: Started scheduling
20:03:58.997531 [info ]: Finished scheduling [  0.00s]
20:03:58.997560 [debug]: Compilation - 2 nodes selected: {"model.lab_dbt.date_filter_bronze", "model.lab_dbt.powerpath_cyto_biopsy_silverv2"}
20:03:59.001516 [info ]: Started building task graph
20:03:59.001609 [info ]: Finished building task graph [  0.00s]
20:03:59.010790 [info ]: Started rendering (2 nodes)
20:03:59.010826 [info ]: Started model lab_staging.powerpath_cyto_biopsy_silverv2
20:03:59.010844 [debug]: Started rendering model lab_staging.powerpath_cyto_biopsy_silverv2
20:03:59.010878 [info ]: Started model lab_staging.date_filter_bronze
20:03:59.010897 [debug]: Started rendering model lab_staging.date_filter_bronze
20:03:59.010936 [info ]: Finished loading project [  0.09s]
20:03:59.014035 [debug]: Compiled SQL for node model.lab_dbt.date_filter_bronze at target\.lsp\compiled\lab_dbt\models\bronze\date_filter_bronze.sql
20:03:59.014156 [debug]: Finished rendering [  0.00s] model lab_staging.date_filter_bronze [success]
20:03:59.014202 [info ]: Started analyzing (2 nodes)
20:03:59.014222 [debug]: Started analyzing model lab_staging.date_filter_bronze
20:03:59.015745 [debug]: Compiled SQL for node model.lab_dbt.powerpath_cyto_biopsy_silverv2 at target\.lsp\compiled\lab_dbt\models\silver\powerpath_cyto_biopsy_silverv2.sql
20:03:59.015796 [debug]: Finished analyzing [  0.00s] model lab_staging.date_filter_bronze [success]
20:03:59.015821 [info ]:  Succeeded [  0.00s] model lab_staging.date_filter_bronze (table)
20:03:59.015873 [debug]: Finished rendering [  0.01s] model lab_staging.powerpath_cyto_biopsy_silverv2 [success]
20:03:59.015886 [info ]: Finished rendering [  0.01s] (2 nodes, 0 skipped, 0 errors)
20:03:59.015906 [debug]: Started analyzing model lab_staging.powerpath_cyto_biopsy_silverv2
20:03:59.020293 [debug]: Finished analyzing [  0.00s] model lab_staging.powerpath_cyto_biopsy_silverv2 [success]
20:03:59.020334 [info ]: Finished analyzing [  0.01s] (2 nodes, 0 skipped, 0 errors)
20:03:59.020350 [info ]:  Succeeded [  0.01s] model lab_staging.powerpath_cyto_biopsy_silverv2 (table)
20:03:59.028869 [info ]: Started scheduling
20:03:59.028933 [info ]: Finished scheduling [  0.00s]
20:03:59.029971 [info ]: Cached model count updated: 2 models (accurate)
20:07:13.987433 [info ]: Started loading project
20:07:13.988663 [info ]: Loading ~/.dbt/profiles.yml
20:07:14.005005 [info ]: Started loading project
20:07:14.005803 [info ]: Loading ~/.dbt/profiles.yml
20:07:14.005865 [info ]: Finished loading project [  0.02s]
20:07:14.093241 [debug]:    Started loading packages
20:07:14.102498 [debug]:     Loaded [  0.01s] packages
20:07:14.104655 [info ]: Finished loading project [  0.10s]
20:07:14.105066 [info ]: Started parsing
20:07:14.206521 [debug]: Finished parsing models/sources.yml [  0.00s]
20:07:14.209163 [debug]: Finished parsing models/bronze/date_filter_bronze.sql [  0.00s]
20:07:14.210141 [debug]: Finished parsing models/bronze/powerpath_cyto_biopsy_bronze.sql [  0.00s]
20:07:14.212076 [debug]: Finished parsing models/silver/powerpath_cyto_biopsy_silverv2.sql [  0.00s]
20:07:14.221128 [warn ]: [UnusedResourceConfigPath (dbt1097)]: Configuration paths exist in your dbt_project.yml file which do not apply to any resources.
There are 1 unused configuration paths:
- models.lab_dbt.gold
20:07:14.224083 [info ]: Cached model count updated: 3 models (estimate)
20:07:14.224109 [info ]: Cached model count updated: 3 models (accurate)
20:07:14.224140 [info ]: Started scheduling
20:07:14.224183 [info ]: Finished scheduling [  0.00s]
20:07:14.224199 [debug]: Compilation - 0 nodes selected: {}
20:07:14.224218 [warn ]: [NoNodesForSelectionCriteria (dbt1092)]: The selection criterion '' does not match any enabled nodes
20:07:14.224232 [warn ]: [NoNodesSelected (dbt1601)]: Nothing to do. Try checking your model configs and model specification args
20:07:14.224242 [info ]: Started scheduling
20:07:14.224302 [info ]: Finished scheduling [  0.00s]
20:07:14.224347 [debug]: Initializing schema store with entry: Frontier(CanonicalFqn { catalog: "opsanalytics_adb_workspace01", schema: "lab", table: "lab_kpi_ap_patient_setting" }) and interval: None
20:07:14.224427 [debug]: Initializing schema store with entry: Frontier(CanonicalFqn { catalog: "opsanalytics_adb_workspace01", schema: "lab", table: "mshs_holidays" }) and interval: None
20:07:14.224485 [debug]: Initializing schema store with entry: Frontier(CanonicalFqn { catalog: "opsanalytics_adb_workspace01", schema: "lab", table: "powerpath_raw" }) and interval: None
20:07:14.227687 [info ]: Started building task graph
20:07:14.227723 [info ]: Finished building task graph [  0.00s]
20:07:14.244298 [info ]: Started scheduling
20:07:14.244377 [info ]: Finished scheduling [  0.00s]
20:07:14.244657 [info ]: Finished parsing [  0.14s]
20:07:14.251000 [info ]: Cached model count updated: 3 models (accurate)
20:07:15.804024 [info ]: Started loading project
20:07:15.805091 [info ]: Loading ~/.dbt/profiles.yml
20:07:15.855390 [info ]: Cached model count updated: 3 models (estimate)
20:07:15.855410 [info ]: Cached model count updated: 3 models (accurate)
20:07:15.855440 [info ]: Started scheduling
20:07:15.855500 [info ]: Finished scheduling [  0.00s]
20:07:15.855515 [debug]: Compilation - 2 nodes selected: {"model.lab_dbt.date_filter_bronze", "model.lab_dbt.powerpath_cyto_biopsy_silverv2"}
20:07:15.858064 [info ]: Started building task graph
20:07:15.858130 [info ]: Finished building task graph [  0.00s]
20:07:15.865188 [info ]: Started rendering (2 nodes)
20:07:15.865253 [info ]: Started model lab_staging.powerpath_cyto_biopsy_silverv2
20:07:15.865275 [debug]: Started rendering model lab_staging.powerpath_cyto_biopsy_silverv2
20:07:15.865343 [info ]: Started model lab_staging.date_filter_bronze
20:07:15.865379 [debug]: Started rendering model lab_staging.date_filter_bronze
20:07:15.865411 [info ]: Finished loading project [  0.06s]
20:07:15.870393 [debug]: Compiled SQL for node model.lab_dbt.date_filter_bronze at target\.lsp\compiled\lab_dbt\models\bronze\date_filter_bronze.sql
20:07:15.870584 [debug]: Finished rendering [  0.01s] model lab_staging.date_filter_bronze [success]
20:07:15.870634 [info ]: Started analyzing (2 nodes)
20:07:15.870650 [debug]: Started analyzing model lab_staging.date_filter_bronze
20:07:15.870807 [debug]: Compiled SQL for node model.lab_dbt.powerpath_cyto_biopsy_silverv2 at target\.lsp\compiled\lab_dbt\models\silver\powerpath_cyto_biopsy_silverv2.sql
20:07:15.870920 [debug]: Finished rendering [  0.01s] model lab_staging.powerpath_cyto_biopsy_silverv2 [success]
20:07:15.870947 [info ]: Finished rendering [  0.01s] (2 nodes, 0 skipped, 0 errors)
20:07:15.870969 [debug]: Started analyzing model lab_staging.powerpath_cyto_biopsy_silverv2
20:07:15.872217 [debug]: Finished analyzing [  0.00s] model lab_staging.date_filter_bronze [success]
20:07:15.872240 [info ]:  Succeeded [  0.01s] model lab_staging.date_filter_bronze (table)
20:07:15.874387 [debug]: Finished analyzing [  0.00s] model lab_staging.powerpath_cyto_biopsy_silverv2 [success]
20:07:15.874412 [info ]: Finished analyzing [  0.00s] (2 nodes, 0 skipped, 0 errors)
20:07:15.874429 [info ]:  Succeeded [  0.01s] model lab_staging.powerpath_cyto_biopsy_silverv2 (table)
20:07:15.879838 [info ]: Started scheduling
20:07:15.879909 [info ]: Finished scheduling [  0.00s]
20:07:15.880863 [info ]: Cached model count updated: 3 models (accurate)
20:08:41.917103 [info ]: Started loading project
20:08:41.918207 [info ]: Loading ~/.dbt/profiles.yml
20:08:41.960083 [info ]: Cached model count updated: 3 models (estimate)
20:08:41.960108 [info ]: Cached model count updated: 3 models (accurate)
20:08:41.960139 [info ]: Started scheduling
20:08:41.960191 [info ]: Finished scheduling [  0.00s]
20:08:41.960206 [debug]: Compilation - 0 nodes selected: {}
20:08:41.960225 [warn ]: [NoNodesForSelectionCriteria (dbt1092)]: The selection criterion '+fqn:model.lab_dbt.powerpath_cyto_biopsy_bronze' does not match any enabled nodes
20:08:41.960239 [warn ]: [NoNodesSelected (dbt1601)]: Nothing to do. Try checking your model configs and model specification args
20:08:41.962663 [info ]: Started building task graph
20:08:41.962689 [info ]: Finished building task graph [  0.00s]
20:08:41.972515 [info ]: Started scheduling
20:08:41.972558 [info ]: Finished scheduling [  0.00s]
20:08:41.972642 [info ]: Finished loading project [  0.06s]
20:08:41.973387 [info ]: Cached model count updated: 3 models (accurate)
20:08:43.521063 [info ]: Started loading project
20:08:43.522103 [info ]: Loading ~/.dbt/profiles.yml
20:08:43.565544 [info ]: Cached model count updated: 3 models (estimate)
20:08:43.565562 [info ]: Cached model count updated: 3 models (accurate)
20:08:43.565588 [info ]: Started scheduling
20:08:43.565645 [info ]: Finished scheduling [  0.00s]
20:08:43.565659 [debug]: Compilation - 2 nodes selected: {"model.lab_dbt.date_filter_bronze", "model.lab_dbt.powerpath_cyto_biopsy_silverv2"}
20:08:43.567913 [info ]: Started building task graph
20:08:43.567974 [info ]: Finished building task graph [  0.00s]
20:08:43.575327 [info ]: Started rendering (2 nodes)
20:08:43.575359 [info ]: Started model lab_staging.powerpath_cyto_biopsy_silverv2
20:08:43.575371 [debug]: Started rendering model lab_staging.powerpath_cyto_biopsy_silverv2
20:08:43.575403 [info ]: Started model lab_staging.date_filter_bronze
20:08:43.575424 [debug]: Started rendering model lab_staging.date_filter_bronze
20:08:43.575478 [info ]: Finished loading project [  0.05s]
20:08:43.578523 [debug]: Compiled SQL for node model.lab_dbt.date_filter_bronze at target\.lsp\compiled\lab_dbt\models\bronze\date_filter_bronze.sql
20:08:43.578648 [debug]: Finished rendering [  0.00s] model lab_staging.date_filter_bronze [success]
20:08:43.578690 [info ]: Started analyzing (2 nodes)
20:08:43.578703 [debug]: Started analyzing model lab_staging.date_filter_bronze
20:08:43.578785 [debug]: Compiled SQL for node model.lab_dbt.powerpath_cyto_biopsy_silverv2 at target\.lsp\compiled\lab_dbt\models\silver\powerpath_cyto_biopsy_silverv2.sql
20:08:43.578850 [debug]: Finished rendering [  0.00s] model lab_staging.powerpath_cyto_biopsy_silverv2 [success]
20:08:43.578866 [info ]: Finished rendering [  0.00s] (2 nodes, 0 skipped, 0 errors)
20:08:43.578882 [debug]: Started analyzing model lab_staging.powerpath_cyto_biopsy_silverv2
20:08:43.579915 [debug]: Finished analyzing [  0.00s] model lab_staging.date_filter_bronze [success]
20:08:43.579961 [info ]:  Succeeded [  0.00s] model lab_staging.date_filter_bronze (table)
20:08:43.581624 [debug]: Finished analyzing [  0.00s] model lab_staging.powerpath_cyto_biopsy_silverv2 [success]
20:08:43.581642 [info ]: Finished analyzing [  0.00s] (2 nodes, 0 skipped, 0 errors)
20:08:43.581651 [info ]:  Succeeded [  0.01s] model lab_staging.powerpath_cyto_biopsy_silverv2 (table)
20:08:43.585708 [info ]: Started scheduling
20:08:43.585748 [info ]: Finished scheduling [  0.00s]
20:08:43.586453 [info ]: Cached model count updated: 3 models (accurate)
20:10:11.598424 [info ]: Started loading project
20:10:11.599336 [info ]: Loading ~/.dbt/profiles.yml
20:10:11.639879 [info ]: Cached model count updated: 3 models (estimate)
20:10:11.639905 [info ]: Cached model count updated: 3 models (accurate)
20:10:11.639938 [info ]: Started scheduling
20:10:11.640000 [info ]: Finished scheduling [  0.00s]
20:10:11.640015 [debug]: Compilation - 0 nodes selected: {}
20:10:11.640038 [warn ]: [NoNodesForSelectionCriteria (dbt1092)]: The selection criterion '+fqn:model.lab_dbt.powerpath_cyto_biopsy_bronze' does not match any enabled nodes
20:10:11.640050 [warn ]: [NoNodesSelected (dbt1601)]: Nothing to do. Try checking your model configs and model specification args
20:10:11.642398 [info ]: Started building task graph
20:10:11.642434 [info ]: Finished building task graph [  0.00s]
20:10:11.652579 [info ]: Started scheduling
20:10:11.652628 [info ]: Finished scheduling [  0.00s]
20:10:11.652727 [info ]: Finished loading project [  0.05s]
20:10:11.653432 [info ]: Cached model count updated: 3 models (accurate)
20:10:13.220989 [info ]: Started loading project
20:10:13.225295 [info ]: Loading ~/.dbt/profiles.yml
20:10:13.292752 [info ]: Cached model count updated: 3 models (estimate)
20:10:13.292785 [info ]: Cached model count updated: 3 models (accurate)
20:10:13.292828 [info ]: Started scheduling
20:10:13.292916 [info ]: Finished scheduling [  0.00s]
20:10:13.292938 [debug]: Compilation - 2 nodes selected: {"model.lab_dbt.date_filter_bronze", "model.lab_dbt.powerpath_cyto_biopsy_silverv2"}
20:10:13.295864 [info ]: Started building task graph
20:10:13.295938 [info ]: Finished building task graph [  0.00s]
20:10:13.302643 [info ]: Started rendering (2 nodes)
20:10:13.302674 [info ]: Started model lab_staging.powerpath_cyto_biopsy_silverv2
20:10:13.302688 [debug]: Started rendering model lab_staging.powerpath_cyto_biopsy_silverv2
20:10:13.302752 [info ]: Started model lab_staging.date_filter_bronze
20:10:13.302781 [info ]: Finished loading project [  0.08s]
20:10:13.302774 [debug]: Started rendering model lab_staging.date_filter_bronze
20:10:13.305159 [debug]: Compiled SQL for node model.lab_dbt.powerpath_cyto_biopsy_silverv2 at target\.lsp\compiled\lab_dbt\models\silver\powerpath_cyto_biopsy_silverv2.sql
20:10:13.305160 [debug]: Compiled SQL for node model.lab_dbt.date_filter_bronze at target\.lsp\compiled\lab_dbt\models\bronze\date_filter_bronze.sql
20:10:13.305271 [debug]: Finished rendering [  0.00s] model lab_staging.date_filter_bronze [success]
20:10:13.305329 [info ]: Started analyzing (2 nodes)
20:10:13.305346 [debug]: Started analyzing model lab_staging.date_filter_bronze
20:10:13.305374 [debug]: Finished rendering [  0.00s] model lab_staging.powerpath_cyto_biopsy_silverv2 [success]
20:10:13.305390 [info ]: Finished rendering [  0.00s] (2 nodes, 0 skipped, 0 errors)
20:10:13.305405 [debug]: Started analyzing model lab_staging.powerpath_cyto_biopsy_silverv2
20:10:13.306840 [debug]: Finished analyzing [  0.00s] model lab_staging.date_filter_bronze [success]
20:10:13.306878 [info ]:  Succeeded [  0.00s] model lab_staging.date_filter_bronze (table)
20:10:13.308616 [debug]: Finished analyzing [  0.00s] model lab_staging.powerpath_cyto_biopsy_silverv2 [success]
20:10:13.308650 [info ]: Finished analyzing [  0.00s] (2 nodes, 0 skipped, 0 errors)
20:10:13.308672 [info ]:  Succeeded [  0.01s] model lab_staging.powerpath_cyto_biopsy_silverv2 (table)
20:10:13.316447 [info ]: Started scheduling
20:10:13.316509 [info ]: Finished scheduling [  0.00s]
20:10:13.317611 [info ]: Cached model count updated: 3 models (accurate)
20:10:15.539848 [info ]: Started loading project
20:10:15.540936 [info ]: Loading ~/.dbt/profiles.yml
20:10:15.589160 [info ]: Cached model count updated: 3 models (estimate)
20:10:15.589180 [info ]: Cached model count updated: 3 models (accurate)
20:10:15.589207 [info ]: Started scheduling
20:10:15.589253 [info ]: Finished scheduling [  0.00s]
20:10:15.589266 [debug]: Compilation - 0 nodes selected: {}
20:10:15.589286 [warn ]: [NoNodesForSelectionCriteria (dbt1092)]: The selection criterion '+fqn:model.lab_dbt.powerpath_cyto_biopsy_bronze' does not match any enabled nodes
20:10:15.589296 [warn ]: [NoNodesSelected (dbt1601)]: Nothing to do. Try checking your model configs and model specification args
20:10:15.592008 [info ]: Started building task graph
20:10:15.592040 [info ]: Finished building task graph [  0.00s]
20:10:15.605322 [info ]: Started scheduling
20:10:15.605368 [info ]: Finished scheduling [  0.00s]
20:10:15.605485 [info ]: Finished loading project [  0.07s]
20:10:15.606080 [info ]: Cached model count updated: 3 models (accurate)
20:10:17.163333 [info ]: Started loading project
20:10:17.164245 [info ]: Loading ~/.dbt/profiles.yml
20:10:17.214141 [info ]: Cached model count updated: 3 models (estimate)
20:10:17.214166 [info ]: Cached model count updated: 3 models (accurate)
20:10:17.214206 [info ]: Started scheduling
20:10:17.214297 [info ]: Finished scheduling [  0.00s]
20:10:17.214320 [debug]: Compilation - 2 nodes selected: {"model.lab_dbt.date_filter_bronze", "model.lab_dbt.powerpath_cyto_biopsy_silverv2"}
20:10:17.217378 [info ]: Started building task graph
20:10:17.217453 [info ]: Finished building task graph [  0.00s]
20:10:17.223315 [info ]: Started rendering (2 nodes)
20:10:17.223353 [info ]: Started model lab_staging.powerpath_cyto_biopsy_silverv2
20:10:17.223371 [debug]: Started rendering model lab_staging.powerpath_cyto_biopsy_silverv2
20:10:17.223422 [info ]: Started model lab_staging.date_filter_bronze
20:10:17.223438 [debug]: Started rendering model lab_staging.date_filter_bronze
20:10:17.223458 [info ]: Finished loading project [  0.06s]
20:10:17.225821 [debug]: Compiled SQL for node model.lab_dbt.date_filter_bronze at target\.lsp\compiled\lab_dbt\models\bronze\date_filter_bronze.sql
20:10:17.225821 [debug]: Compiled SQL for node model.lab_dbt.powerpath_cyto_biopsy_silverv2 at target\.lsp\compiled\lab_dbt\models\silver\powerpath_cyto_biopsy_silverv2.sql
20:10:17.225990 [debug]: Finished rendering [  0.00s] model lab_staging.date_filter_bronze [success]
20:10:17.226325 [info ]: Started analyzing (2 nodes)
20:10:17.226342 [debug]: Started analyzing model lab_staging.date_filter_bronze
20:10:17.227342 [debug]: Finished analyzing [  0.00s] model lab_staging.date_filter_bronze [success]
20:10:17.227359 [info ]:  Succeeded [  0.00s] model lab_staging.date_filter_bronze (table)
20:10:17.235049 [debug]: Finished rendering [  0.01s] model lab_staging.powerpath_cyto_biopsy_silverv2 [success]
20:10:17.235074 [info ]: Finished rendering [  0.01s] (2 nodes, 0 skipped, 0 errors)
20:10:17.235093 [debug]: Started analyzing model lab_staging.powerpath_cyto_biopsy_silverv2
20:10:17.238350 [debug]: Finished analyzing [  0.00s] model lab_staging.powerpath_cyto_biopsy_silverv2 [success]
20:10:17.238368 [info ]: Finished analyzing [  0.01s] (2 nodes, 0 skipped, 0 errors)
20:10:17.238379 [info ]:  Succeeded [  0.01s] model lab_staging.powerpath_cyto_biopsy_silverv2 (table)
20:10:17.243660 [info ]: Started scheduling
20:10:17.243708 [info ]: Finished scheduling [  0.00s]
20:10:17.244377 [info ]: Cached model count updated: 3 models (accurate)
20:10:26.869075 [info ]: Started loading project
20:10:26.870351 [info ]: Loading ~/.dbt/profiles.yml
20:10:26.886717 [info ]: Started parsing
20:10:26.962056 [info ]: Finished loading project [  0.09s]
20:10:26.965118 [debug]: Finished parsing models/bronze/powerpath_cyto_biopsy_bronze.sql [  0.00s]
20:10:26.968090 [warn ]: [UnusedResourceConfigPath (dbt1097)]: Configuration paths exist in your dbt_project.yml file which do not apply to any resources.
There are 1 unused configuration paths:
- models.lab_dbt.gold
20:10:26.972609 [info ]: Cached model count updated: 3 models (estimate)
20:10:26.972635 [info ]: Cached model count updated: 3 models (accurate)
20:10:26.972669 [info ]: Started scheduling
20:10:26.972760 [info ]: Finished scheduling [  0.00s]
20:10:26.972786 [debug]: Compilation - 1 nodes selected: {"model.lab_dbt.powerpath_cyto_biopsy_bronze"}
20:10:26.975585 [info ]: Started building task graph
20:10:26.975627 [info ]: Finished building task graph [  0.00s]
20:10:26.980916 [info ]: Started rendering (1 nodes)
20:10:26.980944 [info ]: Started model lab_staging.powerpath_cyto_biopsy_bronze
20:10:26.980958 [debug]: Started rendering model lab_staging.powerpath_cyto_biopsy_bronze
20:10:26.981007 [info ]: Finished parsing [  0.09s]
20:10:26.985186 [debug]: Compiled SQL for node model.lab_dbt.powerpath_cyto_biopsy_bronze at target\.lsp\compiled\lab_dbt\models\bronze\powerpath_cyto_biopsy_bronze.sql
20:10:26.985317 [debug]: Finished rendering [  0.00s] model lab_staging.powerpath_cyto_biopsy_bronze [success]
20:10:26.985337 [info ]: Finished rendering [  0.00s] (1 nodes, 0 skipped, 0 errors)
20:10:26.985356 [info ]: Started analyzing (1 nodes)
20:10:26.985364 [debug]: Started analyzing model lab_staging.powerpath_cyto_biopsy_bronze
20:10:26.993670 [warn ]: [SyntaxInvalid (dbt0101)]: mismatched input 'with_setting' expecting one of <EOF>, 'ALTER', 'ANALYZE', 'COMMENT', 'COMMIT', 'CREATE', 'DELETE' ...
  --> models/bronze/powerpath_cyto_biopsy_bronze.sql:1:1 (target\.lsp\compiled\lab_dbt\models\bronze\powerpath_cyto_biopsy_bronze.sql:1:1)
20:10:26.993938 [info ]:  Succeeded [  0.01s] model lab_staging.powerpath_cyto_biopsy_bronze (table)
20:10:26.993952 [debug]: Finished analyzing [  0.01s] model lab_staging.powerpath_cyto_biopsy_bronze [success]
20:10:26.993969 [info ]: Finished analyzing [  0.01s] (1 nodes, 0 skipped, 0 errors)
20:10:26.998120 [info ]: Started scheduling
20:10:26.998198 [info ]: Finished scheduling [  0.00s]
20:10:26.999630 [info ]: Cached model count updated: 3 models (accurate)
20:10:28.564712 [info ]: Started loading project
20:10:28.565650 [info ]: Loading ~/.dbt/profiles.yml
20:10:28.619980 [info ]: Cached model count updated: 3 models (estimate)
20:10:28.620000 [info ]: Cached model count updated: 3 models (accurate)
20:10:28.620036 [info ]: Started scheduling
20:10:28.620119 [info ]: Finished scheduling [  0.00s]
20:10:28.620137 [debug]: Compilation - 3 nodes selected: {"model.lab_dbt.date_filter_bronze", "model.lab_dbt.powerpath_cyto_biopsy_bronze", "model.lab_dbt.powerpath_cyto_biopsy_silverv2"}
20:10:28.622981 [info ]: Started building task graph
20:10:28.623089 [info ]: Finished building task graph [  0.00s]
20:10:28.630775 [info ]: Started rendering (3 nodes)
20:10:28.630820 [info ]: Started model lab_staging.powerpath_cyto_biopsy_silverv2
20:10:28.630837 [debug]: Started rendering model lab_staging.powerpath_cyto_biopsy_silverv2
20:10:28.630874 [info ]: Started model lab_staging.powerpath_cyto_biopsy_bronze
20:10:28.630891 [debug]: Started rendering model lab_staging.powerpath_cyto_biopsy_bronze
20:10:28.630898 [info ]: Finished loading project [  0.07s]
20:10:28.630913 [info ]: Started model lab_staging.date_filter_bronze
20:10:28.630935 [debug]: Started rendering model lab_staging.date_filter_bronze
20:10:28.633525 [debug]: Compiled SQL for node model.lab_dbt.powerpath_cyto_biopsy_silverv2 at target\.lsp\compiled\lab_dbt\models\silver\powerpath_cyto_biopsy_silverv2.sql
20:10:28.633525 [debug]: Compiled SQL for node model.lab_dbt.powerpath_cyto_biopsy_bronze at target\.lsp\compiled\lab_dbt\models\bronze\powerpath_cyto_biopsy_bronze.sql
20:10:28.633779 [debug]: Finished rendering [  0.00s] model lab_staging.powerpath_cyto_biopsy_bronze [success]
20:10:28.633825 [info ]: Started analyzing (3 nodes)
20:10:28.633840 [debug]: Started analyzing model lab_staging.powerpath_cyto_biopsy_bronze
20:10:28.633872 [debug]: Finished rendering [  0.00s] model lab_staging.powerpath_cyto_biopsy_silverv2 [success]
20:10:28.633889 [debug]: Started analyzing model lab_staging.powerpath_cyto_biopsy_silverv2
20:10:28.634580 [warn ]: [SyntaxInvalid (dbt0101)]: mismatched input 'with_setting' expecting one of <EOF>, 'ALTER', 'ANALYZE', 'COMMENT', 'COMMIT', 'CREATE', 'DELETE' ...
  --> models/bronze/powerpath_cyto_biopsy_bronze.sql:1:1 (target\.lsp\compiled\lab_dbt\models\bronze\powerpath_cyto_biopsy_bronze.sql:1:1)
20:10:28.634698 [info ]:  Succeeded [  0.00s] model lab_staging.powerpath_cyto_biopsy_bronze (table)
20:10:28.634960 [debug]: Finished analyzing [  0.00s] model lab_staging.powerpath_cyto_biopsy_bronze [success]
20:10:28.635547 [debug]: Compiled SQL for node model.lab_dbt.date_filter_bronze at target\.lsp\compiled\lab_dbt\models\bronze\date_filter_bronze.sql
20:10:28.635663 [debug]: Finished rendering [  0.00s] model lab_staging.date_filter_bronze [success]
20:10:28.635694 [info ]: Finished rendering [  0.00s] (3 nodes, 0 skipped, 0 errors)
20:10:28.635726 [debug]: Started analyzing model lab_staging.date_filter_bronze
20:10:28.637271 [debug]: Finished analyzing [  0.00s] model lab_staging.date_filter_bronze [success]
20:10:28.637326 [info ]:  Succeeded [  0.01s] model lab_staging.date_filter_bronze (table)
20:10:28.638383 [debug]: Finished analyzing [  0.00s] model lab_staging.powerpath_cyto_biopsy_silverv2 [success]
20:10:28.638423 [info ]: Finished analyzing [  0.00s] (3 nodes, 0 skipped, 0 errors)
20:10:28.638441 [info ]:  Succeeded [  0.01s] model lab_staging.powerpath_cyto_biopsy_silverv2 (table)
20:10:28.645207 [info ]: Started scheduling
20:10:28.645254 [info ]: Finished scheduling [  0.00s]
20:10:28.646075 [info ]: Cached model count updated: 3 models (accurate)
20:11:26.475057 [info ]: Started loading project
20:11:26.476014 [info ]: Loading ~/.dbt/profiles.yml
20:11:26.488721 [info ]: Started parsing
20:11:26.581821 [info ]: Finished loading project [  0.11s]
20:11:26.584656 [debug]: Finished parsing models/bronze/powerpath_cyto_biopsy_bronze.sql [  0.00s]
20:11:26.588509 [warn ]: [UnusedResourceConfigPath (dbt1097)]: Configuration paths exist in your dbt_project.yml file which do not apply to any resources.
There are 1 unused configuration paths:
- models.lab_dbt.gold
20:11:26.592451 [info ]: Cached model count updated: 3 models (estimate)
20:11:26.592467 [info ]: Cached model count updated: 3 models (accurate)
20:11:26.592488 [info ]: Started scheduling
20:11:26.592548 [info ]: Finished scheduling [  0.00s]
20:11:26.592559 [debug]: Compilation - 1 nodes selected: {"model.lab_dbt.powerpath_cyto_biopsy_bronze"}
20:11:26.594483 [info ]: Started building task graph
20:11:26.594519 [info ]: Finished building task graph [  0.00s]
20:11:26.600145 [info ]: Started rendering (1 nodes)
20:11:26.600172 [info ]: Started model lab_staging.powerpath_cyto_biopsy_bronze
20:11:26.600182 [debug]: Started rendering model lab_staging.powerpath_cyto_biopsy_bronze
20:11:26.600252 [info ]: Finished parsing [  0.11s]
20:11:26.604661 [debug]: Compiled SQL for node model.lab_dbt.powerpath_cyto_biopsy_bronze at target\.lsp\compiled\lab_dbt\models\bronze\powerpath_cyto_biopsy_bronze.sql
20:11:26.604794 [debug]: Finished rendering [  0.00s] model lab_staging.powerpath_cyto_biopsy_bronze [success]
20:11:26.604821 [info ]: Finished rendering [  0.00s] (1 nodes, 0 skipped, 0 errors)
20:11:26.604850 [info ]: Started analyzing (1 nodes)
20:11:26.604861 [debug]: Started analyzing model lab_staging.powerpath_cyto_biopsy_bronze
20:11:26.605588 [warn ]: [SyntaxInvalid (dbt0101)]: mismatched input 'with_setting' expecting one of <EOF>, 'ALTER', 'ANALYZE', 'COMMENT', 'COMMIT', 'CREATE', 'DELETE' ...
  --> models/bronze/powerpath_cyto_biopsy_bronze.sql:1:1 (target\.lsp\compiled\lab_dbt\models\bronze\powerpath_cyto_biopsy_bronze.sql:1:1)
20:11:26.605658 [info ]:  Succeeded [  0.00s] model lab_staging.powerpath_cyto_biopsy_bronze (table)
20:11:26.605716 [debug]: Finished analyzing [  0.00s] model lab_staging.powerpath_cyto_biopsy_bronze [success]
20:11:26.605732 [info ]: Finished analyzing [  0.00s] (1 nodes, 0 skipped, 0 errors)
20:11:26.611154 [info ]: Started scheduling
20:11:26.611234 [info ]: Finished scheduling [  0.00s]
20:11:26.612508 [info ]: Cached model count updated: 3 models (accurate)
20:11:27.761956 [info ]: Started loading project
20:11:27.763162 [info ]: Loading ~/.dbt/profiles.yml
20:11:27.785647 [info ]: Started parsing
20:11:27.926268 [info ]: Finished loading project [  0.16s]
20:11:27.929340 [debug]: Finished parsing models/bronze/powerpath_cyto_biopsy_bronze.sql [  0.00s]
20:11:27.933652 [warn ]: [UnusedResourceConfigPath (dbt1097)]: Configuration paths exist in your dbt_project.yml file which do not apply to any resources.
There are 1 unused configuration paths:
- models.lab_dbt.gold
20:11:27.941163 [info ]: Cached model count updated: 3 models (estimate)
20:11:27.941191 [info ]: Cached model count updated: 3 models (accurate)
20:11:27.941228 [info ]: Started scheduling
20:11:27.941324 [info ]: Finished scheduling [  0.00s]
20:11:27.941347 [debug]: Compilation - 1 nodes selected: {"model.lab_dbt.powerpath_cyto_biopsy_bronze"}
20:11:27.944411 [info ]: Started building task graph
20:11:27.944468 [info ]: Finished building task graph [  0.00s]
20:11:27.953292 [info ]: Started rendering (1 nodes)
20:11:27.953340 [info ]: Started model lab_staging.powerpath_cyto_biopsy_bronze
20:11:27.953362 [debug]: Started rendering model lab_staging.powerpath_cyto_biopsy_bronze
20:11:27.953563 [info ]: Finished parsing [  0.17s]
20:11:27.960205 [debug]: Compiled SQL for node model.lab_dbt.powerpath_cyto_biopsy_bronze at target\.lsp\compiled\lab_dbt\models\bronze\powerpath_cyto_biopsy_bronze.sql
20:11:27.960386 [debug]: Finished rendering [  0.01s] model lab_staging.powerpath_cyto_biopsy_bronze [success]
20:11:27.960417 [info ]: Finished rendering [  0.01s] (1 nodes, 0 skipped, 0 errors)
20:11:27.960446 [info ]: Started analyzing (1 nodes)
20:11:27.960459 [debug]: Started analyzing model lab_staging.powerpath_cyto_biopsy_bronze
20:11:27.961230 [warn ]: [SyntaxInvalid (dbt0101)]: mismatched input 'with_setting' expecting one of <EOF>, 'ALTER', 'ANALYZE', 'COMMENT', 'COMMIT', 'CREATE', 'DELETE' ...
  --> models/bronze/powerpath_cyto_biopsy_bronze.sql:1:1 (target\.lsp\compiled\lab_dbt\models\bronze\powerpath_cyto_biopsy_bronze.sql:1:1)
20:11:27.961619 [info ]:  Succeeded [  0.01s] model lab_staging.powerpath_cyto_biopsy_bronze (table)
20:11:27.961630 [debug]: Finished analyzing [  0.00s] model lab_staging.powerpath_cyto_biopsy_bronze [success]
20:11:27.961645 [info ]: Finished analyzing [  0.00s] (1 nodes, 0 skipped, 0 errors)
20:11:27.967773 [info ]: Started scheduling
20:11:27.967860 [info ]: Finished scheduling [  0.00s]
20:11:27.969721 [info ]: Cached model count updated: 3 models (accurate)
20:11:29.525751 [info ]: Started loading project
20:11:29.527253 [info ]: Loading ~/.dbt/profiles.yml
20:11:29.577848 [info ]: Cached model count updated: 3 models (estimate)
20:11:29.577867 [info ]: Cached model count updated: 3 models (accurate)
20:11:29.577892 [info ]: Started scheduling
20:11:29.577951 [info ]: Finished scheduling [  0.00s]
20:11:29.577962 [debug]: Compilation - 3 nodes selected: {"model.lab_dbt.date_filter_bronze", "model.lab_dbt.powerpath_cyto_biopsy_bronze", "model.lab_dbt.powerpath_cyto_biopsy_silverv2"}
20:11:29.580063 [info ]: Started building task graph
20:11:29.580167 [info ]: Finished building task graph [  0.00s]
20:11:29.586295 [info ]: Started rendering (3 nodes)
20:11:29.586314 [info ]: Started model lab_staging.powerpath_cyto_biopsy_silverv2
20:11:29.586324 [debug]: Started rendering model lab_staging.powerpath_cyto_biopsy_silverv2
20:11:29.586347 [info ]: Started model lab_staging.powerpath_cyto_biopsy_bronze
20:11:29.586358 [debug]: Started rendering model lab_staging.powerpath_cyto_biopsy_bronze
20:11:29.586373 [info ]: Started model lab_staging.date_filter_bronze
20:11:29.586379 [debug]: Started rendering model lab_staging.date_filter_bronze
20:11:29.586448 [info ]: Finished loading project [  0.06s]
20:11:29.589328 [debug]: Compiled SQL for node model.lab_dbt.powerpath_cyto_biopsy_bronze at target\.lsp\compiled\lab_dbt\models\bronze\powerpath_cyto_biopsy_bronze.sql
20:11:29.589432 [debug]: Finished rendering [  0.00s] model lab_staging.powerpath_cyto_biopsy_bronze [success]
20:11:29.589483 [info ]: Started analyzing (3 nodes)
20:11:29.589500 [debug]: Started analyzing model lab_staging.powerpath_cyto_biopsy_bronze
20:11:29.589544 [debug]: Compiled SQL for node model.lab_dbt.powerpath_cyto_biopsy_silverv2 at target\.lsp\compiled\lab_dbt\models\silver\powerpath_cyto_biopsy_silverv2.sql
20:11:29.589595 [debug]: Finished rendering [  0.00s] model lab_staging.powerpath_cyto_biopsy_silverv2 [success]
20:11:29.589628 [debug]: Compiled SQL for node model.lab_dbt.date_filter_bronze at target\.lsp\compiled\lab_dbt\models\bronze\date_filter_bronze.sql
20:11:29.589623 [debug]: Started analyzing model lab_staging.powerpath_cyto_biopsy_silverv2
20:11:29.589674 [debug]: Finished rendering [  0.00s] model lab_staging.date_filter_bronze [success]
20:11:29.589689 [info ]: Finished rendering [  0.00s] (3 nodes, 0 skipped, 0 errors)
20:11:29.589707 [debug]: Started analyzing model lab_staging.date_filter_bronze
20:11:29.590130 [warn ]: [SyntaxInvalid (dbt0101)]: mismatched input 'with_setting' expecting one of <EOF>, 'ALTER', 'ANALYZE', 'COMMENT', 'COMMIT', 'CREATE', 'DELETE' ...
  --> models/bronze/powerpath_cyto_biopsy_bronze.sql:1:1 (target\.lsp\compiled\lab_dbt\models\bronze\powerpath_cyto_biopsy_bronze.sql:1:1)
20:11:29.590200 [info ]:  Succeeded [  0.00s] model lab_staging.powerpath_cyto_biopsy_bronze (table)
20:11:29.590218 [debug]: Finished analyzing [  0.00s] model lab_staging.powerpath_cyto_biopsy_bronze [success]
20:11:29.590665 [debug]: Finished analyzing [  0.00s] model lab_staging.date_filter_bronze [success]
20:11:29.590701 [info ]:  Succeeded [  0.00s] model lab_staging.date_filter_bronze (table)
20:11:29.592689 [debug]: Finished analyzing [  0.00s] model lab_staging.powerpath_cyto_biopsy_silverv2 [success]
20:11:29.592711 [info ]: Finished analyzing [  0.00s] (3 nodes, 0 skipped, 0 errors)
20:11:29.592730 [info ]:  Succeeded [  0.01s] model lab_staging.powerpath_cyto_biopsy_silverv2 (table)
20:11:29.596709 [info ]: Started scheduling
20:11:29.596751 [info ]: Finished scheduling [  0.00s]
20:11:29.597445 [info ]: Cached model count updated: 3 models (accurate)
20:11:48.383425 [info ]: Started loading project
20:11:48.384409 [info ]: Loading ~/.dbt/profiles.yml
20:11:48.400131 [info ]: Started parsing
20:11:48.525925 [info ]: Finished loading project [  0.14s]
20:11:48.528767 [debug]: Finished parsing models/bronze/powerpath_cyto_biopsy_bronze.sql [  0.00s]
20:11:48.531897 [warn ]: [UnusedResourceConfigPath (dbt1097)]: Configuration paths exist in your dbt_project.yml file which do not apply to any resources.
There are 1 unused configuration paths:
- models.lab_dbt.gold
20:11:48.536292 [info ]: Cached model count updated: 3 models (estimate)
20:11:48.536317 [info ]: Cached model count updated: 3 models (accurate)
20:11:48.536351 [info ]: Started scheduling
20:11:48.536462 [info ]: Finished scheduling [  0.00s]
20:11:48.536484 [debug]: Compilation - 1 nodes selected: {"model.lab_dbt.powerpath_cyto_biopsy_bronze"}
20:11:48.540202 [info ]: Started building task graph
20:11:48.540246 [info ]: Finished building task graph [  0.00s]
20:11:48.545475 [info ]: Started rendering (1 nodes)
20:11:48.545500 [info ]: Started model lab_staging.powerpath_cyto_biopsy_bronze
20:11:48.545515 [debug]: Started rendering model lab_staging.powerpath_cyto_biopsy_bronze
20:11:48.545572 [info ]: Finished parsing [  0.15s]
20:11:48.550490 [debug]: Compiled SQL for node model.lab_dbt.powerpath_cyto_biopsy_bronze at target\.lsp\compiled\lab_dbt\models\bronze\powerpath_cyto_biopsy_bronze.sql
20:11:48.550628 [debug]: Finished rendering [  0.01s] model lab_staging.powerpath_cyto_biopsy_bronze [success]
20:11:48.550653 [info ]: Finished rendering [  0.01s] (1 nodes, 0 skipped, 0 errors)
20:11:48.550677 [info ]: Started analyzing (1 nodes)
20:11:48.550687 [debug]: Started analyzing model lab_staging.powerpath_cyto_biopsy_bronze
20:11:48.551175 [warn ]: [SyntaxInvalid (dbt0101)]: mismatched input 'with_setting' expecting one of <EOF>, 'ALTER', 'ANALYZE', 'COMMENT', 'COMMIT', 'CREATE', 'DELETE' ...
  --> models/bronze/powerpath_cyto_biopsy_bronze.sql:4:1 (target\.lsp\compiled\lab_dbt\models\bronze\powerpath_cyto_biopsy_bronze.sql:4:1)
20:11:48.551233 [info ]:  Succeeded [  0.01s] model lab_staging.powerpath_cyto_biopsy_bronze (table)
20:11:48.551290 [debug]: Finished analyzing [  0.00s] model lab_staging.powerpath_cyto_biopsy_bronze [success]
20:11:48.551303 [info ]: Finished analyzing [  0.00s] (1 nodes, 0 skipped, 0 errors)
20:11:48.555717 [info ]: Started scheduling
20:11:48.555796 [info ]: Finished scheduling [  0.00s]
20:11:48.557207 [info ]: Cached model count updated: 3 models (accurate)
20:11:50.109235 [info ]: Started loading project
20:11:50.110405 [info ]: Loading ~/.dbt/profiles.yml
20:11:50.165206 [info ]: Cached model count updated: 3 models (estimate)
20:11:50.165229 [info ]: Cached model count updated: 3 models (accurate)
20:11:50.165256 [info ]: Started scheduling
20:11:50.165320 [info ]: Finished scheduling [  0.00s]
20:11:50.165336 [debug]: Compilation - 3 nodes selected: {"model.lab_dbt.date_filter_bronze", "model.lab_dbt.powerpath_cyto_biopsy_bronze", "model.lab_dbt.powerpath_cyto_biopsy_silverv2"}
20:11:50.167834 [info ]: Started building task graph
20:11:50.167904 [info ]: Finished building task graph [  0.00s]
20:11:50.174088 [info ]: Started rendering (3 nodes)
20:11:50.174142 [info ]: Started model lab_staging.powerpath_cyto_biopsy_silverv2
20:11:50.174160 [debug]: Started rendering model lab_staging.powerpath_cyto_biopsy_silverv2
20:11:50.174193 [info ]: Started model lab_staging.powerpath_cyto_biopsy_bronze
20:11:50.174206 [debug]: Started rendering model lab_staging.powerpath_cyto_biopsy_bronze
20:11:50.174217 [info ]: Finished loading project [  0.06s]
20:11:50.174226 [info ]: Started model lab_staging.date_filter_bronze
20:11:50.174237 [debug]: Started rendering model lab_staging.date_filter_bronze
20:11:50.183904 [debug]: Compiled SQL for node model.lab_dbt.powerpath_cyto_biopsy_silverv2 at target\.lsp\compiled\lab_dbt\models\silver\powerpath_cyto_biopsy_silverv2.sql
20:11:50.183953 [debug]: Compiled SQL for node model.lab_dbt.date_filter_bronze at target\.lsp\compiled\lab_dbt\models\bronze\date_filter_bronze.sql
20:11:50.183997 [debug]: Finished rendering [  0.01s] model lab_staging.powerpath_cyto_biopsy_silverv2 [success]
20:11:50.184040 [info ]: Started analyzing (3 nodes)
20:11:50.184054 [debug]: Started analyzing model lab_staging.powerpath_cyto_biopsy_silverv2
20:11:50.184093 [debug]: Finished rendering [  0.01s] model lab_staging.date_filter_bronze [success]
20:11:50.184120 [debug]: Started analyzing model lab_staging.date_filter_bronze
20:11:50.185608 [debug]: Finished analyzing [  0.00s] model lab_staging.date_filter_bronze [success]
20:11:50.185642 [info ]:  Succeeded [  0.01s] model lab_staging.date_filter_bronze (table)
20:11:50.186787 [debug]: Compiled SQL for node model.lab_dbt.powerpath_cyto_biopsy_bronze at target\.lsp\compiled\lab_dbt\models\bronze\powerpath_cyto_biopsy_bronze.sql
20:11:50.187262 [debug]: Finished rendering [  0.01s] model lab_staging.powerpath_cyto_biopsy_bronze [success]
20:11:50.187291 [info ]: Finished rendering [  0.01s] (3 nodes, 0 skipped, 0 errors)
20:11:50.187315 [debug]: Started analyzing model lab_staging.powerpath_cyto_biopsy_bronze
20:11:50.188124 [warn ]: [SyntaxInvalid (dbt0101)]: mismatched input 'with_setting' expecting one of <EOF>, 'ALTER', 'ANALYZE', 'COMMENT', 'COMMIT', 'CREATE', 'DELETE' ...
  --> models/bronze/powerpath_cyto_biopsy_bronze.sql:4:1 (target\.lsp\compiled\lab_dbt\models\bronze\powerpath_cyto_biopsy_bronze.sql:4:1)
20:11:50.188226 [info ]:  Succeeded [  0.01s] model lab_staging.powerpath_cyto_biopsy_bronze (table)
20:11:50.188249 [debug]: Finished analyzing [  0.00s] model lab_staging.powerpath_cyto_biopsy_bronze [success]
20:11:50.188291 [debug]: Finished analyzing [  0.00s] model lab_staging.powerpath_cyto_biopsy_silverv2 [success]
20:11:50.188304 [info ]: Finished analyzing [  0.00s] (3 nodes, 0 skipped, 0 errors)
20:11:50.188314 [info ]:  Succeeded [  0.01s] model lab_staging.powerpath_cyto_biopsy_silverv2 (table)
20:11:50.193688 [info ]: Started scheduling
20:11:50.193732 [info ]: Finished scheduling [  0.00s]
20:11:50.194460 [info ]: Cached model count updated: 3 models (accurate)
20:14:44.801176 [info ]: Started loading project
20:14:44.802409 [info ]: Loading ~/.dbt/profiles.yml
20:14:44.854574 [info ]: Finished loading project [  0.05s]
20:14:44.855942 [info ]: Cached model count updated: 3 models (accurate)
20:14:49.497201 [debug]: Query executed on node unknown:
select * from (
with raw as (
    select *
    from `opsanalytics_adb_workspace01`.`lab`.`powerpath_raw`
    where spec_group in ('CYTO NONGYN', 'CYTO GYN', 'BREAST')
      and spec_sort_order = 'A'
),

cleaned as (
    select
        replace(Case_no, '*failed to decode utf16*', '')   as Case_no,
        case
            when Facility = 'KH'   then 'MSB'
            when Facility = 'R'    then 'MSW'
            when Facility = 'STL'  then 'MSM'
            when Facility = 'SNCH' then 'MSSN'
            when Facility = 'MSS'  then 'MSH'
            when Facility = 'SL'   then 'MSM'
            when Facility = 'PACC' then 'MSUS'
            else Facility
        end                                                 as Facility,
        case
            when Spec_code = 'BREA1' and spec_group = 'BREAST' then 'Breast Biopsy'
            when spec_group = 'CYTO NONGYN'                    then 'Cytology NONGYN'
            when spec_group = 'CYTO GYN'                       then 'Cytology GYN'
            else 'Breast Large/Resection'
        end                                                 as TEST_NAME,
        cast(Case_created_date as timestamp)                as Case_created_date,
        cast(Collection_Date   as timestamp)                as Collection_Date,
        cast(Received_Date     as timestamp)                as Received_Date,
        cast(signed_out_date   as timestamp)                as signed_out_date,
        Priority, Spec_code, Specimen_description, CPT_code, Rev_ctr,
        Encounter_no, MRN, Refmd_code, Refmd_name,
        spec_sort_order, spec_group, patient_type,
        _source_file, _ingested_at
    from raw
)
SELECT * FROM cleaned
) limit 1000
20:14:51.086418 [info ]: Started loading project
20:14:51.087505 [info ]: Loading ~/.dbt/profiles.yml
20:14:51.141242 [info ]: Cached model count updated: 3 models (estimate)
20:14:51.141262 [info ]: Cached model count updated: 3 models (accurate)
20:14:51.141289 [info ]: Started scheduling
20:14:51.141357 [info ]: Finished scheduling [  0.00s]
20:14:51.141373 [debug]: Compilation - 3 nodes selected: {"model.lab_dbt.date_filter_bronze", "model.lab_dbt.powerpath_cyto_biopsy_bronze", "model.lab_dbt.powerpath_cyto_biopsy_silverv2"}
20:14:51.143519 [info ]: Started building task graph
20:14:51.143568 [info ]: Finished building task graph [  0.00s]
20:14:51.149776 [info ]: Started rendering (3 nodes)
20:14:51.149811 [info ]: Started model lab_staging.powerpath_cyto_biopsy_silverv2
20:14:51.149824 [debug]: Started rendering model lab_staging.powerpath_cyto_biopsy_silverv2
20:14:51.149851 [info ]: Started model lab_staging.powerpath_cyto_biopsy_bronze
20:14:51.149863 [debug]: Started rendering model lab_staging.powerpath_cyto_biopsy_bronze
20:14:51.149875 [info ]: Started model lab_staging.date_filter_bronze
20:14:51.149883 [debug]: Started rendering model lab_staging.date_filter_bronze
20:14:51.149890 [info ]: Finished loading project [  0.06s]
20:14:51.152041 [debug]: Compiled SQL for node model.lab_dbt.powerpath_cyto_biopsy_silverv2 at target\.lsp\compiled\lab_dbt\models\silver\powerpath_cyto_biopsy_silverv2.sql
20:14:51.152136 [debug]: Finished rendering [  0.00s] model lab_staging.powerpath_cyto_biopsy_silverv2 [success]
20:14:51.152177 [info ]: Started analyzing (3 nodes)
20:14:51.152188 [debug]: Started analyzing model lab_staging.powerpath_cyto_biopsy_silverv2
20:14:51.152274 [debug]: Compiled SQL for node model.lab_dbt.date_filter_bronze at target\.lsp\compiled\lab_dbt\models\bronze\date_filter_bronze.sql
20:14:51.152330 [debug]: Finished rendering [  0.00s] model lab_staging.date_filter_bronze [success]
20:14:51.152363 [debug]: Started analyzing model lab_staging.date_filter_bronze
20:14:51.153600 [debug]: Compiled SQL for node model.lab_dbt.powerpath_cyto_biopsy_bronze at target\.lsp\compiled\lab_dbt\models\bronze\powerpath_cyto_biopsy_bronze.sql
20:14:51.153686 [debug]: Finished rendering [  0.00s] model lab_staging.powerpath_cyto_biopsy_bronze [success]
20:14:51.153711 [info ]: Finished rendering [  0.00s] (3 nodes, 0 skipped, 0 errors)
20:14:51.153737 [debug]: Started analyzing model lab_staging.powerpath_cyto_biopsy_bronze
20:14:51.153793 [debug]: Finished analyzing [  0.00s] model lab_staging.date_filter_bronze [success]
20:14:51.153815 [info ]:  Succeeded [  0.00s] model lab_staging.date_filter_bronze (table)
20:14:51.154502 [warn ]: [SyntaxInvalid (dbt0101)]: mismatched input 'with_setting' expecting one of <EOF>, 'ALTER', 'ANALYZE', 'COMMENT', 'COMMIT', 'CREATE', 'DELETE' ...
  --> models/bronze/powerpath_cyto_biopsy_bronze.sql:4:1 (target\.lsp\compiled\lab_dbt\models\bronze\powerpath_cyto_biopsy_bronze.sql:4:1)
20:14:51.154589 [info ]:  Succeeded [  0.00s] model lab_staging.powerpath_cyto_biopsy_bronze (table)
20:14:51.154603 [debug]: Finished analyzing [  0.00s] model lab_staging.powerpath_cyto_biopsy_bronze [success]
20:14:51.155985 [debug]: Finished analyzing [  0.00s] model lab_staging.powerpath_cyto_biopsy_silverv2 [success]
20:14:51.156021 [info ]: Finished analyzing [  0.00s] (3 nodes, 0 skipped, 0 errors)
20:14:51.156039 [info ]:  Succeeded [  0.01s] model lab_staging.powerpath_cyto_biopsy_silverv2 (table)
20:14:51.160244 [info ]: Started scheduling
20:14:51.160289 [info ]: Finished scheduling [  0.00s]
20:14:51.160987 [info ]: Cached model count updated: 3 models (accurate)
20:15:37.959092 [info ]: Started loading project
20:15:37.960027 [info ]: Loading ~/.dbt/profiles.yml
20:15:37.977736 [info ]: Started parsing
20:15:38.116811 [info ]: Finished loading project [  0.16s]
20:15:38.119878 [debug]: Finished parsing models/silver/powerpath_cyto_biopsy_silverv2.sql [  0.00s]
20:15:38.122602 [error]: [DependencyNotFound (dbt1048)]: Source 'lab_staging.powerpath_cyto_biopsy_bronze' not found in project. Searched for 'powerpath_cyto_biopsy_bronze'
  --> models/silver/powerpath_cyto_biopsy_silverv2.sql:5:10
20:15:38.123364 [warn ]: [UnusedResourceConfigPath (dbt1097)]: Configuration paths exist in your dbt_project.yml file which do not apply to any resources.
There are 1 unused configuration paths:
- models.lab_dbt.gold
20:15:38.128124 [info ]: Cached model count updated: 3 models (estimate)
20:15:38.128179 [info ]: Cached model count updated: 3 models (accurate)
20:15:38.128239 [info ]: Started scheduling
20:15:38.128349 [info ]: Finished scheduling [  0.00s]
20:15:38.128370 [debug]: Compilation - 2 nodes selected: {"model.lab_dbt.date_filter_bronze", "model.lab_dbt.powerpath_cyto_biopsy_silverv2"}
20:15:38.130515 [info ]: Started building task graph
20:15:38.130556 [info ]: Finished building task graph [  0.00s]
20:15:38.135757 [info ]: Started rendering (2 nodes)
20:15:38.135783 [info ]: Started model lab_staging.powerpath_cyto_biopsy_silverv2
20:15:38.135793 [debug]: Started rendering model lab_staging.powerpath_cyto_biopsy_silverv2
20:15:38.135820 [info ]: Started model lab_staging.date_filter_bronze
20:15:38.135838 [debug]: Started rendering model lab_staging.date_filter_bronze
20:15:38.135884 [info ]: Finished parsing [  0.16s]
20:15:38.136926 [error]: [JinjaError (dbt1501)]: Failed to render SQL not a key type: Source not found for source name: lab_staging, table name: powerpath_cyto_biopsy_bronze
(in models/silver/powerpath_cyto_biopsy_silverv2.sql:5:10)
  --> models/silver/powerpath_cyto_biopsy_silverv2.sql:5:10
20:15:38.136992 [info ]: Started analyzing (2 nodes)
20:15:38.137007 [debug]: Started analyzing model lab_staging.powerpath_cyto_biopsy_silverv2
20:15:38.137039 [debug]: Finished analyzing [  0.00s] model lab_staging.powerpath_cyto_biopsy_silverv2 [skipped]
20:15:38.137062 [info ]:     Failed [  0.00s] model lab_staging.powerpath_cyto_biopsy_silverv2 (table)
20:15:38.137126 [debug]: Finished rendering [  0.00s] model lab_staging.powerpath_cyto_biopsy_silverv2 [error]
20:15:38.137860 [debug]: Compiled SQL for node model.lab_dbt.date_filter_bronze at target\.lsp\compiled\lab_dbt\models\bronze\date_filter_bronze.sql
20:15:38.137938 [debug]: Finished rendering [  0.00s] model lab_staging.date_filter_bronze [success]
20:15:38.137958 [info ]: Finished rendering [  0.00s] (2 nodes, 0 skipped, 1 errors)
20:15:38.137982 [debug]: Started analyzing model lab_staging.date_filter_bronze
20:15:38.139372 [debug]: Finished analyzing [  0.00s] model lab_staging.date_filter_bronze [success]
20:15:38.139391 [info ]: Finished analyzing [  0.00s] (2 nodes, 1 skipped, 0 errors)
20:15:38.139402 [info ]:  Succeeded [  0.00s] model lab_staging.date_filter_bronze (table)
20:15:38.143386 [info ]: Started scheduling
20:15:38.143498 [info ]: Finished scheduling [  0.00s]
20:15:38.145430 [info ]: Cached model count updated: 3 models (accurate)
20:15:39.708974 [info ]: Started loading project
20:15:39.712472 [info ]: Loading ~/.dbt/profiles.yml
20:15:39.817526 [info ]: Cached model count updated: 3 models (estimate)
20:15:39.817545 [info ]: Cached model count updated: 3 models (accurate)
20:15:39.817572 [info ]: Started scheduling
20:15:39.817634 [info ]: Finished scheduling [  0.00s]
20:15:39.817648 [debug]: Compilation - 3 nodes selected: {"model.lab_dbt.date_filter_bronze", "model.lab_dbt.powerpath_cyto_biopsy_bronze", "model.lab_dbt.powerpath_cyto_biopsy_silverv2"}
20:15:39.819672 [info ]: Started building task graph
20:15:39.819725 [info ]: Finished building task graph [  0.00s]
20:15:39.825657 [info ]: Started rendering (3 nodes)
20:15:39.825683 [info ]: Started model lab_staging.powerpath_cyto_biopsy_silverv2
20:15:39.825696 [debug]: Started rendering model lab_staging.powerpath_cyto_biopsy_silverv2
20:15:39.825720 [info ]: Started model lab_staging.powerpath_cyto_biopsy_bronze
20:15:39.825736 [debug]: Started rendering model lab_staging.powerpath_cyto_biopsy_bronze
20:15:39.825741 [info ]: Finished loading project [  0.12s]
20:15:39.825753 [info ]: Started model lab_staging.date_filter_bronze
20:15:39.825766 [debug]: Started rendering model lab_staging.date_filter_bronze
20:15:39.826854 [error]: [JinjaError (dbt1501)]: Failed to render SQL not a key type: Source not found for source name: lab_staging, table name: powerpath_cyto_biopsy_bronze
(in models/silver/powerpath_cyto_biopsy_silverv2.sql:5:10)
  --> models/silver/powerpath_cyto_biopsy_silverv2.sql:5:10
20:15:39.826903 [info ]: Started analyzing (3 nodes)
20:15:39.826916 [debug]: Started analyzing model lab_staging.powerpath_cyto_biopsy_silverv2
20:15:39.826938 [debug]: Finished analyzing [  0.00s] model lab_staging.powerpath_cyto_biopsy_silverv2 [skipped]
20:15:39.827121 [info ]:     Failed [  0.00s] model lab_staging.powerpath_cyto_biopsy_silverv2 (table)
20:15:39.827189 [debug]: Finished rendering [  0.00s] model lab_staging.powerpath_cyto_biopsy_silverv2 [error]
20:15:39.828077 [debug]: Compiled SQL for node model.lab_dbt.powerpath_cyto_biopsy_bronze at target\.lsp\compiled\lab_dbt\models\bronze\powerpath_cyto_biopsy_bronze.sql
20:15:39.828109 [debug]: Compiled SQL for node model.lab_dbt.date_filter_bronze at target\.lsp\compiled\lab_dbt\models\bronze\date_filter_bronze.sql
20:15:39.828154 [debug]: Finished rendering [  0.00s] model lab_staging.powerpath_cyto_biopsy_bronze [success]
20:15:39.828195 [debug]: Started analyzing model lab_staging.powerpath_cyto_biopsy_bronze
20:15:39.828231 [debug]: Finished rendering [  0.00s] model lab_staging.date_filter_bronze [success]
20:15:39.828247 [info ]: Finished rendering [  0.00s] (3 nodes, 0 skipped, 1 errors)
20:15:39.828261 [debug]: Started analyzing model lab_staging.date_filter_bronze
20:15:39.828942 [warn ]: [SyntaxInvalid (dbt0101)]: mismatched input 'with_setting' expecting one of <EOF>, 'ALTER', 'ANALYZE', 'COMMENT', 'COMMIT', 'CREATE', 'DELETE' ...
  --> models/bronze/powerpath_cyto_biopsy_bronze.sql:4:1 (target\.lsp\compiled\lab_dbt\models\bronze\powerpath_cyto_biopsy_bronze.sql:4:1)
20:15:39.829033 [info ]:  Succeeded [  0.00s] model lab_staging.powerpath_cyto_biopsy_bronze (table)
20:15:39.829042 [debug]: Finished analyzing [  0.00s] model lab_staging.powerpath_cyto_biopsy_bronze [success]
20:15:39.829523 [debug]: Finished analyzing [  0.00s] model lab_staging.date_filter_bronze [success]
20:15:39.829541 [info ]: Finished analyzing [  0.00s] (3 nodes, 1 skipped, 0 errors)
20:15:39.829550 [info ]:  Succeeded [  0.00s] model lab_staging.date_filter_bronze (table)
20:15:39.833656 [info ]: Started scheduling
20:15:39.833701 [info ]: Finished scheduling [  0.00s]
20:15:39.834520 [info ]: Cached model count updated: 3 models (accurate)
20:18:08.358567 [info ]: Started loading project
20:18:08.359659 [info ]: Loading ~/.dbt/profiles.yml
20:18:08.381029 [info ]: Started parsing
20:18:08.537591 [info ]: Finished loading project [  0.18s]
20:18:08.540609 [error]: [DuplicateConfigKey (dbt1059)]: Duplicate key `schema`. This key overwrites a previous definition of the same key at line 6 column 5. YAML path: `sources[0].schema`.
  --> models\sources.yml:14:5
20:18:08.541593 [error]: [DuplicateConfigKey (dbt1059)]: Duplicate key `tables`. This key overwrites a previous definition of the same key at line 7 column 5. YAML path: `sources[0].tables`.
  --> models\sources.yml:15:5
20:18:08.542592 [debug]: Finished parsing models/sources.yml [  0.00s]
20:18:08.543948 [debug]: Finished parsing models/bronze/date_filter_bronze.sql [  0.00s]
20:18:08.545027 [debug]: Finished parsing models/bronze/powerpath_cyto_biopsy_bronze.sql [  0.00s]
20:18:08.546129 [debug]: Finished parsing models/silver/powerpath_cyto_biopsy_silverv2.sql [  0.00s]
20:18:08.550370 [error]: [DependencyNotFound (dbt1048)]: Source 'lab.mshs_holidays' not found in project. Searched for 'mshs_holidays'
  --> models/bronze/date_filter_bronze.sql:20:15
20:18:08.550410 [error]: [DependencyNotFound (dbt1048)]: Source 'lab.powerpath_raw' not found in project. Searched for 'powerpath_raw'
  --> models/bronze/powerpath_cyto_biopsy_bronze.sql:12:15
20:18:08.550430 [error]: [DependencyNotFound (dbt1048)]: Source 'lab.lab_kpi_ap_patient_setting' not found in project. Searched for 'lab_kpi_ap_patient_setting'
  --> models/bronze/powerpath_cyto_biopsy_bronze.sql:13:15
20:18:08.550455 [error]: [DependencyNotFound (dbt1048)]: Source 'lab_staging.powerpath_cyto_biopsy_bronze' not found in project. Searched for 'powerpath_cyto_biopsy_bronze'
  --> models/silver/powerpath_cyto_biopsy_silverv2.sql:5:10
20:18:08.550476 [error]: [DependencyNotFound (dbt1048)]: Source 'lab.lab_kpi_ap_patient_setting' not found in project. Searched for 'lab_kpi_ap_patient_setting'
  --> models/silver/powerpath_cyto_biopsy_silverv2.sql:49:15
20:18:08.551095 [warn ]: [UnusedResourceConfigPath (dbt1097)]: Configuration paths exist in your dbt_project.yml file which do not apply to any resources.
There are 1 unused configuration paths:
- models.lab_dbt.gold
20:18:08.556095 [info ]: Cached model count updated: 3 models (estimate)
20:18:08.556112 [info ]: Cached model count updated: 3 models (accurate)
20:18:08.556147 [info ]: Started scheduling
20:18:08.556239 [info ]: Finished scheduling [  0.00s]
20:18:08.556256 [debug]: Compilation - 3 nodes selected: {"model.lab_dbt.date_filter_bronze", "model.lab_dbt.powerpath_cyto_biopsy_bronze", "model.lab_dbt.powerpath_cyto_biopsy_silverv2"}
20:18:08.558704 [info ]: Started building task graph
20:18:08.558761 [info ]: Finished building task graph [  0.00s]
20:18:08.566609 [info ]: Started rendering (3 nodes)
20:18:08.566651 [info ]: Started model lab_staging.powerpath_cyto_biopsy_silverv2
20:18:08.566683 [debug]: Started rendering model lab_staging.powerpath_cyto_biopsy_silverv2
20:18:08.566717 [info ]: Started model lab_staging.powerpath_cyto_biopsy_bronze
20:18:08.566738 [debug]: Started rendering model lab_staging.powerpath_cyto_biopsy_bronze
20:18:08.566757 [info ]: Started model lab_staging.date_filter_bronze
20:18:08.566770 [debug]: Started rendering model lab_staging.date_filter_bronze
20:18:08.566789 [info ]: Finished parsing [  0.19s]
20:18:08.567908 [error]: [JinjaError (dbt1501)]: Failed to render SQL not a key type: Source not found for source name: lab_staging, table name: powerpath_cyto_biopsy_bronze
(in models/silver/powerpath_cyto_biopsy_silverv2.sql:5:10)
  --> models/silver/powerpath_cyto_biopsy_silverv2.sql:5:10
20:18:08.567978 [info ]: Started analyzing (3 nodes)
20:18:08.567991 [debug]: Started analyzing model lab_staging.powerpath_cyto_biopsy_silverv2
20:18:08.568018 [debug]: Finished analyzing [  0.00s] model lab_staging.powerpath_cyto_biopsy_silverv2 [skipped]
20:18:08.568050 [info ]:     Failed [  0.00s] model lab_staging.powerpath_cyto_biopsy_silverv2 (table)
20:18:08.568094 [error]: [JinjaError (dbt1501)]: Failed to render SQL not a key type: Source not found for source name: lab, table name: powerpath_raw
(in models/bronze/powerpath_cyto_biopsy_bronze.sql:12:15)
  --> models/bronze/powerpath_cyto_biopsy_bronze.sql:12:15
20:18:08.568123 [debug]: Started analyzing model lab_staging.powerpath_cyto_biopsy_bronze
20:18:08.568132 [debug]: Finished rendering [  0.00s] model lab_staging.powerpath_cyto_biopsy_silverv2 [error]
20:18:08.568141 [debug]: Finished analyzing [  0.00s] model lab_staging.powerpath_cyto_biopsy_bronze [skipped]
20:18:08.568153 [info ]:     Failed [  0.00s] model lab_staging.powerpath_cyto_biopsy_bronze (table)
20:18:08.568178 [error]: [JinjaError (dbt1501)]: Failed to render SQL not a key type: Source not found for source name: lab, table name: mshs_holidays
(in models/bronze/date_filter_bronze.sql:20:15)
  --> models/bronze/date_filter_bronze.sql:20:15
20:18:08.568202 [debug]: Started analyzing model lab_staging.date_filter_bronze
20:18:08.568221 [debug]: Finished analyzing [  0.00s] model lab_staging.date_filter_bronze [skipped]
20:18:08.568228 [info ]: Finished analyzing [  0.00s] (3 nodes, 3 skipped, 0 errors)
20:18:08.568221 [debug]: Finished rendering [  0.00s] model lab_staging.powerpath_cyto_biopsy_bronze [error]
20:18:08.568233 [info ]:     Failed [  0.00s] model lab_staging.date_filter_bronze (table)
20:18:08.573856 [info ]: Started scheduling
20:18:08.573905 [info ]: Finished scheduling [  0.00s]
20:18:08.575421 [info ]: Cached model count updated: 3 models (accurate)
20:18:08.575454 [debug]: Finished rendering [  0.01s] model lab_staging.date_filter_bronze [error]
20:18:08.575470 [info ]: Finished rendering [  0.01s] (3 nodes, 0 skipped, 3 errors)
20:18:08.673481 [info ]: Started loading project
20:18:08.674570 [info ]: Loading ~/.dbt/profiles.yml
20:18:08.718559 [info ]: Cached model count updated: 3 models (estimate)
20:18:08.718578 [info ]: Cached model count updated: 3 models (accurate)
20:18:08.718600 [info ]: Started scheduling
20:18:08.718636 [info ]: Finished scheduling [  0.00s]
20:18:08.718648 [debug]: Compilation - 0 nodes selected: {}
20:18:08.718670 [warn ]: [NoNodesForSelectionCriteria (dbt1092)]: The selection criterion '+source:lab_dbt.lab.powerpath_cyto_biopsy_bronze' does not match any enabled nodes
20:18:08.718679 [warn ]: [NoNodesSelected (dbt1601)]: Nothing to do. Try checking your model configs and model specification args
20:18:08.721084 [info ]: Started building task graph
20:18:08.721177 [info ]: Finished building task graph [  0.00s]
20:18:08.733481 [info ]: Started scheduling
20:18:08.733549 [info ]: Finished scheduling [  0.00s]
20:18:08.734508 [info ]: Cached model count updated: 3 models (accurate)
20:18:08.737573 [info ]: Finished loading project [  0.06s]
20:18:08.918507 [info ]: Started loading project
20:18:08.919351 [info ]: Loading ~/.dbt/profiles.yml
20:18:08.960960 [info ]: Cached model count updated: 3 models (estimate)
20:18:08.960981 [info ]: Cached model count updated: 3 models (accurate)
20:18:08.961006 [info ]: Started scheduling
20:18:08.961059 [info ]: Finished scheduling [  0.00s]
20:18:08.961073 [debug]: Compilation - 0 nodes selected: {}
20:18:08.961091 [warn ]: [NoNodesForSelectionCriteria (dbt1092)]: The selection criterion '+source:lab_dbt.lab.powerpath_cyto_biopsy_bronze' does not match any enabled nodes
20:18:08.961101 [warn ]: [NoNodesSelected (dbt1601)]: Nothing to do. Try checking your model configs and model specification args
20:18:08.963415 [info ]: Started building task graph
20:18:08.963441 [info ]: Finished building task graph [  0.00s]
20:18:08.974623 [info ]: Started scheduling
20:18:08.974666 [info ]: Finished scheduling [  0.00s]
20:18:08.974790 [info ]: Finished loading project [  0.06s]
20:18:08.975548 [info ]: Cached model count updated: 3 models (accurate)
20:18:10.525581 [info ]: Started loading project
20:18:10.526509 [info ]: Loading ~/.dbt/profiles.yml
20:18:10.573381 [info ]: Cached model count updated: 3 models (estimate)
20:18:10.573398 [info ]: Cached model count updated: 3 models (accurate)
20:18:10.573421 [info ]: Started scheduling
20:18:10.573467 [info ]: Finished scheduling [  0.00s]
20:18:10.573479 [debug]: Compilation - 3 nodes selected: {"model.lab_dbt.date_filter_bronze", "model.lab_dbt.powerpath_cyto_biopsy_bronze", "model.lab_dbt.powerpath_cyto_biopsy_silverv2"}
20:18:10.575681 [info ]: Started building task graph
20:18:10.575727 [info ]: Finished building task graph [  0.00s]
20:18:10.580943 [info ]: Started rendering (3 nodes)
20:18:10.580971 [info ]: Started model lab_staging.powerpath_cyto_biopsy_silverv2
20:18:10.580989 [debug]: Started rendering model lab_staging.powerpath_cyto_biopsy_silverv2
20:18:10.581013 [info ]: Started model lab_staging.powerpath_cyto_biopsy_bronze
20:18:10.581023 [debug]: Started rendering model lab_staging.powerpath_cyto_biopsy_bronze
20:18:10.581035 [info ]: Started model lab_staging.date_filter_bronze
20:18:10.581043 [debug]: Started rendering model lab_staging.date_filter_bronze
20:18:10.581078 [info ]: Finished loading project [  0.06s]
20:18:10.582196 [error]: [JinjaError (dbt1501)]: Failed to render SQL not a key type: Source not found for source name: lab, table name: mshs_holidays
(in models/bronze/date_filter_bronze.sql:20:15)
  --> models/bronze/date_filter_bronze.sql:20:15
20:18:10.582242 [info ]: Started analyzing (3 nodes)
20:18:10.582251 [debug]: Started analyzing model lab_staging.date_filter_bronze
20:18:10.582268 [debug]: Finished analyzing [  0.00s] model lab_staging.date_filter_bronze [skipped]
20:18:10.582284 [info ]:     Failed [  0.00s] model lab_staging.date_filter_bronze (table)
20:18:10.582314 [error]: [JinjaError (dbt1501)]: Failed to render SQL not a key type: Source not found for source name: lab, table name: powerpath_raw
(in models/bronze/powerpath_cyto_biopsy_bronze.sql:12:15)
  --> models/bronze/powerpath_cyto_biopsy_bronze.sql:12:15
20:18:10.582333 [debug]: Started analyzing model lab_staging.powerpath_cyto_biopsy_bronze
20:18:10.582356 [debug]: Finished analyzing [  0.00s] model lab_staging.powerpath_cyto_biopsy_bronze [skipped]
20:18:10.582359 [debug]: Finished rendering [  0.00s] model lab_staging.date_filter_bronze [error]
20:18:10.582364 [info ]:     Failed [  0.00s] model lab_staging.powerpath_cyto_biopsy_bronze (table)
20:18:10.582390 [error]: [JinjaError (dbt1501)]: Failed to render SQL not a key type: Source not found for source name: lab_staging, table name: powerpath_cyto_biopsy_bronze
(in models/silver/powerpath_cyto_biopsy_silverv2.sql:5:10)
  --> models/silver/powerpath_cyto_biopsy_silverv2.sql:5:10
20:18:10.582411 [debug]: Started analyzing model lab_staging.powerpath_cyto_biopsy_silverv2
20:18:10.582424 [debug]: Finished analyzing [  0.00s] model lab_staging.powerpath_cyto_biopsy_silverv2 [skipped]
20:18:10.582430 [info ]: Finished analyzing [  0.00s] (3 nodes, 3 skipped, 0 errors)
20:18:10.582436 [info ]:     Failed [  0.00s] model lab_staging.powerpath_cyto_biopsy_silverv2 (table)
20:18:10.582432 [debug]: Finished rendering [  0.00s] model lab_staging.powerpath_cyto_biopsy_bronze [error]
20:18:10.587107 [info ]: Started scheduling
20:18:10.587150 [info ]: Finished scheduling [  0.00s]
20:18:10.587941 [info ]: Cached model count updated: 3 models (accurate)
20:18:10.587988 [debug]: Finished rendering [  0.01s] model lab_staging.powerpath_cyto_biopsy_silverv2 [error]
20:18:10.588008 [info ]: Finished rendering [  0.01s] (3 nodes, 0 skipped, 3 errors)
20:18:13.196508 [info ]: Started loading project
20:18:13.197380 [info ]: Loading ~/.dbt/profiles.yml
20:18:13.243312 [info ]: Cached model count updated: 3 models (estimate)
20:18:13.243334 [info ]: Cached model count updated: 3 models (accurate)
20:18:13.243357 [info ]: Started scheduling
20:18:13.243397 [info ]: Finished scheduling [  0.00s]
20:18:13.243410 [debug]: Compilation - 0 nodes selected: {}
20:18:13.243427 [warn ]: [NoNodesForSelectionCriteria (dbt1092)]: The selection criterion '+source:lab_dbt.lab.powerpath_cyto_biopsy_bronze' does not match any enabled nodes
20:18:13.243437 [warn ]: [NoNodesSelected (dbt1601)]: Nothing to do. Try checking your model configs and model specification args
20:18:13.245443 [info ]: Started building task graph
20:18:13.245466 [info ]: Finished building task graph [  0.00s]
20:18:13.255298 [info ]: Started scheduling
20:18:13.255351 [info ]: Finished scheduling [  0.00s]
20:18:13.255453 [info ]: Finished loading project [  0.06s]
20:18:13.256129 [info ]: Cached model count updated: 3 models (accurate)
20:18:13.691669 [info ]: Started loading project
20:18:13.692575 [info ]: Loading ~/.dbt/profiles.yml
20:18:13.739783 [info ]: Cached model count updated: 3 models (estimate)
20:18:13.739807 [info ]: Cached model count updated: 3 models (accurate)
20:18:13.739841 [info ]: Started scheduling
20:18:13.739896 [info ]: Finished scheduling [  0.00s]
20:18:13.739914 [debug]: Compilation - 0 nodes selected: {}
20:18:13.739940 [warn ]: [NoNodesForSelectionCriteria (dbt1092)]: The selection criterion '+source:lab_dbt.lab.powerpath_cyto_biopsy_bronze' does not match any enabled nodes
20:18:13.739954 [warn ]: [NoNodesSelected (dbt1601)]: Nothing to do. Try checking your model configs and model specification args
20:18:13.742307 [info ]: Started building task graph
20:18:13.742331 [info ]: Finished building task graph [  0.00s]
20:18:13.752351 [info ]: Started scheduling
20:18:13.752392 [info ]: Finished scheduling [  0.00s]
20:18:13.752465 [info ]: Finished loading project [  0.06s]
20:18:13.753048 [info ]: Cached model count updated: 3 models (accurate)
20:18:14.376763 [info ]: Started loading project
20:18:14.377643 [info ]: Loading ~/.dbt/profiles.yml
20:18:14.424039 [info ]: Cached model count updated: 3 models (estimate)
20:18:14.424059 [info ]: Cached model count updated: 3 models (accurate)
20:18:14.424081 [info ]: Started scheduling
20:18:14.424118 [info ]: Finished scheduling [  0.00s]
20:18:14.424130 [debug]: Compilation - 0 nodes selected: {}
20:18:14.424145 [warn ]: [NoNodesForSelectionCriteria (dbt1092)]: The selection criterion '+source:lab_dbt.lab.powerpath_cyto_biopsy_bronze' does not match any enabled nodes
20:18:14.424155 [warn ]: [NoNodesSelected (dbt1601)]: Nothing to do. Try checking your model configs and model specification args
20:18:14.426250 [info ]: Started building task graph
20:18:14.426275 [info ]: Finished building task graph [  0.00s]
20:18:14.436463 [info ]: Started scheduling
20:18:14.436504 [info ]: Finished scheduling [  0.00s]
20:18:14.436621 [info ]: Finished loading project [  0.06s]
20:18:14.437198 [info ]: Cached model count updated: 3 models (accurate)
20:18:14.670011 [info ]: Started loading project
20:18:14.670921 [info ]: Loading ~/.dbt/profiles.yml
20:18:14.713082 [info ]: Cached model count updated: 3 models (estimate)
20:18:14.713101 [info ]: Cached model count updated: 3 models (accurate)
20:18:14.713128 [info ]: Started scheduling
20:18:14.713186 [info ]: Finished scheduling [  0.00s]
20:18:14.713204 [debug]: Compilation - 0 nodes selected: {}
20:18:14.713225 [warn ]: [NoNodesForSelectionCriteria (dbt1092)]: The selection criterion '+source:lab_dbt.lab.powerpath_cyto_biopsy_bronze' does not match any enabled nodes
20:18:14.713240 [warn ]: [NoNodesSelected (dbt1601)]: Nothing to do. Try checking your model configs and model specification args
20:18:14.715695 [info ]: Started building task graph
20:18:14.715719 [info ]: Finished building task graph [  0.00s]
20:18:14.725138 [info ]: Started scheduling
20:18:14.725177 [info ]: Finished scheduling [  0.00s]
20:18:14.725284 [info ]: Finished loading project [  0.06s]
20:18:14.725796 [info ]: Cached model count updated: 3 models (accurate)
20:18:15.234789 [info ]: Started loading project
20:18:15.236444 [info ]: Loading ~/.dbt/profiles.yml
20:18:15.286776 [info ]: Cached model count updated: 3 models (estimate)
20:18:15.286797 [info ]: Cached model count updated: 3 models (accurate)
20:18:15.286822 [info ]: Started scheduling
20:18:15.286863 [info ]: Finished scheduling [  0.00s]
20:18:15.286876 [debug]: Compilation - 0 nodes selected: {}
20:18:15.286898 [warn ]: [NoNodesForSelectionCriteria (dbt1092)]: The selection criterion '+source:lab_dbt.lab.powerpath_cyto_biopsy_bronze' does not match any enabled nodes
20:18:15.286909 [warn ]: [NoNodesSelected (dbt1601)]: Nothing to do. Try checking your model configs and model specification args
20:18:15.289206 [info ]: Started building task graph
20:18:15.289232 [info ]: Finished building task graph [  0.00s]
20:18:15.299611 [info ]: Started scheduling
20:18:15.299654 [info ]: Finished scheduling [  0.00s]
20:18:15.299763 [info ]: Finished loading project [  0.06s]
20:18:15.300488 [info ]: Cached model count updated: 3 models (accurate)
20:18:16.529023 [info ]: Started loading project
20:18:16.529991 [info ]: Loading ~/.dbt/profiles.yml
20:18:16.579407 [info ]: Cached model count updated: 3 models (estimate)
20:18:16.579427 [info ]: Cached model count updated: 3 models (accurate)
20:18:16.579451 [info ]: Started scheduling
20:18:16.579491 [info ]: Finished scheduling [  0.00s]
20:18:16.579504 [debug]: Compilation - 0 nodes selected: {}
20:18:16.579523 [warn ]: [NoNodesForSelectionCriteria (dbt1092)]: The selection criterion '+source:lab_dbt.lab.powerpath_cyto_biopsy_bronze' does not match any enabled nodes
20:18:16.579533 [warn ]: [NoNodesSelected (dbt1601)]: Nothing to do. Try checking your model configs and model specification args
20:18:16.581739 [info ]: Started building task graph
20:18:16.581764 [info ]: Finished building task graph [  0.00s]
20:18:16.593504 [info ]: Started scheduling
20:18:16.593549 [info ]: Finished scheduling [  0.00s]
20:18:16.593663 [info ]: Finished loading project [  0.06s]
20:18:16.594420 [info ]: Cached model count updated: 3 models (accurate)
20:18:16.972495 [info ]: Started loading project
20:18:16.973421 [info ]: Loading ~/.dbt/profiles.yml
20:18:17.016769 [info ]: Cached model count updated: 3 models (estimate)
20:18:17.016788 [info ]: Cached model count updated: 3 models (accurate)
20:18:17.016810 [info ]: Started scheduling
20:18:17.016850 [info ]: Finished scheduling [  0.00s]
20:18:17.016862 [debug]: Compilation - 0 nodes selected: {}
20:18:17.016879 [warn ]: [NoNodesForSelectionCriteria (dbt1092)]: The selection criterion '+source:lab_dbt.lab.powerpath_cyto_biopsy_bronze' does not match any enabled nodes
20:18:17.016888 [warn ]: [NoNodesSelected (dbt1601)]: Nothing to do. Try checking your model configs and model specification args
20:18:17.018928 [info ]: Started building task graph
20:18:17.018948 [info ]: Finished building task graph [  0.00s]
20:18:17.029041 [info ]: Started scheduling
20:18:17.029083 [info ]: Finished scheduling [  0.00s]
20:18:17.029201 [info ]: Finished loading project [  0.06s]
20:18:17.029792 [info ]: Cached model count updated: 3 models (accurate)
20:18:17.507922 [info ]: Started loading project
20:18:17.508955 [info ]: Loading ~/.dbt/profiles.yml
20:18:17.556304 [info ]: Cached model count updated: 3 models (estimate)
20:18:17.556322 [info ]: Cached model count updated: 3 models (accurate)
20:18:17.556344 [info ]: Started scheduling
20:18:17.556380 [info ]: Finished scheduling [  0.00s]
20:18:17.556391 [debug]: Compilation - 0 nodes selected: {}
20:18:17.556409 [warn ]: [NoNodesForSelectionCriteria (dbt1092)]: The selection criterion '+source:lab_dbt.lab.powerpath_cyto_biopsy_bronze' does not match any enabled nodes
20:18:17.556418 [warn ]: [NoNodesSelected (dbt1601)]: Nothing to do. Try checking your model configs and model specification args
20:18:17.558381 [info ]: Started building task graph
20:18:17.558400 [info ]: Finished building task graph [  0.00s]
20:18:17.568920 [info ]: Started scheduling
20:18:17.568960 [info ]: Finished scheduling [  0.00s]
20:18:17.569063 [info ]: Finished loading project [  0.06s]
20:18:17.569791 [info ]: Cached model count updated: 3 models (accurate)
20:18:19.115266 [info ]: Started loading project
20:18:19.116344 [info ]: Loading ~/.dbt/profiles.yml
20:18:19.167493 [info ]: Cached model count updated: 3 models (estimate)
20:18:19.167513 [info ]: Cached model count updated: 3 models (accurate)
20:18:19.167541 [info ]: Started scheduling
20:18:19.167595 [info ]: Finished scheduling [  0.00s]
20:18:19.167610 [debug]: Compilation - 3 nodes selected: {"model.lab_dbt.date_filter_bronze", "model.lab_dbt.powerpath_cyto_biopsy_bronze", "model.lab_dbt.powerpath_cyto_biopsy_silverv2"}
20:18:19.169934 [info ]: Started building task graph
20:18:19.169998 [info ]: Finished building task graph [  0.00s]
20:18:19.176380 [info ]: Started rendering (3 nodes)
20:18:19.176409 [info ]: Started model lab_staging.powerpath_cyto_biopsy_silverv2
20:18:19.176420 [debug]: Started rendering model lab_staging.powerpath_cyto_biopsy_silverv2
20:18:19.176449 [info ]: Started model lab_staging.powerpath_cyto_biopsy_bronze
20:18:19.176474 [debug]: Started rendering model lab_staging.powerpath_cyto_biopsy_bronze
20:18:19.176487 [info ]: Started model lab_staging.date_filter_bronze
20:18:19.176497 [debug]: Started rendering model lab_staging.date_filter_bronze
20:18:19.176533 [info ]: Finished loading project [  0.06s]
20:18:19.177575 [error]: [JinjaError (dbt1501)]: Failed to render SQL not a key type: Source not found for source name: lab, table name: mshs_holidays
(in models/bronze/date_filter_bronze.sql:20:15)
  --> models/bronze/date_filter_bronze.sql:20:15
20:18:19.177627 [info ]: Started analyzing (3 nodes)
20:18:19.177641 [debug]: Started analyzing model lab_staging.date_filter_bronze
20:18:19.177665 [debug]: Finished analyzing [  0.00s] model lab_staging.date_filter_bronze [skipped]
20:18:19.177689 [info ]:     Failed [  0.00s] model lab_staging.date_filter_bronze (table)
20:18:19.177737 [error]: [JinjaError (dbt1501)]: Failed to render SQL not a key type: Source not found for source name: lab, table name: powerpath_raw
(in models/bronze/powerpath_cyto_biopsy_bronze.sql:12:15)
  --> models/bronze/powerpath_cyto_biopsy_bronze.sql:12:15
20:18:19.177762 [debug]: Started analyzing model lab_staging.powerpath_cyto_biopsy_bronze
20:18:19.177775 [debug]: Finished rendering [  0.00s] model lab_staging.date_filter_bronze [error]
20:18:19.177779 [debug]: Finished analyzing [  0.00s] model lab_staging.powerpath_cyto_biopsy_bronze [skipped]
20:18:19.177797 [info ]:     Failed [  0.00s] model lab_staging.powerpath_cyto_biopsy_bronze (table)
20:18:19.177843 [error]: [JinjaError (dbt1501)]: Failed to render SQL not a key type: Source not found for source name: lab_staging, table name: powerpath_cyto_biopsy_bronze
(in models/silver/powerpath_cyto_biopsy_silverv2.sql:5:10)
  --> models/silver/powerpath_cyto_biopsy_silverv2.sql:5:10
20:18:19.177873 [debug]: Started analyzing model lab_staging.powerpath_cyto_biopsy_silverv2
20:18:19.177892 [debug]: Finished rendering [  0.00s] model lab_staging.powerpath_cyto_biopsy_bronze [error]
20:18:19.177894 [debug]: Finished analyzing [  0.00s] model lab_staging.powerpath_cyto_biopsy_silverv2 [skipped]
20:18:19.177907 [info ]: Finished analyzing [  0.00s] (3 nodes, 3 skipped, 0 errors)
20:18:19.177920 [info ]:     Failed [  0.00s] model lab_staging.powerpath_cyto_biopsy_silverv2 (table)
20:18:19.205402 [info ]: Started scheduling
20:18:19.205476 [info ]: Finished scheduling [  0.00s]
20:18:19.206478 [info ]: Cached model count updated: 3 models (accurate)
20:18:19.206830 [debug]: Finished rendering [  0.03s] model lab_staging.powerpath_cyto_biopsy_silverv2 [error]
20:18:19.206847 [info ]: Finished rendering [  0.03s] (3 nodes, 0 skipped, 3 errors)
20:18:19.570926 [info ]: Started loading project
20:18:19.572219 [info ]: Loading ~/.dbt/profiles.yml
20:18:19.622134 [info ]: Cached model count updated: 3 models (estimate)
20:18:19.622157 [info ]: Cached model count updated: 3 models (accurate)
20:18:19.622186 [info ]: Started scheduling
20:18:19.622239 [info ]: Finished scheduling [  0.00s]
20:18:19.622253 [debug]: Compilation - 0 nodes selected: {}
20:18:19.622277 [warn ]: [NoNodesForSelectionCriteria (dbt1092)]: The selection criterion '+source:lab_dbt.lab.powerpath_cyto_biopsy_bronze' does not match any enabled nodes
20:18:19.622291 [warn ]: [NoNodesSelected (dbt1601)]: Nothing to do. Try checking your model configs and model specification args
20:18:19.624891 [info ]: Started building task graph
20:18:19.624915 [info ]: Finished building task graph [  0.00s]
20:18:19.635573 [info ]: Started scheduling
20:18:19.635616 [info ]: Finished scheduling [  0.00s]
20:18:19.635720 [info ]: Finished loading project [  0.06s]
20:18:19.636399 [info ]: Cached model count updated: 3 models (accurate)
20:18:21.198795 [info ]: Started loading project
20:18:21.202584 [info ]: Loading ~/.dbt/profiles.yml
20:18:21.267479 [info ]: Cached model count updated: 3 models (estimate)
20:18:21.267497 [info ]: Cached model count updated: 3 models (accurate)
20:18:21.267520 [info ]: Started scheduling
20:18:21.267573 [info ]: Finished scheduling [  0.00s]
20:18:21.267590 [debug]: Compilation - 3 nodes selected: {"model.lab_dbt.date_filter_bronze", "model.lab_dbt.powerpath_cyto_biopsy_bronze", "model.lab_dbt.powerpath_cyto_biopsy_silverv2"}
20:18:21.269709 [info ]: Started building task graph
20:18:21.269755 [info ]: Finished building task graph [  0.00s]
20:18:21.275732 [info ]: Started rendering (3 nodes)
20:18:21.275763 [info ]: Started model lab_staging.powerpath_cyto_biopsy_silverv2
20:18:21.275777 [debug]: Started rendering model lab_staging.powerpath_cyto_biopsy_silverv2
20:18:21.275831 [info ]: Started model lab_staging.powerpath_cyto_biopsy_bronze
20:18:21.275846 [debug]: Started rendering model lab_staging.powerpath_cyto_biopsy_bronze
20:18:21.275863 [info ]: Finished loading project [  0.08s]
20:18:21.275864 [info ]: Started model lab_staging.date_filter_bronze
20:18:21.275876 [debug]: Started rendering model lab_staging.date_filter_bronze
20:18:21.276831 [error]: [JinjaError (dbt1501)]: Failed to render SQL not a key type: Source not found for source name: lab, table name: powerpath_raw
(in models/bronze/powerpath_cyto_biopsy_bronze.sql:12:15)
  --> models/bronze/powerpath_cyto_biopsy_bronze.sql:12:15
20:18:21.276875 [info ]: Started analyzing (3 nodes)
20:18:21.276885 [debug]: Started analyzing model lab_staging.powerpath_cyto_biopsy_bronze
20:18:21.276900 [debug]: Finished analyzing [  0.00s] model lab_staging.powerpath_cyto_biopsy_bronze [skipped]
20:18:21.276913 [info ]:     Failed [  0.00s] model lab_staging.powerpath_cyto_biopsy_bronze (table)
20:18:21.276940 [error]: [JinjaError (dbt1501)]: Failed to render SQL not a key type: Source not found for source name: lab_staging, table name: powerpath_cyto_biopsy_bronze
(in models/silver/powerpath_cyto_biopsy_silverv2.sql:5:10)
  --> models/silver/powerpath_cyto_biopsy_silverv2.sql:5:10
20:18:21.276958 [debug]: Started analyzing model lab_staging.powerpath_cyto_biopsy_silverv2
20:18:21.276972 [debug]: Finished analyzing [  0.00s] model lab_staging.powerpath_cyto_biopsy_silverv2 [skipped]
20:18:21.276981 [info ]:     Failed [  0.00s] model lab_staging.powerpath_cyto_biopsy_silverv2 (table)
20:18:21.277009 [error]: [JinjaError (dbt1501)]: Failed to render SQL not a key type: Source not found for source name: lab, table name: mshs_holidays
(in models/bronze/date_filter_bronze.sql:20:15)
  --> models/bronze/date_filter_bronze.sql:20:15
20:18:21.277012 [debug]: Finished rendering [  0.00s] model lab_staging.powerpath_cyto_biopsy_bronze [error]
20:18:21.277027 [debug]: Started analyzing model lab_staging.date_filter_bronze
20:18:21.277039 [debug]: Finished analyzing [  0.00s] model lab_staging.date_filter_bronze [skipped]
20:18:21.277046 [info ]: Finished analyzing [  0.00s] (3 nodes, 3 skipped, 0 errors)
20:18:21.277045 [debug]: Finished rendering [  0.00s] model lab_staging.powerpath_cyto_biopsy_silverv2 [error]
20:18:21.277051 [info ]:     Failed [  0.00s] model lab_staging.date_filter_bronze (table)
20:18:21.281355 [info ]: Started scheduling
20:18:21.281394 [info ]: Finished scheduling [  0.00s]
20:18:21.282064 [info ]: Cached model count updated: 3 models (accurate)
20:18:21.282105 [debug]: Finished rendering [  0.01s] model lab_staging.date_filter_bronze [error]
20:18:21.282115 [info ]: Finished rendering [  0.01s] (3 nodes, 0 skipped, 3 errors)
20:18:22.248078 [info ]: Started loading project
20:18:22.249265 [info ]: Loading ~/.dbt/profiles.yml
20:18:22.299709 [info ]: Cached model count updated: 3 models (estimate)
20:18:22.299730 [info ]: Cached model count updated: 3 models (accurate)
20:18:22.299753 [info ]: Started scheduling
20:18:22.299796 [info ]: Finished scheduling [  0.00s]
20:18:22.299809 [debug]: Compilation - 0 nodes selected: {}
20:18:22.299828 [warn ]: [NoNodesForSelectionCriteria (dbt1092)]: The selection criterion '+source:lab_dbt.lab.powerpath_cyto_biopsy_bronze' does not match any enabled nodes
20:18:22.299838 [warn ]: [NoNodesSelected (dbt1601)]: Nothing to do. Try checking your model configs and model specification args
20:18:22.302271 [info ]: Started building task graph
20:18:22.302295 [info ]: Finished building task graph [  0.00s]
20:18:22.312913 [info ]: Started scheduling
20:18:22.312955 [info ]: Finished scheduling [  0.00s]
20:18:22.313063 [info ]: Finished loading project [  0.06s]
20:18:22.313740 [info ]: Cached model count updated: 3 models (accurate)
20:18:23.876231 [info ]: Started loading project
20:18:23.879949 [info ]: Loading ~/.dbt/profiles.yml
20:18:23.955447 [info ]: Cached model count updated: 3 models (estimate)
20:18:23.955466 [info ]: Cached model count updated: 3 models (accurate)
20:18:23.955491 [info ]: Started scheduling
20:18:23.955544 [info ]: Finished scheduling [  0.00s]
20:18:23.955557 [debug]: Compilation - 3 nodes selected: {"model.lab_dbt.date_filter_bronze", "model.lab_dbt.powerpath_cyto_biopsy_bronze", "model.lab_dbt.powerpath_cyto_biopsy_silverv2"}
20:18:23.957741 [info ]: Started building task graph
20:18:23.957806 [info ]: Finished building task graph [  0.00s]
20:18:23.964351 [info ]: Started rendering (3 nodes)
20:18:23.964388 [info ]: Started model lab_staging.powerpath_cyto_biopsy_silverv2
20:18:23.964400 [debug]: Started rendering model lab_staging.powerpath_cyto_biopsy_silverv2
20:18:23.964428 [info ]: Started model lab_staging.powerpath_cyto_biopsy_bronze
20:18:23.964440 [debug]: Started rendering model lab_staging.powerpath_cyto_biopsy_bronze
20:18:23.964456 [info ]: Started model lab_staging.date_filter_bronze
20:18:23.964463 [debug]: Started rendering model lab_staging.date_filter_bronze
20:18:23.964521 [info ]: Finished loading project [  0.09s]
20:18:23.965726 [error]: [JinjaError (dbt1501)]: Failed to render SQL not a key type: Source not found for source name: lab_staging, table name: powerpath_cyto_biopsy_bronze
(in models/silver/powerpath_cyto_biopsy_silverv2.sql:5:10)
  --> models/silver/powerpath_cyto_biopsy_silverv2.sql:5:10
20:18:23.965776 [info ]: Started analyzing (3 nodes)
20:18:23.965785 [debug]: Started analyzing model lab_staging.powerpath_cyto_biopsy_silverv2
20:18:23.965801 [debug]: Finished analyzing [  0.00s] model lab_staging.powerpath_cyto_biopsy_silverv2 [skipped]
20:18:23.965815 [info ]:     Failed [  0.00s] model lab_staging.powerpath_cyto_biopsy_silverv2 (table)
20:18:23.965847 [error]: [JinjaError (dbt1501)]: Failed to render SQL not a key type: Source not found for source name: lab, table name: mshs_holidays
(in models/bronze/date_filter_bronze.sql:20:15)
  --> models/bronze/date_filter_bronze.sql:20:15
20:18:23.965875 [debug]: Started analyzing model lab_staging.date_filter_bronze
20:18:23.965887 [debug]: Finished analyzing [  0.00s] model lab_staging.date_filter_bronze [skipped]
20:18:23.965896 [info ]:     Failed [  0.00s] model lab_staging.date_filter_bronze (table)
20:18:23.965911 [debug]: Finished rendering [  0.00s] model lab_staging.powerpath_cyto_biopsy_silverv2 [error]
20:18:23.965924 [error]: [JinjaError (dbt1501)]: Failed to render SQL not a key type: Source not found for source name: lab, table name: powerpath_raw
(in models/bronze/powerpath_cyto_biopsy_bronze.sql:12:15)
  --> models/bronze/powerpath_cyto_biopsy_bronze.sql:12:15
20:18:23.965945 [debug]: Started analyzing model lab_staging.powerpath_cyto_biopsy_bronze
20:18:23.965959 [debug]: Finished analyzing [  0.00s] model lab_staging.powerpath_cyto_biopsy_bronze [skipped]
20:18:23.965957 [debug]: Finished rendering [  0.00s] model lab_staging.date_filter_bronze [error]
20:18:23.965967 [info ]: Finished analyzing [  0.00s] (3 nodes, 3 skipped, 0 errors)
20:18:23.965973 [info ]:     Failed [  0.00s] model lab_staging.powerpath_cyto_biopsy_bronze (table)
20:18:23.971539 [info ]: Started scheduling
20:18:23.971590 [info ]: Finished scheduling [  0.00s]
20:18:23.972376 [info ]: Cached model count updated: 3 models (accurate)
20:18:23.972414 [debug]: Finished rendering [  0.01s] model lab_staging.powerpath_cyto_biopsy_bronze [error]
20:18:23.972437 [info ]: Finished rendering [  0.01s] (3 nodes, 0 skipped, 3 errors)
20:18:32.380012 [info ]: Started loading project
20:18:32.380999 [info ]: Loading ~/.dbt/profiles.yml
20:18:32.424249 [info ]: Cached model count updated: 3 models (estimate)
20:18:32.424268 [info ]: Cached model count updated: 3 models (accurate)
20:18:32.424296 [info ]: Started scheduling
20:18:32.424373 [info ]: Finished scheduling [  0.00s]
20:18:32.424395 [debug]: Compilation - 0 nodes selected: {}
20:18:32.424419 [warn ]: [NoNodesForSelectionCriteria (dbt1092)]: The selection criterion '+source:lab_dbt.lab.powerpath_cyto_biopsy_bronze' does not match any enabled nodes
20:18:32.424432 [warn ]: [NoNodesSelected (dbt1601)]: Nothing to do. Try checking your model configs and model specification args
20:18:32.426913 [info ]: Started building task graph
20:18:32.426937 [info ]: Finished building task graph [  0.00s]
20:18:32.436916 [info ]: Started scheduling
20:18:32.436987 [info ]: Finished scheduling [  0.00s]
20:18:32.437145 [info ]: Finished loading project [  0.06s]
20:18:32.438036 [info ]: Cached model count updated: 3 models (accurate)
20:18:33.549663 [info ]: Started loading project
20:18:33.550489 [info ]: Loading ~/.dbt/profiles.yml
20:18:33.601708 [info ]: Cached model count updated: 3 models (estimate)
20:18:33.601728 [info ]: Cached model count updated: 3 models (accurate)
20:18:33.601752 [info ]: Started scheduling
20:18:33.601795 [info ]: Finished scheduling [  0.00s]
20:18:33.601808 [debug]: Compilation - 0 nodes selected: {}
20:18:33.601825 [warn ]: [NoNodesForSelectionCriteria (dbt1092)]: The selection criterion '+source:lab_dbt.lab.powerpath_cyto_biopsy_bronze' does not match any enabled nodes
20:18:33.601837 [warn ]: [NoNodesSelected (dbt1601)]: Nothing to do. Try checking your model configs and model specification args
20:18:33.604301 [info ]: Started building task graph
20:18:33.604327 [info ]: Finished building task graph [  0.00s]
20:18:33.615032 [info ]: Started scheduling
20:18:33.615075 [info ]: Finished scheduling [  0.00s]
20:18:33.615191 [info ]: Finished loading project [  0.07s]
20:18:33.615914 [info ]: Cached model count updated: 3 models (accurate)
20:18:35.187498 [info ]: Started loading project
20:18:35.189726 [info ]: Loading ~/.dbt/profiles.yml
20:18:35.265709 [info ]: Cached model count updated: 3 models (estimate)
20:18:35.265733 [info ]: Cached model count updated: 3 models (accurate)
20:18:35.265767 [info ]: Started scheduling
20:18:35.265855 [info ]: Finished scheduling [  0.00s]
20:18:35.265878 [debug]: Compilation - 3 nodes selected: {"model.lab_dbt.date_filter_bronze", "model.lab_dbt.powerpath_cyto_biopsy_bronze", "model.lab_dbt.powerpath_cyto_biopsy_silverv2"}
20:18:35.268340 [info ]: Started building task graph
20:18:35.268393 [info ]: Finished building task graph [  0.00s]
20:18:35.274494 [info ]: Started rendering (3 nodes)
20:18:35.274520 [info ]: Started model lab_staging.powerpath_cyto_biopsy_silverv2
20:18:35.274532 [debug]: Started rendering model lab_staging.powerpath_cyto_biopsy_silverv2
20:18:35.274558 [info ]: Started model lab_staging.powerpath_cyto_biopsy_bronze
20:18:35.274573 [debug]: Started rendering model lab_staging.powerpath_cyto_biopsy_bronze
20:18:35.274594 [info ]: Started model lab_staging.date_filter_bronze
20:18:35.274594 [info ]: Finished loading project [  0.09s]
20:18:35.274604 [debug]: Started rendering model lab_staging.date_filter_bronze
20:18:35.275731 [error]: [JinjaError (dbt1501)]: Failed to render SQL not a key type: Source not found for source name: lab_staging, table name: powerpath_cyto_biopsy_bronze
(in models/silver/powerpath_cyto_biopsy_silverv2.sql:5:10)
  --> models/silver/powerpath_cyto_biopsy_silverv2.sql:5:10
20:18:35.275782 [info ]: Started analyzing (3 nodes)
20:18:35.275792 [debug]: Started analyzing model lab_staging.powerpath_cyto_biopsy_silverv2
20:18:35.275826 [debug]: Finished analyzing [  0.00s] model lab_staging.powerpath_cyto_biopsy_silverv2 [skipped]
20:18:35.275841 [info ]:     Failed [  0.00s] model lab_staging.powerpath_cyto_biopsy_silverv2 (table)
20:18:35.275877 [error]: [JinjaError (dbt1501)]: Failed to render SQL not a key type: Source not found for source name: lab, table name: powerpath_raw
(in models/bronze/powerpath_cyto_biopsy_bronze.sql:12:15)
  --> models/bronze/powerpath_cyto_biopsy_bronze.sql:12:15
20:18:35.275929 [debug]: Finished rendering [  0.00s] model lab_staging.powerpath_cyto_biopsy_silverv2 [error]
20:18:35.275942 [debug]: Started analyzing model lab_staging.powerpath_cyto_biopsy_bronze
20:18:35.275961 [debug]: Finished analyzing [  0.00s] model lab_staging.powerpath_cyto_biopsy_bronze [skipped]
20:18:35.275973 [info ]:     Failed [  0.00s] model lab_staging.powerpath_cyto_biopsy_bronze (table)
20:18:35.276014 [debug]: Finished rendering [  0.00s] model lab_staging.powerpath_cyto_biopsy_bronze [error]
20:18:35.276191 [error]: [JinjaError (dbt1501)]: Failed to render SQL not a key type: Source not found for source name: lab, table name: mshs_holidays
(in models/bronze/date_filter_bronze.sql:20:15)
  --> models/bronze/date_filter_bronze.sql:20:15
20:18:35.276225 [debug]: Started analyzing model lab_staging.date_filter_bronze
20:18:35.276239 [debug]: Finished analyzing [  0.00s] model lab_staging.date_filter_bronze [skipped]
20:18:35.276249 [info ]: Finished analyzing [  0.00s] (3 nodes, 3 skipped, 0 errors)
20:18:35.276258 [info ]:     Failed [  0.00s] model lab_staging.date_filter_bronze (table)
20:18:35.280542 [info ]: Started scheduling
20:18:35.280604 [info ]: Finished scheduling [  0.00s]
20:18:35.281349 [info ]: Cached model count updated: 3 models (accurate)
20:18:35.281383 [debug]: Finished rendering [  0.01s] model lab_staging.date_filter_bronze [error]
20:18:35.281398 [info ]: Finished rendering [  0.01s] (3 nodes, 0 skipped, 3 errors)
20:20:01.926869 [info ]: Started loading project
20:20:01.927939 [info ]: Loading ~/.dbt/profiles.yml
20:20:01.951282 [info ]: Started parsing
20:20:02.122554 [info ]: Finished loading project [  0.20s]
20:20:02.124256 [debug]: Finished parsing models/sources.yml [  0.00s]
20:20:02.127000 [debug]: Finished parsing models/bronze/date_filter_bronze.sql [  0.00s]
20:20:02.128025 [debug]: Finished parsing models/bronze/powerpath_cyto_biopsy_bronze.sql [  0.00s]
20:20:02.129037 [debug]: Finished parsing models/silver/powerpath_cyto_biopsy_silverv2.sql [  0.00s]
20:20:02.133091 [error]: [DependencyNotFound (dbt1048)]: Source 'lab_staging.powerpath_cyto_biopsy_bronze' not found in project. Searched for 'powerpath_cyto_biopsy_bronze'
  --> models/silver/powerpath_cyto_biopsy_silverv2.sql:5:10
20:20:02.133988 [warn ]: [UnusedResourceConfigPath (dbt1097)]: Configuration paths exist in your dbt_project.yml file which do not apply to any resources.
There are 1 unused configuration paths:
- models.lab_dbt.gold
20:20:02.138871 [info ]: Cached model count updated: 3 models (estimate)
20:20:02.138888 [info ]: Cached model count updated: 3 models (accurate)
20:20:02.138923 [info ]: Started scheduling
20:20:02.139031 [info ]: Finished scheduling [  0.00s]
20:20:02.139047 [debug]: Compilation - 3 nodes selected: {"model.lab_dbt.date_filter_bronze", "model.lab_dbt.powerpath_cyto_biopsy_bronze", "model.lab_dbt.powerpath_cyto_biopsy_silverv2"}
20:20:02.141292 [info ]: Started building task graph
20:20:02.141354 [info ]: Finished building task graph [  0.00s]
20:20:02.147093 [info ]: Started rendering (3 nodes)
20:20:02.147119 [info ]: Started model lab_staging.powerpath_cyto_biopsy_silverv2
20:20:02.147130 [debug]: Started rendering model lab_staging.powerpath_cyto_biopsy_silverv2
20:20:02.147153 [info ]: Started model lab_staging.powerpath_cyto_biopsy_bronze
20:20:02.147166 [debug]: Started rendering model lab_staging.powerpath_cyto_biopsy_bronze
20:20:02.147176 [info ]: Started model lab_staging.date_filter_bronze
20:20:02.147182 [debug]: Started rendering model lab_staging.date_filter_bronze
20:20:02.147259 [info ]: Finished parsing [  0.20s]
20:20:02.148874 [error]: [JinjaError (dbt1501)]: Failed to render SQL not a key type: Source not found for source name: lab_staging, table name: powerpath_cyto_biopsy_bronze
(in models/silver/powerpath_cyto_biopsy_silverv2.sql:5:10)
  --> models/silver/powerpath_cyto_biopsy_silverv2.sql:5:10
20:20:02.148944 [info ]: Started analyzing (3 nodes)
20:20:02.148961 [debug]: Started analyzing model lab_staging.powerpath_cyto_biopsy_silverv2
20:20:02.148994 [debug]: Finished analyzing [  0.00s] model lab_staging.powerpath_cyto_biopsy_silverv2 [skipped]
20:20:02.149015 [info ]:     Failed [  0.00s] model lab_staging.powerpath_cyto_biopsy_silverv2 (table)
20:20:02.149068 [debug]: Finished rendering [  0.00s] model lab_staging.powerpath_cyto_biopsy_silverv2 [error]
20:20:02.153061 [debug]: Compiled SQL for node model.lab_dbt.date_filter_bronze at target\.lsp\compiled\lab_dbt\models\bronze\date_filter_bronze.sql
20:20:02.153080 [debug]: Compiled SQL for node model.lab_dbt.powerpath_cyto_biopsy_bronze at target\.lsp\compiled\lab_dbt\models\bronze\powerpath_cyto_biopsy_bronze.sql
20:20:02.153208 [debug]: Finished rendering [  0.01s] model lab_staging.date_filter_bronze [success]
20:20:02.153259 [debug]: Started analyzing model lab_staging.date_filter_bronze
20:20:02.153315 [debug]: Finished rendering [  0.01s] model lab_staging.powerpath_cyto_biopsy_bronze [success]
20:20:02.153347 [info ]: Finished rendering [  0.01s] (3 nodes, 0 skipped, 1 errors)
20:20:02.153378 [debug]: Started analyzing model lab_staging.powerpath_cyto_biopsy_bronze
20:20:02.154024 [warn ]: [SyntaxInvalid (dbt0101)]: mismatched input 'with_setting' expecting one of <EOF>, 'ALTER', 'ANALYZE', 'COMMENT', 'COMMIT', 'CREATE', 'DELETE' ...
  --> models/bronze/powerpath_cyto_biopsy_bronze.sql:4:1 (target\.lsp\compiled\lab_dbt\models\bronze\powerpath_cyto_biopsy_bronze.sql:4:1)
20:20:02.154133 [info ]:  Succeeded [  0.01s] model lab_staging.powerpath_cyto_biopsy_bronze (table)
20:20:02.154151 [debug]: Finished analyzing [  0.00s] model lab_staging.powerpath_cyto_biopsy_bronze [success]
20:20:02.154869 [debug]: Finished analyzing [  0.00s] model lab_staging.date_filter_bronze [success]
20:20:02.154896 [info ]: Finished analyzing [  0.01s] (3 nodes, 1 skipped, 0 errors)
20:20:02.154910 [info ]:  Succeeded [  0.01s] model lab_staging.date_filter_bronze (table)
20:20:02.160069 [info ]: Started scheduling
20:20:02.160211 [info ]: Finished scheduling [  0.00s]
20:20:02.163148 [info ]: Cached model count updated: 3 models (accurate)
20:20:03.722403 [info ]: Started loading project
20:20:03.723582 [info ]: Loading ~/.dbt/profiles.yml
20:20:03.775988 [info ]: Cached model count updated: 3 models (estimate)
20:20:03.776013 [info ]: Cached model count updated: 3 models (accurate)
20:20:03.776055 [info ]: Started scheduling
20:20:03.776154 [info ]: Finished scheduling [  0.00s]
20:20:03.776178 [debug]: Compilation - 3 nodes selected: {"model.lab_dbt.date_filter_bronze", "model.lab_dbt.powerpath_cyto_biopsy_bronze", "model.lab_dbt.powerpath_cyto_biopsy_silverv2"}
20:20:03.779082 [info ]: Started building task graph
20:20:03.779164 [info ]: Finished building task graph [  0.00s]
20:20:03.787464 [info ]: Started rendering (3 nodes)
20:20:03.787504 [info ]: Started model lab_staging.powerpath_cyto_biopsy_silverv2
20:20:03.787523 [debug]: Started rendering model lab_staging.powerpath_cyto_biopsy_silverv2
20:20:03.787577 [info ]: Started model lab_staging.powerpath_cyto_biopsy_bronze
20:20:03.787601 [debug]: Started rendering model lab_staging.powerpath_cyto_biopsy_bronze
20:20:03.787626 [info ]: Started model lab_staging.date_filter_bronze
20:20:03.787637 [debug]: Started rendering model lab_staging.date_filter_bronze
20:20:03.787679 [info ]: Finished loading project [  0.07s]
20:20:03.791251 [debug]: Compiled SQL for node model.lab_dbt.date_filter_bronze at target\.lsp\compiled\lab_dbt\models\bronze\date_filter_bronze.sql
20:20:03.791565 [debug]: Compiled SQL for node model.lab_dbt.powerpath_cyto_biopsy_bronze at target\.lsp\compiled\lab_dbt\models\bronze\powerpath_cyto_biopsy_bronze.sql
20:20:03.793451 [error]: [JinjaError (dbt1501)]: Failed to render SQL not a key type: Source not found for source name: lab_staging, table name: powerpath_cyto_biopsy_bronze
(in models/silver/powerpath_cyto_biopsy_silverv2.sql:5:10)
  --> models/silver/powerpath_cyto_biopsy_silverv2.sql:5:10
20:20:03.793530 [info ]: Started analyzing (3 nodes)
20:20:03.793546 [debug]: Started analyzing model lab_staging.powerpath_cyto_biopsy_silverv2
20:20:03.793572 [debug]: Finished analyzing [  0.00s] model lab_staging.powerpath_cyto_biopsy_silverv2 [skipped]
20:20:03.793592 [info ]:     Failed [  0.01s] model lab_staging.powerpath_cyto_biopsy_silverv2 (table)
20:20:03.793625 [debug]: Finished rendering [  0.01s] model lab_staging.date_filter_bronze [success]
20:20:03.793644 [debug]: Started analyzing model lab_staging.date_filter_bronze
20:20:03.793668 [debug]: Finished rendering [  0.01s] model lab_staging.powerpath_cyto_biopsy_bronze [success]
20:20:03.793683 [debug]: Started analyzing model lab_staging.powerpath_cyto_biopsy_bronze
20:20:03.793727 [debug]: Finished rendering [  0.01s] model lab_staging.powerpath_cyto_biopsy_silverv2 [error]
20:20:03.793736 [info ]: Finished rendering [  0.01s] (3 nodes, 0 skipped, 1 errors)
20:20:03.795583 [debug]: Finished analyzing [  0.00s] model lab_staging.date_filter_bronze [success]
20:20:03.795618 [info ]:  Succeeded [  0.01s] model lab_staging.date_filter_bronze (table)
20:20:03.797034 [warn ]: [SyntaxInvalid (dbt0101)]: mismatched input 'with_setting' expecting one of <EOF>, 'ALTER', 'ANALYZE', 'COMMENT', 'COMMIT', 'CREATE', 'DELETE' ...
  --> models/bronze/powerpath_cyto_biopsy_bronze.sql:4:1 (target\.lsp\compiled\lab_dbt\models\bronze\powerpath_cyto_biopsy_bronze.sql:4:1)
20:20:03.797163 [info ]:  Succeeded [  0.01s] model lab_staging.powerpath_cyto_biopsy_bronze (table)
20:20:03.798459 [debug]: Finished analyzing [  0.00s] model lab_staging.powerpath_cyto_biopsy_bronze [success]
20:20:03.798484 [info ]: Finished analyzing [  0.00s] (3 nodes, 1 skipped, 0 errors)
20:20:03.805420 [info ]: Started scheduling
20:20:03.805491 [info ]: Finished scheduling [  0.00s]
20:20:03.806589 [info ]: Cached model count updated: 3 models (accurate)
20:20:36.308756 [info ]: Started loading project
20:20:36.309788 [info ]: Loading ~/.dbt/profiles.yml
20:20:36.332702 [info ]: Started parsing
20:20:36.521180 [info ]: Finished loading project [  0.21s]
20:20:36.523862 [debug]: Finished parsing models/silver/powerpath_cyto_biopsy_silverv2.sql [  0.00s]
20:20:36.526852 [warn ]: [UnusedResourceConfigPath (dbt1097)]: Configuration paths exist in your dbt_project.yml file which do not apply to any resources.
There are 1 unused configuration paths:
- models.lab_dbt.gold
20:20:36.532428 [info ]: Cached model count updated: 3 models (estimate)
20:20:36.532457 [info ]: Cached model count updated: 3 models (accurate)
20:20:36.532498 [info ]: Started scheduling
20:20:36.532590 [info ]: Finished scheduling [  0.00s]
20:20:36.532610 [debug]: Compilation - 3 nodes selected: {"model.lab_dbt.date_filter_bronze", "model.lab_dbt.powerpath_cyto_biopsy_bronze", "model.lab_dbt.powerpath_cyto_biopsy_silverv2"}
20:20:36.535140 [info ]: Started building task graph
20:20:36.535221 [info ]: Finished building task graph [  0.00s]
20:20:36.540688 [info ]: Started rendering (3 nodes)
20:20:36.540720 [info ]: Started model lab_staging.powerpath_cyto_biopsy_silverv2
20:20:36.540729 [debug]: Started rendering model lab_staging.powerpath_cyto_biopsy_silverv2
20:20:36.540751 [info ]: Started model lab_staging.powerpath_cyto_biopsy_bronze
20:20:36.540759 [debug]: Started rendering model lab_staging.powerpath_cyto_biopsy_bronze
20:20:36.540781 [info ]: Started model lab_staging.date_filter_bronze
20:20:36.540792 [debug]: Started rendering model lab_staging.date_filter_bronze
20:20:36.540842 [info ]: Finished parsing [  0.21s]
20:20:36.543217 [debug]: Compiled SQL for node model.lab_dbt.powerpath_cyto_biopsy_bronze at target\.lsp\compiled\lab_dbt\models\bronze\powerpath_cyto_biopsy_bronze.sql
20:20:36.543281 [debug]: Compiled SQL for node model.lab_dbt.date_filter_bronze at target\.lsp\compiled\lab_dbt\models\bronze\date_filter_bronze.sql
20:20:36.543336 [debug]: Finished rendering [  0.00s] model lab_staging.powerpath_cyto_biopsy_bronze [success]
20:20:36.543380 [info ]: Started analyzing (3 nodes)
20:20:36.543395 [debug]: Started analyzing model lab_staging.powerpath_cyto_biopsy_bronze
20:20:36.543424 [debug]: Finished rendering [  0.00s] model lab_staging.date_filter_bronze [success]
20:20:36.543444 [debug]: Started analyzing model lab_staging.date_filter_bronze
20:20:36.544111 [warn ]: [SyntaxInvalid (dbt0101)]: mismatched input 'with_setting' expecting one of <EOF>, 'ALTER', 'ANALYZE', 'COMMENT', 'COMMIT', 'CREATE', 'DELETE' ...
  --> models/bronze/powerpath_cyto_biopsy_bronze.sql:4:1 (target\.lsp\compiled\lab_dbt\models\bronze\powerpath_cyto_biopsy_bronze.sql:4:1)
20:20:36.544274 [info ]:  Succeeded [  0.00s] model lab_staging.powerpath_cyto_biopsy_bronze (table)
20:20:36.544364 [debug]: Finished analyzing [  0.00s] model lab_staging.powerpath_cyto_biopsy_bronze [success]
20:20:36.544993 [debug]: Finished analyzing [  0.00s] model lab_staging.date_filter_bronze [success]
20:20:36.545027 [info ]:  Succeeded [  0.00s] model lab_staging.date_filter_bronze (table)
20:20:36.546518 [debug]: Compiled SQL for node model.lab_dbt.powerpath_cyto_biopsy_silverv2 at target\.lsp\compiled\lab_dbt\models\silver\powerpath_cyto_biopsy_silverv2.sql
20:20:36.546655 [debug]: Finished rendering [  0.01s] model lab_staging.powerpath_cyto_biopsy_silverv2 [success]
20:20:36.546676 [info ]: Finished rendering [  0.01s] (3 nodes, 0 skipped, 0 errors)
20:20:36.546695 [debug]: Started analyzing model lab_staging.powerpath_cyto_biopsy_silverv2
20:20:36.549517 [debug]: Finished analyzing [  0.00s] model lab_staging.powerpath_cyto_biopsy_silverv2 [success]
20:20:36.549545 [info ]: Finished analyzing [  0.01s] (3 nodes, 0 skipped, 0 errors)
20:20:36.549582 [info ]:  Succeeded [  0.01s] model lab_staging.powerpath_cyto_biopsy_silverv2 (table)
20:20:36.553690 [info ]: Started scheduling
20:20:36.553774 [info ]: Finished scheduling [  0.00s]
20:20:36.555234 [info ]: Cached model count updated: 3 models (accurate)
20:20:38.105959 [info ]: Started loading project
20:20:38.107287 [info ]: Loading ~/.dbt/profiles.yml
20:20:38.174000 [info ]: Cached model count updated: 3 models (estimate)
20:20:38.174025 [info ]: Cached model count updated: 3 models (accurate)
20:20:38.174064 [info ]: Started scheduling
20:20:38.174165 [info ]: Finished scheduling [  0.00s]
20:20:38.174186 [debug]: Compilation - 3 nodes selected: {"model.lab_dbt.date_filter_bronze", "model.lab_dbt.powerpath_cyto_biopsy_bronze", "model.lab_dbt.powerpath_cyto_biopsy_silverv2"}
20:20:38.177256 [info ]: Started building task graph
20:20:38.177336 [info ]: Finished building task graph [  0.00s]
20:20:38.185961 [info ]: Started rendering (3 nodes)
20:20:38.185993 [info ]: Started model lab_staging.powerpath_cyto_biopsy_silverv2
20:20:38.186011 [debug]: Started rendering model lab_staging.powerpath_cyto_biopsy_silverv2
20:20:38.186039 [info ]: Started model lab_staging.powerpath_cyto_biopsy_bronze
20:20:38.186047 [debug]: Started rendering model lab_staging.powerpath_cyto_biopsy_bronze
20:20:38.186059 [info ]: Started model lab_staging.date_filter_bronze
20:20:38.186068 [debug]: Started rendering model lab_staging.date_filter_bronze
20:20:38.186072 [info ]: Finished loading project [  0.08s]
20:20:38.188284 [debug]: Compiled SQL for node model.lab_dbt.powerpath_cyto_biopsy_bronze at target\.lsp\compiled\lab_dbt\models\bronze\powerpath_cyto_biopsy_bronze.sql
20:20:38.188295 [debug]: Compiled SQL for node model.lab_dbt.date_filter_bronze at target\.lsp\compiled\lab_dbt\models\bronze\date_filter_bronze.sql
20:20:38.188383 [debug]: Finished rendering [  0.00s] model lab_staging.powerpath_cyto_biopsy_bronze [success]
20:20:38.188431 [info ]: Started analyzing (3 nodes)
20:20:38.188442 [debug]: Compiled SQL for node model.lab_dbt.powerpath_cyto_biopsy_silverv2 at target\.lsp\compiled\lab_dbt\models\silver\powerpath_cyto_biopsy_silverv2.sql
20:20:38.188446 [debug]: Started analyzing model lab_staging.powerpath_cyto_biopsy_bronze
20:20:38.188474 [debug]: Finished rendering [  0.00s] model lab_staging.date_filter_bronze [success]
20:20:38.188494 [debug]: Started analyzing model lab_staging.date_filter_bronze
20:20:38.188522 [debug]: Finished rendering [  0.00s] model lab_staging.powerpath_cyto_biopsy_silverv2 [success]
20:20:38.188535 [info ]: Finished rendering [  0.00s] (3 nodes, 0 skipped, 0 errors)
20:20:38.188549 [debug]: Started analyzing model lab_staging.powerpath_cyto_biopsy_silverv2
20:20:38.189192 [warn ]: [SyntaxInvalid (dbt0101)]: mismatched input 'with_setting' expecting one of <EOF>, 'ALTER', 'ANALYZE', 'COMMENT', 'COMMIT', 'CREATE', 'DELETE' ...
  --> models/bronze/powerpath_cyto_biopsy_bronze.sql:4:1 (target\.lsp\compiled\lab_dbt\models\bronze\powerpath_cyto_biopsy_bronze.sql:4:1)
20:20:38.189289 [info ]:  Succeeded [  0.00s] model lab_staging.powerpath_cyto_biopsy_bronze (table)
20:20:38.189307 [debug]: Finished analyzing [  0.00s] model lab_staging.powerpath_cyto_biopsy_bronze [success]
20:20:38.190106 [debug]: Finished analyzing [  0.00s] model lab_staging.date_filter_bronze [success]
20:20:38.190143 [info ]:  Succeeded [  0.00s] model lab_staging.date_filter_bronze (table)
20:20:38.192067 [debug]: Finished analyzing [  0.00s] model lab_staging.powerpath_cyto_biopsy_silverv2 [success]
20:20:38.192102 [info ]: Finished analyzing [  0.00s] (3 nodes, 0 skipped, 0 errors)
20:20:38.192118 [info ]:  Succeeded [  0.01s] model lab_staging.powerpath_cyto_biopsy_silverv2 (table)
20:20:38.200219 [info ]: Started scheduling
20:20:38.200325 [info ]: Finished scheduling [  0.00s]
20:20:38.201448 [info ]: Cached model count updated: 3 models (accurate)
20:22:19.627265 [info ]: Started loading project
20:22:19.628552 [info ]: Loading ~/.dbt/profiles.yml
20:22:19.655354 [info ]: Started parsing
20:22:19.919646 [info ]: Finished loading project [  0.29s]
20:22:19.922808 [debug]: Finished parsing models/bronze/powerpath_cyto_biopsy_bronze.sql [  0.00s]
20:22:19.925801 [warn ]: [UnusedResourceConfigPath (dbt1097)]: Configuration paths exist in your dbt_project.yml file which do not apply to any resources.
There are 1 unused configuration paths:
- models.lab_dbt.gold
20:22:19.931321 [info ]: Cached model count updated: 3 models (estimate)
20:22:19.931341 [info ]: Cached model count updated: 3 models (accurate)
20:22:19.931368 [info ]: Started scheduling
20:22:19.931435 [info ]: Finished scheduling [  0.00s]
20:22:19.931451 [debug]: Compilation - 1 nodes selected: {"model.lab_dbt.powerpath_cyto_biopsy_bronze"}
20:22:19.933664 [info ]: Started building task graph
20:22:19.933705 [info ]: Finished building task graph [  0.00s]
20:22:19.939139 [info ]: Started rendering (1 nodes)
20:22:19.939172 [info ]: Started model lab_staging.powerpath_cyto_biopsy_bronze
20:22:19.939184 [debug]: Started rendering model lab_staging.powerpath_cyto_biopsy_bronze
20:22:19.939246 [info ]: Finished parsing [  0.28s]
20:22:19.943269 [debug]: Compiled SQL for node model.lab_dbt.powerpath_cyto_biopsy_bronze at target\.lsp\compiled\lab_dbt\models\bronze\powerpath_cyto_biopsy_bronze.sql
20:22:19.943397 [debug]: Finished rendering [  0.00s] model lab_staging.powerpath_cyto_biopsy_bronze [success]
20:22:19.943420 [info ]: Finished rendering [  0.00s] (1 nodes, 0 skipped, 0 errors)
20:22:19.943443 [info ]: Started analyzing (1 nodes)
20:22:19.943451 [debug]: Started analyzing model lab_staging.powerpath_cyto_biopsy_bronze
20:22:19.943984 [warn ]: [SyntaxInvalid (dbt0101)]: mismatched input 'with_setting' expecting one of <EOF>, 'ALTER', 'ANALYZE', 'COMMENT', 'COMMIT', 'CREATE', 'DELETE' ...
  --> models/bronze/powerpath_cyto_biopsy_bronze.sql:4:1 (target\.lsp\compiled\lab_dbt\models\bronze\powerpath_cyto_biopsy_bronze.sql:4:1)
20:22:19.944066 [debug]: Finished analyzing [  0.00s] model lab_staging.powerpath_cyto_biopsy_bronze [success]
20:22:19.944069 [info ]:  Succeeded [  0.00s] model lab_staging.powerpath_cyto_biopsy_bronze (table)
20:22:19.944079 [info ]: Finished analyzing [  0.00s] (1 nodes, 0 skipped, 0 errors)
20:22:19.949268 [info ]: Started scheduling
20:22:19.949393 [info ]: Finished scheduling [  0.00s]
20:22:19.950946 [info ]: Cached model count updated: 3 models (accurate)
20:22:21.507056 [info ]: Started loading project
20:22:21.508330 [info ]: Loading ~/.dbt/profiles.yml
20:22:21.586032 [info ]: Cached model count updated: 3 models (estimate)
20:22:21.586062 [info ]: Cached model count updated: 3 models (accurate)
20:22:21.586099 [info ]: Started scheduling
20:22:21.586197 [info ]: Finished scheduling [  0.00s]
20:22:21.586217 [debug]: Compilation - 3 nodes selected: {"model.lab_dbt.date_filter_bronze", "model.lab_dbt.powerpath_cyto_biopsy_bronze", "model.lab_dbt.powerpath_cyto_biopsy_silverv2"}
20:22:21.589367 [info ]: Started building task graph
20:22:21.589447 [info ]: Finished building task graph [  0.00s]
20:22:21.597226 [info ]: Started rendering (3 nodes)
20:22:21.597265 [info ]: Started model lab_staging.powerpath_cyto_biopsy_silverv2
20:22:21.597281 [debug]: Started rendering model lab_staging.powerpath_cyto_biopsy_silverv2
20:22:21.597317 [info ]: Started model lab_staging.powerpath_cyto_biopsy_bronze
20:22:21.597336 [debug]: Started rendering model lab_staging.powerpath_cyto_biopsy_bronze
20:22:21.597350 [info ]: Finished loading project [  0.09s]
20:22:21.597361 [info ]: Started model lab_staging.date_filter_bronze
20:22:21.597373 [debug]: Started rendering model lab_staging.date_filter_bronze
20:22:21.601404 [debug]: Compiled SQL for node model.lab_dbt.powerpath_cyto_biopsy_silverv2 at target\.lsp\compiled\lab_dbt\models\silver\powerpath_cyto_biopsy_silverv2.sql
20:22:21.601502 [debug]: Compiled SQL for node model.lab_dbt.date_filter_bronze at target\.lsp\compiled\lab_dbt\models\bronze\date_filter_bronze.sql
20:22:21.601600 [debug]: Finished rendering [  0.00s] model lab_staging.powerpath_cyto_biopsy_silverv2 [success]
20:22:21.601642 [info ]: Started analyzing (3 nodes)
20:22:21.601655 [debug]: Started analyzing model lab_staging.powerpath_cyto_biopsy_silverv2
20:22:21.602073 [debug]: Finished rendering [  0.00s] model lab_staging.date_filter_bronze [success]
20:22:21.602100 [debug]: Started analyzing model lab_staging.date_filter_bronze
20:22:21.603667 [debug]: Finished analyzing [  0.00s] model lab_staging.date_filter_bronze [success]
20:22:21.603703 [info ]:  Succeeded [  0.01s] model lab_staging.date_filter_bronze (table)
20:22:21.604591 [debug]: Compiled SQL for node model.lab_dbt.powerpath_cyto_biopsy_bronze at target\.lsp\compiled\lab_dbt\models\bronze\powerpath_cyto_biopsy_bronze.sql
20:22:21.604887 [debug]: Finished rendering [  0.01s] model lab_staging.powerpath_cyto_biopsy_bronze [success]
20:22:21.604915 [info ]: Finished rendering [  0.01s] (3 nodes, 0 skipped, 0 errors)
20:22:21.604941 [debug]: Started analyzing model lab_staging.powerpath_cyto_biopsy_bronze
20:22:21.605676 [warn ]: [SyntaxInvalid (dbt0101)]: mismatched input 'with_setting' expecting one of <EOF>, 'ALTER', 'ANALYZE', 'COMMENT', 'COMMIT', 'CREATE', 'DELETE' ...
  --> models/bronze/powerpath_cyto_biopsy_bronze.sql:4:1 (target\.lsp\compiled\lab_dbt\models\bronze\powerpath_cyto_biopsy_bronze.sql:4:1)
20:22:21.605798 [info ]:  Succeeded [  0.01s] model lab_staging.powerpath_cyto_biopsy_bronze (table)
20:22:21.605806 [debug]: Finished analyzing [  0.00s] model lab_staging.powerpath_cyto_biopsy_bronze [success]
20:22:21.608551 [debug]: Finished analyzing [  0.01s] model lab_staging.powerpath_cyto_biopsy_silverv2 [success]
20:22:21.608588 [info ]: Finished analyzing [  0.01s] (3 nodes, 0 skipped, 0 errors)
20:22:21.608602 [info ]:  Succeeded [  0.01s] model lab_staging.powerpath_cyto_biopsy_silverv2 (table)
20:22:21.617386 [info ]: Started scheduling
20:22:21.617447 [info ]: Finished scheduling [  0.00s]
20:22:21.618432 [info ]: Cached model count updated: 3 models (accurate)
20:23:03.824104 [info ]: Started loading project
20:23:03.825172 [info ]: Loading ~/.dbt/profiles.yml
20:23:03.850544 [info ]: Started parsing
20:23:04.080396 [info ]: Finished loading project [  0.26s]
20:23:04.083843 [debug]: Finished parsing models/bronze/powerpath_cyto_biopsy_bronze.sql [  0.00s]
20:23:04.086742 [warn ]: [UnusedResourceConfigPath (dbt1097)]: Configuration paths exist in your dbt_project.yml file which do not apply to any resources.
There are 1 unused configuration paths:
- models.lab_dbt.gold
20:23:04.091260 [info ]: Cached model count updated: 3 models (estimate)
20:23:04.091279 [info ]: Cached model count updated: 3 models (accurate)
20:23:04.091313 [info ]: Started scheduling
20:23:04.091381 [info ]: Finished scheduling [  0.00s]
20:23:04.091398 [debug]: Compilation - 1 nodes selected: {"model.lab_dbt.powerpath_cyto_biopsy_bronze"}
20:23:04.093574 [info ]: Started building task graph
20:23:04.093626 [info ]: Finished building task graph [  0.00s]
20:23:04.099202 [info ]: Started rendering (1 nodes)
20:23:04.099235 [info ]: Started model lab_staging.powerpath_cyto_biopsy_bronze
20:23:04.099251 [debug]: Started rendering model lab_staging.powerpath_cyto_biopsy_bronze
20:23:04.099308 [info ]: Finished parsing [  0.25s]
20:23:04.103261 [debug]: Compiled SQL for node model.lab_dbt.powerpath_cyto_biopsy_bronze at target\.lsp\compiled\lab_dbt\models\bronze\powerpath_cyto_biopsy_bronze.sql
20:23:04.103453 [debug]: Finished rendering [  0.00s] model lab_staging.powerpath_cyto_biopsy_bronze [success]
20:23:04.103477 [info ]: Finished rendering [  0.00s] (1 nodes, 0 skipped, 0 errors)
20:23:04.103501 [info ]: Started analyzing (1 nodes)
20:23:04.103510 [debug]: Started analyzing model lab_staging.powerpath_cyto_biopsy_bronze
20:23:04.111827 [debug]: Finished analyzing [  0.01s] model lab_staging.powerpath_cyto_biopsy_bronze [success]
20:23:04.111861 [info ]: Finished analyzing [  0.01s] (1 nodes, 0 skipped, 0 errors)
20:23:04.111876 [info ]:  Succeeded [  0.01s] model lab_staging.powerpath_cyto_biopsy_bronze (table)
20:23:04.117908 [info ]: Started scheduling
20:23:04.118007 [info ]: Finished scheduling [  0.00s]
20:23:04.119333 [info ]: Cached model count updated: 3 models (accurate)
20:23:05.679678 [info ]: Started loading project
20:23:05.680767 [info ]: Loading ~/.dbt/profiles.yml
20:23:05.730858 [info ]: Cached model count updated: 3 models (estimate)
20:23:05.730884 [info ]: Cached model count updated: 3 models (accurate)
20:23:05.730918 [info ]: Started scheduling
20:23:05.731006 [info ]: Finished scheduling [  0.00s]
20:23:05.731026 [debug]: Compilation - 3 nodes selected: {"model.lab_dbt.date_filter_bronze", "model.lab_dbt.powerpath_cyto_biopsy_bronze", "model.lab_dbt.powerpath_cyto_biopsy_silverv2"}
20:23:05.733145 [info ]: Started building task graph
20:23:05.733217 [info ]: Finished building task graph [  0.00s]
20:23:05.739181 [info ]: Started rendering (3 nodes)
20:23:05.739208 [info ]: Started model lab_staging.powerpath_cyto_biopsy_silverv2
20:23:05.739223 [debug]: Started rendering model lab_staging.powerpath_cyto_biopsy_silverv2
20:23:05.739246 [info ]: Started model lab_staging.powerpath_cyto_biopsy_bronze
20:23:05.739255 [debug]: Started rendering model lab_staging.powerpath_cyto_biopsy_bronze
20:23:05.739277 [info ]: Started model lab_staging.date_filter_bronze
20:23:05.739278 [info ]: Finished loading project [  0.06s]
20:23:05.739288 [debug]: Started rendering model lab_staging.date_filter_bronze
20:23:05.741103 [debug]: Compiled SQL for node model.lab_dbt.powerpath_cyto_biopsy_silverv2 at target\.lsp\compiled\lab_dbt\models\silver\powerpath_cyto_biopsy_silverv2.sql
20:23:05.741177 [debug]: Compiled SQL for node model.lab_dbt.powerpath_cyto_biopsy_bronze at target\.lsp\compiled\lab_dbt\models\bronze\powerpath_cyto_biopsy_bronze.sql
20:23:05.741219 [debug]: Finished rendering [  0.00s] model lab_staging.powerpath_cyto_biopsy_silverv2 [success]
20:23:05.741260 [info ]: Started analyzing (3 nodes)
20:23:05.741277 [debug]: Started analyzing model lab_staging.powerpath_cyto_biopsy_silverv2
20:23:05.741309 [debug]: Finished rendering [  0.00s] model lab_staging.powerpath_cyto_biopsy_bronze [success]
20:23:05.741329 [debug]: Started analyzing model lab_staging.powerpath_cyto_biopsy_bronze
20:23:05.741410 [debug]: Compiled SQL for node model.lab_dbt.date_filter_bronze at target\.lsp\compiled\lab_dbt\models\bronze\date_filter_bronze.sql
20:23:05.741483 [debug]: Finished rendering [  0.00s] model lab_staging.date_filter_bronze [success]
20:23:05.741500 [info ]: Finished rendering [  0.00s] (3 nodes, 0 skipped, 0 errors)
20:23:05.741517 [debug]: Started analyzing model lab_staging.date_filter_bronze
20:23:05.742722 [debug]: Finished analyzing [  0.00s] model lab_staging.powerpath_cyto_biopsy_bronze [success]
20:23:05.742755 [info ]:  Succeeded [  0.00s] model lab_staging.powerpath_cyto_biopsy_bronze (table)
20:23:05.742802 [debug]: Finished analyzing [  0.00s] model lab_staging.date_filter_bronze [success]
20:23:05.742817 [info ]:  Succeeded [  0.00s] model lab_staging.date_filter_bronze (table)
20:23:05.744607 [debug]: Finished analyzing [  0.00s] model lab_staging.powerpath_cyto_biopsy_silverv2 [success]
20:23:05.744634 [info ]: Finished analyzing [  0.00s] (3 nodes, 0 skipped, 0 errors)
20:23:05.744644 [info ]:  Succeeded [  0.00s] model lab_staging.powerpath_cyto_biopsy_silverv2 (table)
20:23:05.748969 [info ]: Started scheduling
20:23:05.749040 [info ]: Finished scheduling [  0.00s]
20:23:05.750133 [info ]: Cached model count updated: 3 models (accurate)
20:24:05.569928 [info ]: Started loading project
20:24:05.570947 [info ]: Loading ~/.dbt/profiles.yml
20:24:05.597213 [info ]: Started parsing
20:24:05.845002 [info ]: Finished loading project [  0.28s]
20:24:05.848021 [debug]: Finished parsing models/bronze/powerpath_cyto_biopsy_bronze.sql [  0.00s]
20:24:05.850904 [warn ]: [UnusedResourceConfigPath (dbt1097)]: Configuration paths exist in your dbt_project.yml file which do not apply to any resources.
There are 1 unused configuration paths:
- models.lab_dbt.gold
20:24:05.856064 [info ]: Cached model count updated: 3 models (estimate)
20:24:05.856082 [info ]: Cached model count updated: 3 models (accurate)
20:24:05.856112 [info ]: Started scheduling
20:24:05.856179 [info ]: Finished scheduling [  0.00s]
20:24:05.856194 [debug]: Compilation - 1 nodes selected: {"model.lab_dbt.powerpath_cyto_biopsy_bronze"}
20:24:05.858899 [info ]: Started building task graph
20:24:05.858960 [info ]: Finished building task graph [  0.00s]
20:24:05.864831 [info ]: Started rendering (1 nodes)
20:24:05.864865 [info ]: Started model lab_staging.powerpath_cyto_biopsy_bronze
20:24:05.864876 [debug]: Started rendering model lab_staging.powerpath_cyto_biopsy_bronze
20:24:05.864926 [info ]: Finished parsing [  0.27s]
20:24:05.869134 [debug]: Compiled SQL for node model.lab_dbt.powerpath_cyto_biopsy_bronze at target\.lsp\compiled\lab_dbt\models\bronze\powerpath_cyto_biopsy_bronze.sql
20:24:05.869280 [debug]: Finished rendering [  0.00s] model lab_staging.powerpath_cyto_biopsy_bronze [success]
20:24:05.869312 [info ]: Finished rendering [  0.00s] (1 nodes, 0 skipped, 0 errors)
20:24:05.869339 [info ]: Started analyzing (1 nodes)
20:24:05.869350 [debug]: Started analyzing model lab_staging.powerpath_cyto_biopsy_bronze
20:24:05.870879 [debug]: Finished analyzing [  0.00s] model lab_staging.powerpath_cyto_biopsy_bronze [success]
20:24:05.870901 [info ]: Finished analyzing [  0.00s] (1 nodes, 0 skipped, 0 errors)
20:24:05.870911 [info ]:  Succeeded [  0.01s] model lab_staging.powerpath_cyto_biopsy_bronze (table)
20:24:05.876039 [info ]: Started scheduling
20:24:05.876127 [info ]: Finished scheduling [  0.00s]
20:24:05.877367 [info ]: Cached model count updated: 3 models (accurate)
20:24:07.435900 [info ]: Started loading project
20:24:07.437152 [info ]: Loading ~/.dbt/profiles.yml
20:24:07.521356 [info ]: Cached model count updated: 3 models (estimate)
20:24:07.521374 [info ]: Cached model count updated: 3 models (accurate)
20:24:07.521402 [info ]: Started scheduling
20:24:07.521467 [info ]: Finished scheduling [  0.00s]
20:24:07.521482 [debug]: Compilation - 3 nodes selected: {"model.lab_dbt.date_filter_bronze", "model.lab_dbt.powerpath_cyto_biopsy_bronze", "model.lab_dbt.powerpath_cyto_biopsy_silverv2"}
20:24:07.525266 [info ]: Started building task graph
20:24:07.525440 [info ]: Finished building task graph [  0.00s]
20:24:07.533046 [info ]: Started rendering (3 nodes)
20:24:07.533080 [info ]: Started model lab_staging.powerpath_cyto_biopsy_silverv2
20:24:07.533095 [debug]: Started rendering model lab_staging.powerpath_cyto_biopsy_silverv2
20:24:07.533125 [info ]: Started model lab_staging.powerpath_cyto_biopsy_bronze
20:24:07.533141 [debug]: Started rendering model lab_staging.powerpath_cyto_biopsy_bronze
20:24:07.533149 [info ]: Finished loading project [  0.10s]
20:24:07.533165 [info ]: Started model lab_staging.date_filter_bronze
20:24:07.533179 [debug]: Started rendering model lab_staging.date_filter_bronze
20:24:07.535636 [debug]: Compiled SQL for node model.lab_dbt.powerpath_cyto_biopsy_silverv2 at target\.lsp\compiled\lab_dbt\models\silver\powerpath_cyto_biopsy_silverv2.sql
20:24:07.535727 [debug]: Finished rendering [  0.00s] model lab_staging.powerpath_cyto_biopsy_silverv2 [success]
20:24:07.535786 [info ]: Started analyzing (3 nodes)
20:24:07.535797 [debug]: Started analyzing model lab_staging.powerpath_cyto_biopsy_silverv2
20:24:07.536005 [debug]: Compiled SQL for node model.lab_dbt.powerpath_cyto_biopsy_bronze at target\.lsp\compiled\lab_dbt\models\bronze\powerpath_cyto_biopsy_bronze.sql
20:24:07.536097 [debug]: Finished rendering [  0.00s] model lab_staging.powerpath_cyto_biopsy_bronze [success]
20:24:07.536125 [debug]: Started analyzing model lab_staging.powerpath_cyto_biopsy_bronze
20:24:07.536492 [debug]: Compiled SQL for node model.lab_dbt.date_filter_bronze at target\.lsp\compiled\lab_dbt\models\bronze\date_filter_bronze.sql
20:24:07.536653 [debug]: Finished rendering [  0.00s] model lab_staging.date_filter_bronze [success]
20:24:07.536676 [info ]: Finished rendering [  0.00s] (3 nodes, 0 skipped, 0 errors)
20:24:07.536701 [debug]: Started analyzing model lab_staging.date_filter_bronze
20:24:07.537424 [debug]: Finished analyzing [  0.00s] model lab_staging.powerpath_cyto_biopsy_bronze [success]
20:24:07.537451 [info ]:  Succeeded [  0.00s] model lab_staging.powerpath_cyto_biopsy_bronze (table)
20:24:07.538151 [debug]: Finished analyzing [  0.00s] model lab_staging.date_filter_bronze [success]
20:24:07.538177 [info ]:  Succeeded [  0.00s] model lab_staging.date_filter_bronze (table)
20:24:07.540405 [debug]: Finished analyzing [  0.00s] model lab_staging.powerpath_cyto_biopsy_silverv2 [success]
20:24:07.540444 [info ]: Finished analyzing [  0.00s] (3 nodes, 0 skipped, 0 errors)
20:24:07.540458 [info ]:  Succeeded [  0.01s] model lab_staging.powerpath_cyto_biopsy_silverv2 (table)
20:24:07.546700 [info ]: Started scheduling
20:24:07.546771 [info ]: Finished scheduling [  0.00s]
20:24:07.547775 [info ]: Cached model count updated: 3 models (accurate)
20:25:22.394296 [info ]: Started loading project
20:25:22.395358 [info ]: Loading ~/.dbt/profiles.yml
20:25:22.423036 [info ]: Started parsing
20:25:22.684292 [info ]: Finished loading project [  0.29s]
20:25:22.688092 [debug]: Finished parsing models/silver/powerpath_cyto_biopsy_silverv2.sql [  0.00s]
20:25:22.691798 [warn ]: [UnusedResourceConfigPath (dbt1097)]: Configuration paths exist in your dbt_project.yml file which do not apply to any resources.
There are 1 unused configuration paths:
- models.lab_dbt.gold
20:25:22.696512 [info ]: Cached model count updated: 3 models (estimate)
20:25:22.696531 [info ]: Cached model count updated: 3 models (accurate)
20:25:22.696580 [info ]: Started scheduling
20:25:22.696687 [info ]: Finished scheduling [  0.00s]
20:25:22.696707 [debug]: Compilation - 3 nodes selected: {"model.lab_dbt.date_filter_bronze", "model.lab_dbt.powerpath_cyto_biopsy_bronze", "model.lab_dbt.powerpath_cyto_biopsy_silverv2"}
20:25:22.698840 [info ]: Started building task graph
20:25:22.698906 [info ]: Finished building task graph [  0.00s]
20:25:22.706965 [info ]: Started rendering (3 nodes)
20:25:22.707015 [info ]: Started model lab_staging.powerpath_cyto_biopsy_silverv2
20:25:22.707035 [debug]: Started rendering model lab_staging.powerpath_cyto_biopsy_silverv2
20:25:22.707074 [info ]: Started model lab_staging.powerpath_cyto_biopsy_bronze
20:25:22.707103 [debug]: Started rendering model lab_staging.powerpath_cyto_biopsy_bronze
20:25:22.707127 [info ]: Started model lab_staging.date_filter_bronze
20:25:22.707146 [debug]: Started rendering model lab_staging.date_filter_bronze
20:25:22.707148 [info ]: Finished parsing [  0.28s]
20:25:22.710080 [debug]: Compiled SQL for node model.lab_dbt.powerpath_cyto_biopsy_bronze at target\.lsp\compiled\lab_dbt\models\bronze\powerpath_cyto_biopsy_bronze.sql
20:25:22.710204 [debug]: Finished rendering [  0.00s] model lab_staging.powerpath_cyto_biopsy_bronze [success]
20:25:22.710248 [debug]: Compiled SQL for node model.lab_dbt.date_filter_bronze at target\.lsp\compiled\lab_dbt\models\bronze\date_filter_bronze.sql
20:25:22.710257 [info ]: Started analyzing (3 nodes)
20:25:22.710270 [debug]: Started analyzing model lab_staging.powerpath_cyto_biopsy_bronze
20:25:22.710301 [debug]: Finished rendering [  0.00s] model lab_staging.date_filter_bronze [success]
20:25:22.710319 [debug]: Started analyzing model lab_staging.date_filter_bronze
20:25:22.711458 [debug]: Finished analyzing [  0.00s] model lab_staging.powerpath_cyto_biopsy_bronze [success]
20:25:22.711493 [info ]:  Succeeded [  0.00s] model lab_staging.powerpath_cyto_biopsy_bronze (table)
20:25:22.711723 [debug]: Finished analyzing [  0.00s] model lab_staging.date_filter_bronze [success]
20:25:22.711743 [info ]:  Succeeded [  0.00s] model lab_staging.date_filter_bronze (table)
20:25:22.712459 [debug]: Compiled SQL for node model.lab_dbt.powerpath_cyto_biopsy_silverv2 at target\.lsp\compiled\lab_dbt\models\silver\powerpath_cyto_biopsy_silverv2.sql
20:25:22.712577 [debug]: Finished rendering [  0.01s] model lab_staging.powerpath_cyto_biopsy_silverv2 [success]
20:25:22.712599 [info ]: Finished rendering [  0.01s] (3 nodes, 0 skipped, 0 errors)
20:25:22.712623 [debug]: Started analyzing model lab_staging.powerpath_cyto_biopsy_silverv2
20:25:22.716924 [debug]: Finished analyzing [  0.00s] model lab_staging.powerpath_cyto_biopsy_silverv2 [success]
20:25:22.716951 [info ]: Finished analyzing [  0.01s] (3 nodes, 0 skipped, 0 errors)
20:25:22.716962 [info ]:  Succeeded [  0.01s] model lab_staging.powerpath_cyto_biopsy_silverv2 (table)
20:25:22.722174 [info ]: Started scheduling
20:25:22.722260 [info ]: Finished scheduling [  0.00s]
20:25:22.723808 [info ]: Cached model count updated: 3 models (accurate)
20:25:24.284112 [info ]: Started loading project
20:25:24.286236 [info ]: Loading ~/.dbt/profiles.yml
20:25:24.353032 [info ]: Cached model count updated: 3 models (estimate)
20:25:24.353054 [info ]: Cached model count updated: 3 models (accurate)
20:25:24.353084 [info ]: Started scheduling
20:25:24.353175 [info ]: Finished scheduling [  0.00s]
20:25:24.353198 [debug]: Compilation - 3 nodes selected: {"model.lab_dbt.date_filter_bronze", "model.lab_dbt.powerpath_cyto_biopsy_bronze", "model.lab_dbt.powerpath_cyto_biopsy_silverv2"}
20:25:24.357124 [info ]: Started building task graph
20:25:24.357220 [info ]: Finished building task graph [  0.00s]
20:25:24.363374 [info ]: Started rendering (3 nodes)
20:25:24.363410 [info ]: Started model lab_staging.powerpath_cyto_biopsy_silverv2
20:25:24.363425 [debug]: Started rendering model lab_staging.powerpath_cyto_biopsy_silverv2
20:25:24.363455 [info ]: Started model lab_staging.powerpath_cyto_biopsy_bronze
20:25:24.363474 [debug]: Started rendering model lab_staging.powerpath_cyto_biopsy_bronze
20:25:24.363481 [info ]: Finished loading project [  0.08s]
20:25:24.363497 [info ]: Started model lab_staging.date_filter_bronze
20:25:24.363512 [debug]: Started rendering model lab_staging.date_filter_bronze
20:25:24.365304 [debug]: Compiled SQL for node model.lab_dbt.powerpath_cyto_biopsy_bronze at target\.lsp\compiled\lab_dbt\models\bronze\powerpath_cyto_biopsy_bronze.sql
20:25:24.365451 [debug]: Compiled SQL for node model.lab_dbt.powerpath_cyto_biopsy_silverv2 at target\.lsp\compiled\lab_dbt\models\silver\powerpath_cyto_biopsy_silverv2.sql
20:25:24.365487 [debug]: Compiled SQL for node model.lab_dbt.date_filter_bronze at target\.lsp\compiled\lab_dbt\models\bronze\date_filter_bronze.sql
20:25:24.365562 [debug]: Finished rendering [  0.00s] model lab_staging.powerpath_cyto_biopsy_bronze [success]
20:25:24.365604 [info ]: Started analyzing (3 nodes)
20:25:24.365618 [debug]: Started analyzing model lab_staging.powerpath_cyto_biopsy_bronze
20:25:24.365652 [debug]: Finished rendering [  0.00s] model lab_staging.powerpath_cyto_biopsy_silverv2 [success]
20:25:24.365669 [debug]: Started analyzing model lab_staging.powerpath_cyto_biopsy_silverv2
20:25:24.365689 [debug]: Finished rendering [  0.00s] model lab_staging.date_filter_bronze [success]
20:25:24.365700 [info ]: Finished rendering [  0.00s] (3 nodes, 0 skipped, 0 errors)
20:25:24.365711 [debug]: Started analyzing model lab_staging.date_filter_bronze
20:25:24.366841 [debug]: Finished analyzing [  0.00s] model lab_staging.powerpath_cyto_biopsy_bronze [success]
20:25:24.366870 [info ]:  Succeeded [  0.00s] model lab_staging.powerpath_cyto_biopsy_bronze (table)
20:25:24.367336 [debug]: Finished analyzing [  0.00s] model lab_staging.date_filter_bronze [success]
20:25:24.367364 [info ]:  Succeeded [  0.00s] model lab_staging.date_filter_bronze (table)
20:25:24.368928 [debug]: Finished analyzing [  0.00s] model lab_staging.powerpath_cyto_biopsy_silverv2 [success]
20:25:24.368960 [info ]: Finished analyzing [  0.00s] (3 nodes, 0 skipped, 0 errors)
20:25:24.368975 [info ]:  Succeeded [  0.01s] model lab_staging.powerpath_cyto_biopsy_silverv2 (table)
20:25:24.375701 [info ]: Started scheduling
20:25:24.375767 [info ]: Finished scheduling [  0.00s]
20:25:24.376700 [info ]: Cached model count updated: 3 models (accurate)
20:25:25.626218 [info ]: Started loading project
20:25:25.627104 [info ]: Loading ~/.dbt/profiles.yml
20:25:25.653185 [info ]: Started parsing
20:25:25.921145 [info ]: Finished loading project [  0.29s]
20:25:25.925887 [debug]: Finished parsing models/silver/powerpath_cyto_biopsy_silverv2.sql [  0.00s]
20:25:25.929765 [warn ]: [UnusedResourceConfigPath (dbt1097)]: Configuration paths exist in your dbt_project.yml file which do not apply to any resources.
There are 1 unused configuration paths:
- models.lab_dbt.gold
20:25:25.937307 [info ]: Cached model count updated: 3 models (estimate)
20:25:25.937339 [info ]: Cached model count updated: 3 models (accurate)
20:25:25.937384 [info ]: Started scheduling
20:25:25.937480 [info ]: Finished scheduling [  0.00s]
20:25:25.937505 [debug]: Compilation - 3 nodes selected: {"model.lab_dbt.date_filter_bronze", "model.lab_dbt.powerpath_cyto_biopsy_bronze", "model.lab_dbt.powerpath_cyto_biopsy_silverv2"}
20:25:25.940233 [info ]: Started building task graph
20:25:25.940315 [info ]: Finished building task graph [  0.00s]
20:25:25.947513 [info ]: Started rendering (3 nodes)
20:25:25.947545 [info ]: Started model lab_staging.powerpath_cyto_biopsy_silverv2
20:25:25.947561 [debug]: Started rendering model lab_staging.powerpath_cyto_biopsy_silverv2
20:25:25.947584 [info ]: Started model lab_staging.powerpath_cyto_biopsy_bronze
20:25:25.947590 [debug]: Started rendering model lab_staging.powerpath_cyto_biopsy_bronze
20:25:25.947611 [info ]: Started model lab_staging.date_filter_bronze
20:25:25.947626 [debug]: Started rendering model lab_staging.date_filter_bronze
20:25:25.947631 [info ]: Finished parsing [  0.29s]
20:25:25.950718 [debug]: Compiled SQL for node model.lab_dbt.date_filter_bronze at target\.lsp\compiled\lab_dbt\models\bronze\date_filter_bronze.sql
20:25:25.950933 [debug]: Finished rendering [  0.00s] model lab_staging.date_filter_bronze [success]
20:25:25.950980 [info ]: Started analyzing (3 nodes)
20:25:25.950994 [debug]: Started analyzing model lab_staging.date_filter_bronze
20:25:25.952021 [debug]: Compiled SQL for node model.lab_dbt.powerpath_cyto_biopsy_bronze at target\.lsp\compiled\lab_dbt\models\bronze\powerpath_cyto_biopsy_bronze.sql
20:25:25.952257 [debug]: Finished rendering [  0.00s] model lab_staging.powerpath_cyto_biopsy_bronze [success]
20:25:25.952407 [debug]: Started analyzing model lab_staging.powerpath_cyto_biopsy_bronze
20:25:25.953016 [debug]: Finished analyzing [  0.00s] model lab_staging.date_filter_bronze [success]
20:25:25.953043 [info ]:  Succeeded [  0.01s] model lab_staging.date_filter_bronze (table)
20:25:25.955911 [debug]: Compiled SQL for node model.lab_dbt.powerpath_cyto_biopsy_silverv2 at target\.lsp\compiled\lab_dbt\models\silver\powerpath_cyto_biopsy_silverv2.sql
20:25:25.956114 [debug]: Finished rendering [  0.01s] model lab_staging.powerpath_cyto_biopsy_silverv2 [success]
20:25:25.956146 [info ]: Finished rendering [  0.01s] (3 nodes, 0 skipped, 0 errors)
20:25:25.956178 [debug]: Started analyzing model lab_staging.powerpath_cyto_biopsy_silverv2
20:25:25.957066 [debug]: Finished analyzing [  0.00s] model lab_staging.powerpath_cyto_biopsy_bronze [success]
20:25:25.957112 [info ]:  Succeeded [  0.01s] model lab_staging.powerpath_cyto_biopsy_bronze (table)
20:25:25.960927 [debug]: Finished analyzing [  0.00s] model lab_staging.powerpath_cyto_biopsy_silverv2 [success]
20:25:25.960965 [info ]: Finished analyzing [  0.01s] (3 nodes, 0 skipped, 0 errors)
20:25:25.960986 [info ]:  Succeeded [  0.01s] model lab_staging.powerpath_cyto_biopsy_silverv2 (table)
20:25:25.967897 [info ]: Started scheduling
20:25:25.968038 [info ]: Finished scheduling [  0.00s]
20:25:25.970103 [info ]: Cached model count updated: 3 models (accurate)
20:25:27.530011 [info ]: Started loading project
20:25:27.531149 [info ]: Loading ~/.dbt/profiles.yml
20:25:27.593348 [info ]: Cached model count updated: 3 models (estimate)
20:25:27.593371 [info ]: Cached model count updated: 3 models (accurate)
20:25:27.593402 [info ]: Started scheduling
20:25:27.593492 [info ]: Finished scheduling [  0.00s]
20:25:27.593510 [debug]: Compilation - 3 nodes selected: {"model.lab_dbt.date_filter_bronze", "model.lab_dbt.powerpath_cyto_biopsy_bronze", "model.lab_dbt.powerpath_cyto_biopsy_silverv2"}
20:25:27.595813 [info ]: Started building task graph
20:25:27.595903 [info ]: Finished building task graph [  0.00s]
20:25:27.604864 [info ]: Started rendering (3 nodes)
20:25:27.604897 [info ]: Started model lab_staging.powerpath_cyto_biopsy_silverv2
20:25:27.604910 [debug]: Started rendering model lab_staging.powerpath_cyto_biopsy_silverv2
20:25:27.604940 [info ]: Started model lab_staging.powerpath_cyto_biopsy_bronze
20:25:27.604953 [debug]: Started rendering model lab_staging.powerpath_cyto_biopsy_bronze
20:25:27.604975 [info ]: Started model lab_staging.date_filter_bronze
20:25:27.604974 [info ]: Finished loading project [  0.07s]
20:25:27.604987 [debug]: Started rendering model lab_staging.date_filter_bronze
20:25:27.607557 [debug]: Compiled SQL for node model.lab_dbt.powerpath_cyto_biopsy_bronze at target\.lsp\compiled\lab_dbt\models\bronze\powerpath_cyto_biopsy_bronze.sql
20:25:27.607557 [debug]: Compiled SQL for node model.lab_dbt.date_filter_bronze at target\.lsp\compiled\lab_dbt\models\bronze\date_filter_bronze.sql
20:25:27.607576 [debug]: Compiled SQL for node model.lab_dbt.powerpath_cyto_biopsy_silverv2 at target\.lsp\compiled\lab_dbt\models\silver\powerpath_cyto_biopsy_silverv2.sql
20:25:27.607657 [debug]: Finished rendering [  0.00s] model lab_staging.powerpath_cyto_biopsy_bronze [success]
20:25:27.607699 [info ]: Started analyzing (3 nodes)
20:25:27.607718 [debug]: Started analyzing model lab_staging.powerpath_cyto_biopsy_bronze
20:25:27.607754 [debug]: Finished rendering [  0.00s] model lab_staging.date_filter_bronze [success]
20:25:27.607774 [debug]: Started analyzing model lab_staging.date_filter_bronze
20:25:27.607805 [debug]: Finished rendering [  0.00s] model lab_staging.powerpath_cyto_biopsy_silverv2 [success]
20:25:27.607816 [info ]: Finished rendering [  0.00s] (3 nodes, 0 skipped, 0 errors)
20:25:27.607831 [debug]: Started analyzing model lab_staging.powerpath_cyto_biopsy_silverv2
20:25:27.608743 [debug]: Finished analyzing [  0.00s] model lab_staging.powerpath_cyto_biopsy_bronze [success]
20:25:27.608805 [info ]:  Succeeded [  0.00s] model lab_staging.powerpath_cyto_biopsy_bronze (table)
20:25:27.609318 [debug]: Finished analyzing [  0.00s] model lab_staging.date_filter_bronze [success]
20:25:27.609345 [info ]:  Succeeded [  0.00s] model lab_staging.date_filter_bronze (table)
20:25:27.610722 [debug]: Finished analyzing [  0.00s] model lab_staging.powerpath_cyto_biopsy_silverv2 [success]
20:25:27.610741 [info ]: Finished analyzing [  0.00s] (3 nodes, 0 skipped, 0 errors)
20:25:27.610756 [info ]:  Succeeded [  0.00s] model lab_staging.powerpath_cyto_biopsy_silverv2 (table)
20:25:27.615027 [info ]: Started scheduling
20:25:27.615074 [info ]: Finished scheduling [  0.00s]
20:25:27.615886 [info ]: Cached model count updated: 3 models (accurate)
20:25:48.446382 [info ]: Started loading project
20:25:48.447368 [info ]: Loading ~/.dbt/profiles.yml
20:25:48.478908 [info ]: Started parsing
20:25:48.769667 [info ]: Finished loading project [  0.32s]
20:25:48.773854 [debug]: Finished parsing models/silver/powerpath_cyto_biopsy_silverv2.sql [  0.00s]
20:25:48.777107 [warn ]: [UnusedResourceConfigPath (dbt1097)]: Configuration paths exist in your dbt_project.yml file which do not apply to any resources.
There are 1 unused configuration paths:
- models.lab_dbt.gold
20:25:48.782261 [info ]: Cached model count updated: 3 models (estimate)
20:25:48.782278 [info ]: Cached model count updated: 3 models (accurate)
20:25:48.782301 [info ]: Started scheduling
20:25:48.782391 [info ]: Finished scheduling [  0.00s]
20:25:48.782404 [debug]: Compilation - 3 nodes selected: {"model.lab_dbt.date_filter_bronze", "model.lab_dbt.powerpath_cyto_biopsy_bronze", "model.lab_dbt.powerpath_cyto_biopsy_silverv2"}
20:25:48.784644 [info ]: Started building task graph
20:25:48.784709 [info ]: Finished building task graph [  0.00s]
20:25:48.791332 [info ]: Started rendering (3 nodes)
20:25:48.791365 [info ]: Started model lab_staging.powerpath_cyto_biopsy_silverv2
20:25:48.791383 [debug]: Started rendering model lab_staging.powerpath_cyto_biopsy_silverv2
20:25:48.791408 [info ]: Started model lab_staging.powerpath_cyto_biopsy_bronze
20:25:48.791414 [debug]: Started rendering model lab_staging.powerpath_cyto_biopsy_bronze
20:25:48.791441 [info ]: Started model lab_staging.date_filter_bronze
20:25:48.791451 [debug]: Started rendering model lab_staging.date_filter_bronze
20:25:48.791510 [info ]: Finished parsing [  0.31s]
20:25:48.793439 [debug]: Compiled SQL for node model.lab_dbt.powerpath_cyto_biopsy_bronze at target\.lsp\compiled\lab_dbt\models\bronze\powerpath_cyto_biopsy_bronze.sql
20:25:48.793533 [debug]: Finished rendering [  0.00s] model lab_staging.powerpath_cyto_biopsy_bronze [success]
20:25:48.793587 [info ]: Started analyzing (3 nodes)
20:25:48.793600 [debug]: Started analyzing model lab_staging.powerpath_cyto_biopsy_bronze
20:25:48.793595 [debug]: Compiled SQL for node model.lab_dbt.date_filter_bronze at target\.lsp\compiled\lab_dbt\models\bronze\date_filter_bronze.sql
20:25:48.793659 [debug]: Finished rendering [  0.00s] model lab_staging.date_filter_bronze [success]
20:25:48.793687 [debug]: Started analyzing model lab_staging.date_filter_bronze
20:25:48.794633 [debug]: Finished analyzing [  0.00s] model lab_staging.powerpath_cyto_biopsy_bronze [success]
20:25:48.794668 [info ]:  Succeeded [  0.00s] model lab_staging.powerpath_cyto_biopsy_bronze (table)
20:25:48.794700 [debug]: Finished analyzing [  0.00s] model lab_staging.date_filter_bronze [success]
20:25:48.794714 [info ]:  Succeeded [  0.00s] model lab_staging.date_filter_bronze (table)
20:25:48.797351 [debug]: Compiled SQL for node model.lab_dbt.powerpath_cyto_biopsy_silverv2 at target\.lsp\compiled\lab_dbt\models\silver\powerpath_cyto_biopsy_silverv2.sql
20:25:48.797511 [debug]: Finished rendering [  0.01s] model lab_staging.powerpath_cyto_biopsy_silverv2 [success]
20:25:48.797535 [info ]: Finished rendering [  0.01s] (3 nodes, 0 skipped, 0 errors)
20:25:48.797555 [debug]: Started analyzing model lab_staging.powerpath_cyto_biopsy_silverv2
20:25:48.799803 [debug]: Finished analyzing [  0.00s] model lab_staging.powerpath_cyto_biopsy_silverv2 [success]
20:25:48.799830 [info ]: Finished analyzing [  0.01s] (3 nodes, 0 skipped, 0 errors)
20:25:48.799841 [info ]:  Succeeded [  0.01s] model lab_staging.powerpath_cyto_biopsy_silverv2 (table)
20:25:48.807293 [info ]: Started scheduling
20:25:48.807372 [info ]: Finished scheduling [  0.00s]
20:25:48.808733 [info ]: Cached model count updated: 3 models (accurate)
20:25:50.363919 [info ]: Started loading project
20:25:50.365162 [info ]: Loading ~/.dbt/profiles.yml
20:25:50.436117 [info ]: Cached model count updated: 3 models (estimate)
20:25:50.436145 [info ]: Cached model count updated: 3 models (accurate)
20:25:50.436200 [info ]: Started scheduling
20:25:50.436364 [info ]: Finished scheduling [  0.00s]
20:25:50.436392 [debug]: Compilation - 3 nodes selected: {"model.lab_dbt.date_filter_bronze", "model.lab_dbt.powerpath_cyto_biopsy_bronze", "model.lab_dbt.powerpath_cyto_biopsy_silverv2"}
20:25:50.440623 [info ]: Started building task graph
20:25:50.440710 [info ]: Finished building task graph [  0.00s]
20:25:50.448563 [info ]: Started rendering (3 nodes)
20:25:50.448608 [info ]: Started model lab_staging.powerpath_cyto_biopsy_silverv2
20:25:50.448626 [debug]: Started rendering model lab_staging.powerpath_cyto_biopsy_silverv2
20:25:50.448661 [info ]: Started model lab_staging.powerpath_cyto_biopsy_bronze
20:25:50.448679 [debug]: Started rendering model lab_staging.powerpath_cyto_biopsy_bronze
20:25:50.448697 [info ]: Finished loading project [  0.08s]
20:25:50.448703 [info ]: Started model lab_staging.date_filter_bronze
20:25:50.448717 [debug]: Started rendering model lab_staging.date_filter_bronze
20:25:50.451578 [debug]: Compiled SQL for node model.lab_dbt.powerpath_cyto_biopsy_silverv2 at target\.lsp\compiled\lab_dbt\models\silver\powerpath_cyto_biopsy_silverv2.sql
20:25:50.451590 [debug]: Compiled SQL for node model.lab_dbt.powerpath_cyto_biopsy_bronze at target\.lsp\compiled\lab_dbt\models\bronze\powerpath_cyto_biopsy_bronze.sql
20:25:50.451669 [debug]: Compiled SQL for node model.lab_dbt.date_filter_bronze at target\.lsp\compiled\lab_dbt\models\bronze\date_filter_bronze.sql
20:25:50.451687 [debug]: Finished rendering [  0.00s] model lab_staging.powerpath_cyto_biopsy_silverv2 [success]
20:25:50.451730 [info ]: Started analyzing (3 nodes)
20:25:50.451746 [debug]: Started analyzing model lab_staging.powerpath_cyto_biopsy_silverv2
20:25:50.451779 [debug]: Finished rendering [  0.00s] model lab_staging.powerpath_cyto_biopsy_bronze [success]
20:25:50.451800 [debug]: Started analyzing model lab_staging.powerpath_cyto_biopsy_bronze
20:25:50.451828 [debug]: Finished rendering [  0.00s] model lab_staging.date_filter_bronze [success]
20:25:50.451840 [info ]: Finished rendering [  0.00s] (3 nodes, 0 skipped, 0 errors)
20:25:50.451854 [debug]: Started analyzing model lab_staging.date_filter_bronze
20:25:50.452975 [debug]: Finished analyzing [  0.00s] model lab_staging.powerpath_cyto_biopsy_bronze [success]
20:25:50.453026 [info ]:  Succeeded [  0.00s] model lab_staging.powerpath_cyto_biopsy_bronze (table)
20:25:50.453453 [debug]: Finished analyzing [  0.00s] model lab_staging.date_filter_bronze [success]
20:25:50.453477 [info ]:  Succeeded [  0.00s] model lab_staging.date_filter_bronze (table)
20:25:50.455586 [debug]: Finished analyzing [  0.00s] model lab_staging.powerpath_cyto_biopsy_silverv2 [success]
20:25:50.455618 [info ]: Finished analyzing [  0.00s] (3 nodes, 0 skipped, 0 errors)
20:25:50.455701 [info ]:  Succeeded [  0.01s] model lab_staging.powerpath_cyto_biopsy_silverv2 (table)
20:25:50.460041 [info ]: Started scheduling
20:25:50.460090 [info ]: Finished scheduling [  0.00s]
20:25:50.460910 [info ]: Cached model count updated: 3 models (accurate)
20:26:35.271296 [info ]: Started loading project
20:26:35.272348 [info ]: Loading ~/.dbt/profiles.yml
20:26:35.303906 [info ]: Started parsing
20:26:35.610966 [info ]: Finished loading project [  0.34s]
20:26:35.614830 [debug]: Finished parsing models/silver/powerpath_cyto_biopsy_silverv2.sql [  0.00s]
20:26:35.619285 [warn ]: [UnusedResourceConfigPath (dbt1097)]: Configuration paths exist in your dbt_project.yml file which do not apply to any resources.
There are 1 unused configuration paths:
- models.lab_dbt.gold
20:26:35.625261 [info ]: Cached model count updated: 3 models (estimate)
20:26:35.625280 [info ]: Cached model count updated: 3 models (accurate)
20:26:35.625311 [info ]: Started scheduling
20:26:35.625389 [info ]: Finished scheduling [  0.00s]
20:26:35.625405 [debug]: Compilation - 3 nodes selected: {"model.lab_dbt.date_filter_bronze", "model.lab_dbt.powerpath_cyto_biopsy_bronze", "model.lab_dbt.powerpath_cyto_biopsy_silverv2"}
20:26:35.627540 [info ]: Started building task graph
20:26:35.627609 [info ]: Finished building task graph [  0.00s]
20:26:35.633404 [info ]: Started rendering (3 nodes)
20:26:35.633446 [info ]: Started model lab_staging.powerpath_cyto_biopsy_silverv2
20:26:35.633461 [debug]: Started rendering model lab_staging.powerpath_cyto_biopsy_silverv2
20:26:35.633484 [info ]: Started model lab_staging.powerpath_cyto_biopsy_bronze
20:26:35.633491 [debug]: Started rendering model lab_staging.powerpath_cyto_biopsy_bronze
20:26:35.633500 [info ]: Started model lab_staging.date_filter_bronze
20:26:35.633508 [debug]: Started rendering model lab_staging.date_filter_bronze
20:26:35.633559 [info ]: Finished parsing [  0.33s]
20:26:35.636311 [debug]: Compiled SQL for node model.lab_dbt.date_filter_bronze at target\.lsp\compiled\lab_dbt\models\bronze\date_filter_bronze.sql
20:26:35.636355 [debug]: Compiled SQL for node model.lab_dbt.powerpath_cyto_biopsy_bronze at target\.lsp\compiled\lab_dbt\models\bronze\powerpath_cyto_biopsy_bronze.sql
20:26:35.636415 [debug]: Finished rendering [  0.00s] model lab_staging.date_filter_bronze [success]
20:26:35.636470 [info ]: Started analyzing (3 nodes)
20:26:35.636486 [debug]: Started analyzing model lab_staging.date_filter_bronze
20:26:35.636525 [debug]: Finished rendering [  0.00s] model lab_staging.powerpath_cyto_biopsy_bronze [success]
20:26:35.636545 [debug]: Started analyzing model lab_staging.powerpath_cyto_biopsy_bronze
20:26:35.637352 [debug]: Finished analyzing [  0.00s] model lab_staging.powerpath_cyto_biopsy_bronze [success]
20:26:35.637376 [info ]:  Succeeded [  0.00s] model lab_staging.powerpath_cyto_biopsy_bronze (table)
20:26:35.637587 [debug]: Finished analyzing [  0.00s] model lab_staging.date_filter_bronze [success]
20:26:35.637605 [info ]:  Succeeded [  0.00s] model lab_staging.date_filter_bronze (table)
20:26:35.639481 [debug]: Compiled SQL for node model.lab_dbt.powerpath_cyto_biopsy_silverv2 at target\.lsp\compiled\lab_dbt\models\silver\powerpath_cyto_biopsy_silverv2.sql
20:26:35.639607 [debug]: Finished rendering [  0.01s] model lab_staging.powerpath_cyto_biopsy_silverv2 [success]
20:26:35.639626 [info ]: Finished rendering [  0.01s] (3 nodes, 0 skipped, 0 errors)
20:26:35.639643 [debug]: Started analyzing model lab_staging.powerpath_cyto_biopsy_silverv2
20:26:35.644726 [warn ]: [SyntaxInvalid (dbt0101)]: no viable alternative at input 'with raw as (
    select *
    from `opsanalytics_adb_workspace01`.`lab_staging`.`powerpath_cyto_biopsy_bronze`
    where spec_group in ('CYTO NONGYN', 'CYTO GYN', 'BREAST')
      and spec_sort_order = 'A'
),

cleaned as (
    select
        replace(Case_no, '*failed to decode utf16*', '')   as Case_no,
        case
            when Facility = 'KH'   then 'MSB'
            when Facility = 'R'    then 'MSW'
            when Facility = 'STL'  then 'MSM'
            when Facility = 'SNCH' then 'MSSN'
            when Facility = 'MSS'  then 'MSH'
            when Facility = 'SL'   then 'MSM'
            when Facility = 'PACC' then 'MSUS'
            else Facility
        end                                                 as Facility,
        case
            when Spec_code = 'BREA1' and spec_group = 'BREAST' then 'Breast Biopsy'
            when spec_group = 'CYTO NONGYN'                    then 'Cytology NONGYN'
            when spec_group = 'CYTO GYN'                       then 'Cytology GYN'
            else 'Breast Large/Resection'
        end                                                 as TEST_NAME,
        cast(Case_created_date as timestamp)                as Case_created_date,
        cast(Collection_Date   as timestamp)                as Collection_Date,
        cast(Received_Date     as timestamp)                as Received_Date,
        cast(signed_out_date   as timestamp)                as signed_out_date,
        Priority, Spec_code, Specimen_description, CPT_code, Rev_ctr,
        Encounter_no, MRN, Refmd_code, Refmd_name,
        spec_sort_order, spec_group, patient_type,
        _source_file, _ingested_at
    from raw
),

with_setting as (
    select
        c.* except (PATIENT_SETTING),,'
  --> models/silver/powerpath_cyto_biopsy_silverv2.sql:42:38 (target\.lsp\compiled\lab_dbt\models\silver\powerpath_cyto_biopsy_silverv2.sql:42:38)
20:26:35.644828 [info ]:  Succeeded [  0.01s] model lab_staging.powerpath_cyto_biopsy_silverv2 (table)
20:26:35.644834 [debug]: Finished analyzing [  0.01s] model lab_staging.powerpath_cyto_biopsy_silverv2 [success]
20:26:35.644849 [info ]: Finished analyzing [  0.01s] (3 nodes, 0 skipped, 0 errors)
20:26:35.649978 [info ]: Started scheduling
20:26:35.650175 [info ]: Finished scheduling [  0.00s]
20:26:35.652110 [info ]: Cached model count updated: 3 models (accurate)
20:26:37.245290 [info ]: Started loading project
20:26:37.246483 [info ]: Loading ~/.dbt/profiles.yml
20:26:37.311181 [info ]: Cached model count updated: 3 models (estimate)
20:26:37.311206 [info ]: Cached model count updated: 3 models (accurate)
20:26:37.311245 [info ]: Started scheduling
20:26:37.311337 [info ]: Finished scheduling [  0.00s]
20:26:37.311357 [debug]: Compilation - 3 nodes selected: {"model.lab_dbt.date_filter_bronze", "model.lab_dbt.powerpath_cyto_biopsy_bronze", "model.lab_dbt.powerpath_cyto_biopsy_silverv2"}
20:26:37.314342 [info ]: Started building task graph
20:26:37.314416 [info ]: Finished building task graph [  0.00s]
20:26:37.325687 [info ]: Started rendering (3 nodes)
20:26:37.325720 [info ]: Started model lab_staging.powerpath_cyto_biopsy_silverv2
20:26:37.325736 [debug]: Started rendering model lab_staging.powerpath_cyto_biopsy_silverv2
20:26:37.325769 [info ]: Started model lab_staging.powerpath_cyto_biopsy_bronze
20:26:37.325786 [debug]: Started rendering model lab_staging.powerpath_cyto_biopsy_bronze
20:26:37.325807 [info ]: Started model lab_staging.date_filter_bronze
20:26:37.325819 [debug]: Started rendering model lab_staging.date_filter_bronze
20:26:37.325859 [info ]: Finished loading project [  0.08s]
20:26:37.335802 [debug]: Compiled SQL for node model.lab_dbt.powerpath_cyto_biopsy_bronze at target\.lsp\compiled\lab_dbt\models\bronze\powerpath_cyto_biopsy_bronze.sql
20:26:37.336430 [debug]: Compiled SQL for node model.lab_dbt.powerpath_cyto_biopsy_silverv2 at target\.lsp\compiled\lab_dbt\models\silver\powerpath_cyto_biopsy_silverv2.sql
20:26:37.336541 [debug]: Finished rendering [  0.01s] model lab_staging.powerpath_cyto_biopsy_bronze [success]
20:26:37.336553 [info ]: Started analyzing (3 nodes)
20:26:37.336570 [debug]: Started analyzing model lab_staging.powerpath_cyto_biopsy_bronze
20:26:37.336609 [debug]: Finished rendering [  0.01s] model lab_staging.powerpath_cyto_biopsy_silverv2 [success]
20:26:37.336635 [debug]: Started analyzing model lab_staging.powerpath_cyto_biopsy_silverv2
20:26:37.337752 [debug]: Finished analyzing [  0.00s] model lab_staging.powerpath_cyto_biopsy_bronze [success]
20:26:37.337752 [warn ]: [SyntaxInvalid (dbt0101)]: no viable alternative at input 'with raw as (
    select *
    from `opsanalytics_adb_workspace01`.`lab_staging`.`powerpath_cyto_biopsy_bronze`
    where spec_group in ('CYTO NONGYN', 'CYTO GYN', 'BREAST')
      and spec_sort_order = 'A'
),

cleaned as (
    select
        replace(Case_no, '*failed to decode utf16*', '')   as Case_no,
        case
            when Facility = 'KH'   then 'MSB'
            when Facility = 'R'    then 'MSW'
            when Facility = 'STL'  then 'MSM'
            when Facility = 'SNCH' then 'MSSN'
            when Facility = 'MSS'  then 'MSH'
            when Facility = 'SL'   then 'MSM'
            when Facility = 'PACC' then 'MSUS'
            else Facility
        end                                                 as Facility,
        case
            when Spec_code = 'BREA1' and spec_group = 'BREAST' then 'Breast Biopsy'
            when spec_group = 'CYTO NONGYN'                    then 'Cytology NONGYN'
            when spec_group = 'CYTO GYN'                       then 'Cytology GYN'
            else 'Breast Large/Resection'
        end                                                 as TEST_NAME,
        cast(Case_created_date as timestamp)                as Case_created_date,
        cast(Collection_Date   as timestamp)                as Collection_Date,
        cast(Received_Date     as timestamp)                as Received_Date,
        cast(signed_out_date   as timestamp)                as signed_out_date,
        Priority, Spec_code, Specimen_description, CPT_code, Rev_ctr,
        Encounter_no, MRN, Refmd_code, Refmd_name,
        spec_sort_order, spec_group, patient_type,
        _source_file, _ingested_at
    from raw
),

with_setting as (
    select
        c.* except (PATIENT_SETTING),,'
  --> models/silver/powerpath_cyto_biopsy_silverv2.sql:42:38 (target\.lsp\compiled\lab_dbt\models\silver\powerpath_cyto_biopsy_silverv2.sql:42:38)
20:26:37.337780 [info ]:  Succeeded [  0.01s] model lab_staging.powerpath_cyto_biopsy_bronze (table)
20:26:37.337841 [info ]:  Succeeded [  0.01s] model lab_staging.powerpath_cyto_biopsy_silverv2 (table)
20:26:37.337889 [debug]: Finished analyzing [  0.00s] model lab_staging.powerpath_cyto_biopsy_silverv2 [success]
20:26:37.341874 [debug]: Compiled SQL for node model.lab_dbt.date_filter_bronze at target\.lsp\compiled\lab_dbt\models\bronze\date_filter_bronze.sql
20:26:37.342145 [debug]: Finished rendering [  0.02s] model lab_staging.date_filter_bronze [success]
20:26:37.342172 [info ]: Finished rendering [  0.02s] (3 nodes, 0 skipped, 0 errors)
20:26:37.342198 [debug]: Started analyzing model lab_staging.date_filter_bronze
20:26:37.344558 [debug]: Finished analyzing [  0.00s] model lab_staging.date_filter_bronze [success]
20:26:37.344590 [info ]: Finished analyzing [  0.01s] (3 nodes, 0 skipped, 0 errors)
20:26:37.344608 [info ]:  Succeeded [  0.02s] model lab_staging.date_filter_bronze (table)
20:26:37.352562 [info ]: Started scheduling
20:26:37.352627 [info ]: Finished scheduling [  0.00s]
20:26:37.353744 [info ]: Cached model count updated: 3 models (accurate)
20:47:58.302000 [info ]: Started loading project
20:47:58.303338 [info ]: Loading ~/.dbt/profiles.yml
20:47:58.340384 [info ]: Started parsing
20:47:58.659741 [info ]: Finished loading project [  0.36s]
20:47:58.661476 [debug]: Finished parsing models/sources.yml [  0.00s]
20:47:58.664114 [debug]: Finished parsing models/bronze/date_filter_bronze.sql [  0.00s]
20:47:58.665474 [debug]: Finished parsing models/bronze/powerpath_cyto_biopsy_bronze.sql [  0.00s]
20:47:58.669922 [warn ]: [UnusedResourceConfigPath (dbt1097)]: Configuration paths exist in your dbt_project.yml file which do not apply to any resources.
There are 1 unused configuration paths:
- models.lab_dbt.gold
20:47:58.675655 [info ]: Cached model count updated: 3 models (estimate)
20:47:58.675675 [info ]: Cached model count updated: 3 models (accurate)
20:47:58.675706 [info ]: Started scheduling
20:47:58.675822 [info ]: Finished scheduling [  0.00s]
20:47:58.675841 [debug]: Compilation - 2 nodes selected: {"model.lab_dbt.date_filter_bronze", "model.lab_dbt.powerpath_cyto_biopsy_bronze"}
20:47:58.677941 [info ]: Started building task graph
20:47:58.678015 [info ]: Finished building task graph [  0.00s]
20:47:58.685752 [info ]: Started rendering (2 nodes)
20:47:58.685785 [info ]: Started model lab_staging.powerpath_cyto_biopsy_bronze
20:47:58.685797 [debug]: Started rendering model lab_staging.powerpath_cyto_biopsy_bronze
20:47:58.685828 [info ]: Started model lab_staging.date_filter_bronze
20:47:58.685835 [debug]: Started rendering model lab_staging.date_filter_bronze
20:47:58.685885 [info ]: Finished parsing [  0.35s]
20:47:58.692017 [debug]: Compiled SQL for node model.lab_dbt.date_filter_bronze at target\.lsp\compiled\lab_dbt\models\bronze\date_filter_bronze.sql
20:47:58.692017 [debug]: Compiled SQL for node model.lab_dbt.powerpath_cyto_biopsy_bronze at target\.lsp\compiled\lab_dbt\models\bronze\powerpath_cyto_biopsy_bronze.sql
20:47:58.692153 [debug]: Finished rendering [  0.01s] model lab_staging.date_filter_bronze [success]
20:47:58.692186 [info ]: Started analyzing (2 nodes)
20:47:58.692194 [debug]: Started analyzing model lab_staging.date_filter_bronze
20:47:58.692216 [debug]: Finished rendering [  0.01s] model lab_staging.powerpath_cyto_biopsy_bronze [success]
20:47:58.692228 [info ]: Finished rendering [  0.01s] (2 nodes, 0 skipped, 0 errors)
20:47:58.692239 [debug]: Started analyzing model lab_staging.powerpath_cyto_biopsy_bronze
20:47:58.693168 [debug]: Finished analyzing [  0.00s] model lab_staging.powerpath_cyto_biopsy_bronze [success]
20:47:58.693188 [info ]:  Succeeded [  0.01s] model lab_staging.powerpath_cyto_biopsy_bronze (table)
20:47:58.693340 [debug]: Finished analyzing [  0.00s] model lab_staging.date_filter_bronze [success]
20:47:58.693357 [info ]: Finished analyzing [  0.00s] (2 nodes, 0 skipped, 0 errors)
20:47:58.693368 [info ]:  Succeeded [  0.01s] model lab_staging.date_filter_bronze (table)
20:47:58.698005 [info ]: Started scheduling
20:47:58.698135 [info ]: Finished scheduling [  0.00s]
20:47:58.699764 [info ]: Cached model count updated: 3 models (accurate)
20:48:00.313021 [info ]: Started loading project
20:48:00.314276 [info ]: Loading ~/.dbt/profiles.yml
20:48:00.408696 [info ]: Cached model count updated: 3 models (estimate)
20:48:00.408720 [info ]: Cached model count updated: 3 models (accurate)
20:48:00.408760 [info ]: Started scheduling
20:48:00.408859 [info ]: Finished scheduling [  0.00s]
20:48:00.408890 [debug]: Compilation - 3 nodes selected: {"model.lab_dbt.date_filter_bronze", "model.lab_dbt.powerpath_cyto_biopsy_bronze", "model.lab_dbt.powerpath_cyto_biopsy_silverv2"}
20:48:00.413881 [info ]: Started building task graph
20:48:00.413957 [info ]: Finished building task graph [  0.00s]
20:48:00.429172 [info ]: Started rendering (3 nodes)
20:48:00.429213 [info ]: Started model lab_staging.powerpath_cyto_biopsy_silverv2
20:48:00.429230 [debug]: Started rendering model lab_staging.powerpath_cyto_biopsy_silverv2
20:48:00.429263 [info ]: Started model lab_staging.powerpath_cyto_biopsy_bronze
20:48:00.429285 [debug]: Started rendering model lab_staging.powerpath_cyto_biopsy_bronze
20:48:00.429306 [info ]: Started model lab_staging.date_filter_bronze
20:48:00.429317 [debug]: Started rendering model lab_staging.date_filter_bronze
20:48:00.429353 [info ]: Finished loading project [  0.12s]
20:48:00.441903 [debug]: Compiled SQL for node model.lab_dbt.powerpath_cyto_biopsy_silverv2 at target\.lsp\compiled\lab_dbt\models\silver\powerpath_cyto_biopsy_silverv2.sql
20:48:00.443937 [debug]: Compiled SQL for node model.lab_dbt.date_filter_bronze at target\.lsp\compiled\lab_dbt\models\bronze\date_filter_bronze.sql
20:48:00.446501 [debug]: Finished rendering [  0.02s] model lab_staging.powerpath_cyto_biopsy_silverv2 [success]
20:48:00.446592 [info ]: Started analyzing (3 nodes)
20:48:00.446608 [debug]: Started analyzing model lab_staging.powerpath_cyto_biopsy_silverv2
20:48:00.446683 [debug]: Compiled SQL for node model.lab_dbt.powerpath_cyto_biopsy_bronze at target\.lsp\compiled\lab_dbt\models\bronze\powerpath_cyto_biopsy_bronze.sql
20:48:00.447536 [warn ]: [SyntaxInvalid (dbt0101)]: no viable alternative at input 'with raw as (
    select *
    from `opsanalytics_adb_workspace01`.`lab_staging`.`powerpath_cyto_biopsy_bronze`
    where spec_group in ('CYTO NONGYN', 'CYTO GYN', 'BREAST')
      and spec_sort_order = 'A'
),

cleaned as (
    select
        replace(Case_no, '*failed to decode utf16*', '')   as Case_no,
        case
            when Facility = 'KH'   then 'MSB'
            when Facility = 'R'    then 'MSW'
            when Facility = 'STL'  then 'MSM'
            when Facility = 'SNCH' then 'MSSN'
            when Facility = 'MSS'  then 'MSH'
            when Facility = 'SL'   then 'MSM'
            when Facility = 'PACC' then 'MSUS'
            else Facility
        end                                                 as Facility,
        case
            when Spec_code = 'BREA1' and spec_group = 'BREAST' then 'Breast Biopsy'
            when spec_group = 'CYTO NONGYN'                    then 'Cytology NONGYN'
            when spec_group = 'CYTO GYN'                       then 'Cytology GYN'
            else 'Breast Large/Resection'
        end                                                 as TEST_NAME,
        cast(Case_created_date as timestamp)                as Case_created_date,
        cast(Collection_Date   as timestamp)                as Collection_Date,
        cast(Received_Date     as timestamp)                as Received_Date,
        cast(signed_out_date   as timestamp)                as signed_out_date,
        Priority, Spec_code, Specimen_description, CPT_code, Rev_ctr,
        Encounter_no, MRN, Refmd_code, Refmd_name,
        spec_sort_order, spec_group, patient_type,
        _source_file, _ingested_at
    from raw
),

with_setting as (
    select
        c.* except (PATIENT_SETTING),,'
  --> models/silver/powerpath_cyto_biopsy_silverv2.sql:42:38 (target\.lsp\compiled\lab_dbt\models\silver\powerpath_cyto_biopsy_silverv2.sql:42:38)
20:48:00.447637 [info ]:  Succeeded [  0.02s] model lab_staging.powerpath_cyto_biopsy_silverv2 (table)
20:48:00.447798 [debug]: Finished analyzing [  0.00s] model lab_staging.powerpath_cyto_biopsy_silverv2 [success]
20:48:00.447946 [debug]: Finished rendering [  0.02s] model lab_staging.date_filter_bronze [success]
20:48:00.447970 [debug]: Started analyzing model lab_staging.date_filter_bronze
20:48:00.448230 [debug]: Finished rendering [  0.02s] model lab_staging.powerpath_cyto_biopsy_bronze [success]
20:48:00.448253 [info ]: Finished rendering [  0.02s] (3 nodes, 0 skipped, 0 errors)
20:48:00.448271 [debug]: Started analyzing model lab_staging.powerpath_cyto_biopsy_bronze
20:48:00.449804 [debug]: Finished analyzing [  0.00s] model lab_staging.date_filter_bronze [success]
20:48:00.449837 [info ]:  Succeeded [  0.02s] model lab_staging.date_filter_bronze (table)
20:48:00.453341 [debug]: Finished analyzing [  0.01s] model lab_staging.powerpath_cyto_biopsy_bronze [success]
20:48:00.453377 [info ]: Finished analyzing [  0.01s] (3 nodes, 0 skipped, 0 errors)
20:48:00.453392 [info ]:  Succeeded [  0.02s] model lab_staging.powerpath_cyto_biopsy_bronze (table)
20:48:00.460434 [info ]: Started scheduling
20:48:00.460501 [info ]: Finished scheduling [  0.00s]
20:48:00.461587 [info ]: Cached model count updated: 3 models (accurate)
20:49:25.717830 [info ]: Started loading project
20:49:25.718701 [info ]: Loading ~/.dbt/profiles.yml
20:49:25.753708 [info ]: Started parsing
20:49:26.102642 [info ]: Finished loading project [  0.38s]
20:49:26.106085 [debug]: Finished parsing models/silver/powerpath_cyto_biopsy_silverv2.sql [  0.00s]
20:49:26.109463 [warn ]: [UnusedResourceConfigPath (dbt1097)]: Configuration paths exist in your dbt_project.yml file which do not apply to any resources.
There are 1 unused configuration paths:
- models.lab_dbt.gold
20:49:26.115515 [info ]: Cached model count updated: 3 models (estimate)
20:49:26.115533 [info ]: Cached model count updated: 3 models (accurate)
20:49:26.115574 [info ]: Started scheduling
20:49:26.115654 [info ]: Finished scheduling [  0.00s]
20:49:26.115669 [debug]: Compilation - 3 nodes selected: {"model.lab_dbt.date_filter_bronze", "model.lab_dbt.powerpath_cyto_biopsy_bronze", "model.lab_dbt.powerpath_cyto_biopsy_silverv2"}
20:49:26.117739 [info ]: Started building task graph
20:49:26.117790 [info ]: Finished building task graph [  0.00s]
20:49:26.123181 [info ]: Started rendering (3 nodes)
20:49:26.123270 [info ]: Started model lab_staging.powerpath_cyto_biopsy_silverv2
20:49:26.123281 [debug]: Started rendering model lab_staging.powerpath_cyto_biopsy_silverv2
20:49:26.123312 [info ]: Started model lab_staging.powerpath_cyto_biopsy_bronze
20:49:26.123320 [debug]: Started rendering model lab_staging.powerpath_cyto_biopsy_bronze
20:49:26.123332 [info ]: Started model lab_staging.date_filter_bronze
20:49:26.123347 [debug]: Started rendering model lab_staging.date_filter_bronze
20:49:26.123360 [info ]: Finished parsing [  0.37s]
20:49:26.126087 [debug]: Compiled SQL for node model.lab_dbt.date_filter_bronze at target\.lsp\compiled\lab_dbt\models\bronze\date_filter_bronze.sql
20:49:26.126177 [debug]: Finished rendering [  0.00s] model lab_staging.date_filter_bronze [success]
20:49:26.126202 [debug]: Compiled SQL for node model.lab_dbt.powerpath_cyto_biopsy_bronze at target\.lsp\compiled\lab_dbt\models\bronze\powerpath_cyto_biopsy_bronze.sql
20:49:26.126218 [info ]: Started analyzing (3 nodes)
20:49:26.126232 [debug]: Started analyzing model lab_staging.date_filter_bronze
20:49:26.126259 [debug]: Finished rendering [  0.00s] model lab_staging.powerpath_cyto_biopsy_bronze [success]
20:49:26.126275 [debug]: Started analyzing model lab_staging.powerpath_cyto_biopsy_bronze
20:49:26.128421 [debug]: Finished analyzing [  0.00s] model lab_staging.powerpath_cyto_biopsy_bronze [success]
20:49:26.128456 [info ]:  Succeeded [  0.00s] model lab_staging.powerpath_cyto_biopsy_bronze (table)
20:49:26.128717 [debug]: Finished analyzing [  0.00s] model lab_staging.date_filter_bronze [success]
20:49:26.128751 [info ]:  Succeeded [  0.00s] model lab_staging.date_filter_bronze (table)
20:49:26.130379 [debug]: Compiled SQL for node model.lab_dbt.powerpath_cyto_biopsy_silverv2 at target\.lsp\compiled\lab_dbt\models\silver\powerpath_cyto_biopsy_silverv2.sql
20:49:26.130513 [debug]: Finished rendering [  0.01s] model lab_staging.powerpath_cyto_biopsy_silverv2 [success]
20:49:26.130532 [info ]: Finished rendering [  0.01s] (3 nodes, 0 skipped, 0 errors)
20:49:26.130551 [debug]: Started analyzing model lab_staging.powerpath_cyto_biopsy_silverv2
20:49:26.131206 [warn ]: [SyntaxInvalid (dbt0101)]: no viable alternative at input 'with raw as (
    select *
    from `opsanalytics_adb_workspace01`.`lab_staging`.`powerpath_cyto_biopsy_bronze`
    where spec_group in ('CYTO NONGYN', 'CYTO GYN', 'BREAST')
      and spec_sort_order = 'A'
),

cleaned as (
    select
        replace(Case_no, '*failed to decode utf16*', '')   as Case_no,
        case
            when Facility = 'KH'   then 'MSB'
            when Facility = 'R'    then 'MSW'
            when Facility = 'STL'  then 'MSM'
            when Facility = 'SNCH' then 'MSSN'
            when Facility = 'MSS'  then 'MSH'
            when Facility = 'SL'   then 'MSM'
            when Facility = 'PACC' then 'MSUS'
            else Facility
        end                                                 as Facility,
        case
            when Spec_code = 'BREA1' and spec_group = 'BREAST' then 'Breast Biopsy'
            when spec_group = 'CYTO NONGYN'                    then 'Cytology NONGYN'
            when spec_group = 'CYTO GYN'                       then 'Cytology GYN'
            else 'Breast Large/Resection'
        end                                                 as TEST_NAME,
        cast(Case_created_date as timestamp)                as Case_created_date,
        cast(Collection_Date   as timestamp)                as Collection_Date,
        cast(Received_Date     as timestamp)                as Received_Date,
        cast(signed_out_date   as timestamp)                as signed_out_date,
        Priority, Spec_code, Specimen_description, CPT_code, Rev_ctr,
        Encounter_no, MRN, Refmd_code, Refmd_name,
        spec_sort_order, spec_group, patient_type,
        _source_file, _ingested_at
    from raw
),

with_setting as (
    select
        c.* except (PATIENT_SETTING),,'
  --> models/silver/powerpath_cyto_biopsy_silverv2.sql:42:38 (target\.lsp\compiled\lab_dbt\models\silver\powerpath_cyto_biopsy_silverv2.sql:42:38)
20:49:26.131270 [info ]:  Succeeded [  0.01s] model lab_staging.powerpath_cyto_biopsy_silverv2 (table)
20:49:26.131318 [debug]: Finished analyzing [  0.00s] model lab_staging.powerpath_cyto_biopsy_silverv2 [success]
20:49:26.131332 [info ]: Finished analyzing [  0.01s] (3 nodes, 0 skipped, 0 errors)
20:49:26.135561 [info ]: Started scheduling
20:49:26.135643 [info ]: Finished scheduling [  0.00s]
20:49:26.137037 [info ]: Cached model count updated: 3 models (accurate)
20:49:27.715618 [info ]: Started loading project
20:49:27.721727 [info ]: Loading ~/.dbt/profiles.yml
20:49:27.804490 [info ]: Cached model count updated: 3 models (estimate)
20:49:27.804516 [info ]: Cached model count updated: 3 models (accurate)
20:49:27.804558 [info ]: Started scheduling
20:49:27.804671 [info ]: Finished scheduling [  0.00s]
20:49:27.804695 [debug]: Compilation - 3 nodes selected: {"model.lab_dbt.date_filter_bronze", "model.lab_dbt.powerpath_cyto_biopsy_bronze", "model.lab_dbt.powerpath_cyto_biopsy_silverv2"}
20:49:27.807721 [info ]: Started building task graph
20:49:27.807804 [info ]: Finished building task graph [  0.00s]
20:49:27.816911 [info ]: Started rendering (3 nodes)
20:49:27.817083 [info ]: Started model lab_staging.powerpath_cyto_biopsy_silverv2
20:49:27.817109 [debug]: Started rendering model lab_staging.powerpath_cyto_biopsy_silverv2
20:49:27.817145 [info ]: Started model lab_staging.powerpath_cyto_biopsy_bronze
20:49:27.817157 [debug]: Started rendering model lab_staging.powerpath_cyto_biopsy_bronze
20:49:27.817174 [info ]: Started model lab_staging.date_filter_bronze
20:49:27.817186 [debug]: Started rendering model lab_staging.date_filter_bronze
20:49:27.817225 [info ]: Finished loading project [  0.10s]
20:49:27.820348 [debug]: Compiled SQL for node model.lab_dbt.powerpath_cyto_biopsy_silverv2 at target\.lsp\compiled\lab_dbt\models\silver\powerpath_cyto_biopsy_silverv2.sql
20:49:27.820345 [debug]: Compiled SQL for node model.lab_dbt.powerpath_cyto_biopsy_bronze at target\.lsp\compiled\lab_dbt\models\bronze\powerpath_cyto_biopsy_bronze.sql
20:49:27.821274 [debug]: Compiled SQL for node model.lab_dbt.date_filter_bronze at target\.lsp\compiled\lab_dbt\models\bronze\date_filter_bronze.sql
20:49:27.821336 [debug]: Finished rendering [  0.00s] model lab_staging.powerpath_cyto_biopsy_bronze [success]
20:49:27.821380 [info ]: Started analyzing (3 nodes)
20:49:27.821398 [debug]: Started analyzing model lab_staging.powerpath_cyto_biopsy_bronze
20:49:27.821486 [debug]: Finished rendering [  0.00s] model lab_staging.powerpath_cyto_biopsy_silverv2 [success]
20:49:27.821521 [debug]: Started analyzing model lab_staging.powerpath_cyto_biopsy_silverv2
20:49:27.821694 [debug]: Finished rendering [  0.00s] model lab_staging.date_filter_bronze [success]
20:49:27.821721 [info ]: Finished rendering [  0.00s] (3 nodes, 0 skipped, 0 errors)
20:49:27.821746 [debug]: Started analyzing model lab_staging.date_filter_bronze
20:49:27.822504 [debug]: Finished analyzing [  0.00s] model lab_staging.powerpath_cyto_biopsy_bronze [success]
20:49:27.822486 [warn ]: [SyntaxInvalid (dbt0101)]: no viable alternative at input 'with raw as (
    select *
    from `opsanalytics_adb_workspace01`.`lab_staging`.`powerpath_cyto_biopsy_bronze`
    where spec_group in ('CYTO NONGYN', 'CYTO GYN', 'BREAST')
      and spec_sort_order = 'A'
),

cleaned as (
    select
        replace(Case_no, '*failed to decode utf16*', '')   as Case_no,
        case
            when Facility = 'KH'   then 'MSB'
            when Facility = 'R'    then 'MSW'
            when Facility = 'STL'  then 'MSM'
            when Facility = 'SNCH' then 'MSSN'
            when Facility = 'MSS'  then 'MSH'
            when Facility = 'SL'   then 'MSM'
            when Facility = 'PACC' then 'MSUS'
            else Facility
        end                                                 as Facility,
        case
            when Spec_code = 'BREA1' and spec_group = 'BREAST' then 'Breast Biopsy'
            when spec_group = 'CYTO NONGYN'                    then 'Cytology NONGYN'
            when spec_group = 'CYTO GYN'                       then 'Cytology GYN'
            else 'Breast Large/Resection'
        end                                                 as TEST_NAME,
        cast(Case_created_date as timestamp)                as Case_created_date,
        cast(Collection_Date   as timestamp)                as Collection_Date,
        cast(Received_Date     as timestamp)                as Received_Date,
        cast(signed_out_date   as timestamp)                as signed_out_date,
        Priority, Spec_code, Specimen_description, CPT_code, Rev_ctr,
        Encounter_no, MRN, Refmd_code, Refmd_name,
        spec_sort_order, spec_group, patient_type,
        _source_file, _ingested_at
    from raw
),

with_setting as (
    select
        c.* except (PATIENT_SETTING),,'
  --> models/silver/powerpath_cyto_biopsy_silverv2.sql:42:38 (target\.lsp\compiled\lab_dbt\models\silver\powerpath_cyto_biopsy_silverv2.sql:42:38)
20:49:27.822534 [info ]:  Succeeded [  0.01s] model lab_staging.powerpath_cyto_biopsy_bronze (table)
20:49:27.822589 [debug]: Finished analyzing [  0.00s] model lab_staging.powerpath_cyto_biopsy_silverv2 [success]
20:49:27.822583 [info ]:  Succeeded [  0.01s] model lab_staging.powerpath_cyto_biopsy_silverv2 (table)
20:49:27.823356 [debug]: Finished analyzing [  0.00s] model lab_staging.date_filter_bronze [success]
20:49:27.823385 [info ]: Finished analyzing [  0.00s] (3 nodes, 0 skipped, 0 errors)
20:49:27.823400 [info ]:  Succeeded [  0.01s] model lab_staging.date_filter_bronze (table)
20:49:27.831079 [info ]: Started scheduling
20:49:27.831146 [info ]: Finished scheduling [  0.00s]
20:49:27.832107 [info ]: Cached model count updated: 3 models (accurate)
20:49:48.419265 [info ]: Started loading project
20:49:48.420346 [info ]: Loading ~/.dbt/profiles.yml
20:49:48.455780 [info ]: Started parsing
20:49:48.805977 [info ]: Finished loading project [  0.39s]
20:49:48.808634 [debug]: Finished parsing models/silver/powerpath_cyto_biopsy_silverv2.sql [  0.00s]
20:49:48.811961 [warn ]: [UnusedResourceConfigPath (dbt1097)]: Configuration paths exist in your dbt_project.yml file which do not apply to any resources.
There are 1 unused configuration paths:
- models.lab_dbt.gold
20:49:48.818030 [info ]: Cached model count updated: 3 models (estimate)
20:49:48.818047 [info ]: Cached model count updated: 3 models (accurate)
20:49:48.818070 [info ]: Started scheduling
20:49:48.818148 [info ]: Finished scheduling [  0.00s]
20:49:48.818172 [debug]: Compilation - 3 nodes selected: {"model.lab_dbt.date_filter_bronze", "model.lab_dbt.powerpath_cyto_biopsy_bronze", "model.lab_dbt.powerpath_cyto_biopsy_silverv2"}
20:49:48.820128 [info ]: Started building task graph
20:49:48.820181 [info ]: Finished building task graph [  0.00s]
20:49:48.826040 [info ]: Started rendering (3 nodes)
20:49:48.826062 [info ]: Started model lab_staging.powerpath_cyto_biopsy_silverv2
20:49:48.826083 [debug]: Started rendering model lab_staging.powerpath_cyto_biopsy_silverv2
20:49:48.826105 [info ]: Started model lab_staging.powerpath_cyto_biopsy_bronze
20:49:48.826114 [debug]: Started rendering model lab_staging.powerpath_cyto_biopsy_bronze
20:49:48.826137 [info ]: Started model lab_staging.date_filter_bronze
20:49:48.826144 [debug]: Started rendering model lab_staging.date_filter_bronze
20:49:48.826194 [info ]: Finished parsing [  0.37s]
20:49:48.829005 [debug]: Compiled SQL for node model.lab_dbt.powerpath_cyto_biopsy_bronze at target\.lsp\compiled\lab_dbt\models\bronze\powerpath_cyto_biopsy_bronze.sql
20:49:48.829104 [debug]: Finished rendering [  0.00s] model lab_staging.powerpath_cyto_biopsy_bronze [success]
20:49:48.829154 [info ]: Started analyzing (3 nodes)
20:49:48.829168 [debug]: Started analyzing model lab_staging.powerpath_cyto_biopsy_bronze
20:49:48.829182 [debug]: Compiled SQL for node model.lab_dbt.date_filter_bronze at target\.lsp\compiled\lab_dbt\models\bronze\date_filter_bronze.sql
20:49:48.829248 [debug]: Finished rendering [  0.00s] model lab_staging.date_filter_bronze [success]
20:49:48.829281 [debug]: Started analyzing model lab_staging.date_filter_bronze
20:49:48.830463 [debug]: Finished analyzing [  0.00s] model lab_staging.powerpath_cyto_biopsy_bronze [success]
20:49:48.830495 [info ]:  Succeeded [  0.00s] model lab_staging.powerpath_cyto_biopsy_bronze (table)
20:49:48.830557 [debug]: Finished analyzing [  0.00s] model lab_staging.date_filter_bronze [success]
20:49:48.830576 [info ]:  Succeeded [  0.00s] model lab_staging.date_filter_bronze (table)
20:49:48.832243 [debug]: Compiled SQL for node model.lab_dbt.powerpath_cyto_biopsy_silverv2 at target\.lsp\compiled\lab_dbt\models\silver\powerpath_cyto_biopsy_silverv2.sql
20:49:48.832375 [debug]: Finished rendering [  0.01s] model lab_staging.powerpath_cyto_biopsy_silverv2 [success]
20:49:48.832396 [info ]: Finished rendering [  0.01s] (3 nodes, 0 skipped, 0 errors)
20:49:48.832415 [debug]: Started analyzing model lab_staging.powerpath_cyto_biopsy_silverv2
20:49:48.834176 [warn ]: [SyntaxInvalid (dbt0101)]: no viable alternative at input 'with raw as (
    select *
    from `opsanalytics_adb_workspace01`.`lab_staging`.`powerpath_cyto_biopsy_bronze`
    where spec_group in ('CYTO NONGYN', 'CYTO GYN', 'BREAST')
      and spec_sort_order = 'A'
),

cleaned as (
    select
        replace(Case_no, '*failed to decode utf16*', '')   as Case_no,
        case
            when Facility = 'KH'   then 'MSB'
            when Facility = 'R'    then 'MSW'
            when Facility = 'STL'  then 'MSM'
            when Facility = 'SNCH' then 'MSSN'
            when Facility = 'MSS'  then 'MSH'
            when Facility = 'SL'   then 'MSM'
            when Facility = 'PACC' then 'MSUS'
            else Facility
        end                                                 as Facility,
        case
            when Spec_code = 'BREA1' and spec_group = 'BREAST' then 'Breast Biopsy'
            when spec_group = 'CYTO NONGYN'                    then 'Cytology NONGYN'
            when spec_group = 'CYTO GYN'                       then 'Cytology GYN'
            else 'Breast Large/Resection'
        end                                                 as TEST_NAME,
        cast(Case_created_date as timestamp)                as Case_created_date,
        cast(Collection_Date   as timestamp)                as Collection_Date,
        cast(Received_Date     as timestamp)                as Received_Date,
        cast(signed_out_date   as timestamp)                as signed_out_date,
        Priority, Spec_code, Specimen_description, CPT_code, Rev_ctr,
        Encounter_no, MRN, Refmd_code, Refmd_name,
        spec_sort_order, spec_group, patient_type,
        _source_file, _ingested_at
    from raw
),

with_setting as (
    select
        c.* except (PATIENT_SETTING),,'
  --> models/silver/powerpath_cyto_biopsy_silverv2.sql:42:38 (target\.lsp\compiled\lab_dbt\models\silver\powerpath_cyto_biopsy_silverv2.sql:42:38)
20:49:48.834253 [info ]:  Succeeded [  0.01s] model lab_staging.powerpath_cyto_biopsy_silverv2 (table)
20:49:48.834274 [debug]: Finished analyzing [  0.00s] model lab_staging.powerpath_cyto_biopsy_silverv2 [success]
20:49:48.834287 [info ]: Finished analyzing [  0.01s] (3 nodes, 0 skipped, 0 errors)
20:49:48.838787 [info ]: Started scheduling
20:49:48.838866 [info ]: Finished scheduling [  0.00s]
20:49:48.840151 [info ]: Cached model count updated: 3 models (accurate)
20:49:50.470562 [info ]: Started loading project
20:49:50.471736 [info ]: Loading ~/.dbt/profiles.yml
20:49:50.554817 [info ]: Cached model count updated: 3 models (estimate)
20:49:50.554842 [info ]: Cached model count updated: 3 models (accurate)
20:49:50.554881 [info ]: Started scheduling
20:49:50.554977 [info ]: Finished scheduling [  0.00s]
20:49:50.554998 [debug]: Compilation - 3 nodes selected: {"model.lab_dbt.date_filter_bronze", "model.lab_dbt.powerpath_cyto_biopsy_bronze", "model.lab_dbt.powerpath_cyto_biopsy_silverv2"}
20:49:50.558111 [info ]: Started building task graph
20:49:50.558195 [info ]: Finished building task graph [  0.00s]
20:49:50.567414 [info ]: Started rendering (3 nodes)
20:49:50.567464 [info ]: Started model lab_staging.powerpath_cyto_biopsy_silverv2
20:49:50.567484 [debug]: Started rendering model lab_staging.powerpath_cyto_biopsy_silverv2
20:49:50.567521 [info ]: Started model lab_staging.powerpath_cyto_biopsy_bronze
20:49:50.567536 [debug]: Started rendering model lab_staging.powerpath_cyto_biopsy_bronze
20:49:50.567560 [info ]: Started model lab_staging.date_filter_bronze
20:49:50.567572 [debug]: Started rendering model lab_staging.date_filter_bronze
20:49:50.567615 [info ]: Finished loading project [  0.10s]
20:49:50.570854 [debug]: Compiled SQL for node model.lab_dbt.powerpath_cyto_biopsy_silverv2 at target\.lsp\compiled\lab_dbt\models\silver\powerpath_cyto_biopsy_silverv2.sql
20:49:50.571031 [debug]: Finished rendering [  0.00s] model lab_staging.powerpath_cyto_biopsy_silverv2 [success]
20:49:50.571091 [info ]: Started analyzing (3 nodes)
20:49:50.571105 [debug]: Started analyzing model lab_staging.powerpath_cyto_biopsy_silverv2
20:49:50.571626 [debug]: Compiled SQL for node model.lab_dbt.powerpath_cyto_biopsy_bronze at target\.lsp\compiled\lab_dbt\models\bronze\powerpath_cyto_biopsy_bronze.sql
20:49:50.571768 [debug]: Finished rendering [  0.00s] model lab_staging.powerpath_cyto_biopsy_bronze [success]
20:49:50.571810 [debug]: Started analyzing model lab_staging.powerpath_cyto_biopsy_bronze
20:49:50.572366 [warn ]: [SyntaxInvalid (dbt0101)]: no viable alternative at input 'with raw as (
    select *
    from `opsanalytics_adb_workspace01`.`lab_staging`.`powerpath_cyto_biopsy_bronze`
    where spec_group in ('CYTO NONGYN', 'CYTO GYN', 'BREAST')
      and spec_sort_order = 'A'
),

cleaned as (
    select
        replace(Case_no, '*failed to decode utf16*', '')   as Case_no,
        case
            when Facility = 'KH'   then 'MSB'
            when Facility = 'R'    then 'MSW'
            when Facility = 'STL'  then 'MSM'
            when Facility = 'SNCH' then 'MSSN'
            when Facility = 'MSS'  then 'MSH'
            when Facility = 'SL'   then 'MSM'
            when Facility = 'PACC' then 'MSUS'
            else Facility
        end                                                 as Facility,
        case
            when Spec_code = 'BREA1' and spec_group = 'BREAST' then 'Breast Biopsy'
            when spec_group = 'CYTO NONGYN'                    then 'Cytology NONGYN'
            when spec_group = 'CYTO GYN'                       then 'Cytology GYN'
            else 'Breast Large/Resection'
        end                                                 as TEST_NAME,
        cast(Case_created_date as timestamp)                as Case_created_date,
        cast(Collection_Date   as timestamp)                as Collection_Date,
        cast(Received_Date     as timestamp)                as Received_Date,
        cast(signed_out_date   as timestamp)                as signed_out_date,
        Priority, Spec_code, Specimen_description, CPT_code, Rev_ctr,
        Encounter_no, MRN, Refmd_code, Refmd_name,
        spec_sort_order, spec_group, patient_type,
        _source_file, _ingested_at
    from raw
),

with_setting as (
    select
        c.* except (PATIENT_SETTING),,'
  --> models/silver/powerpath_cyto_biopsy_silverv2.sql:42:38 (target\.lsp\compiled\lab_dbt\models\silver\powerpath_cyto_biopsy_silverv2.sql:42:38)
20:49:50.572481 [info ]:  Succeeded [  0.00s] model lab_staging.powerpath_cyto_biopsy_silverv2 (table)
20:49:50.572558 [debug]: Finished analyzing [  0.00s] model lab_staging.powerpath_cyto_biopsy_silverv2 [success]
20:49:50.572944 [debug]: Finished analyzing [  0.00s] model lab_staging.powerpath_cyto_biopsy_bronze [success]
20:49:50.572973 [info ]:  Succeeded [  0.01s] model lab_staging.powerpath_cyto_biopsy_bronze (table)
20:49:50.573237 [debug]: Compiled SQL for node model.lab_dbt.date_filter_bronze at target\.lsp\compiled\lab_dbt\models\bronze\date_filter_bronze.sql
20:49:50.573310 [debug]: Finished rendering [  0.01s] model lab_staging.date_filter_bronze [success]
20:49:50.573331 [info ]: Finished rendering [  0.01s] (3 nodes, 0 skipped, 0 errors)
20:49:50.573434 [debug]: Started analyzing model lab_staging.date_filter_bronze
20:49:50.575331 [debug]: Finished analyzing [  0.00s] model lab_staging.date_filter_bronze [success]
20:49:50.575402 [info ]: Finished analyzing [  0.00s] (3 nodes, 0 skipped, 0 errors)
20:49:50.575421 [info ]:  Succeeded [  0.01s] model lab_staging.date_filter_bronze (table)
20:49:50.582880 [info ]: Started scheduling
20:49:50.582939 [info ]: Finished scheduling [  0.00s]
20:49:50.584075 [info ]: Cached model count updated: 3 models (accurate)
20:50:06.320038 [info ]: Started loading project
20:50:06.321462 [info ]: Loading ~/.dbt/profiles.yml
20:50:06.359756 [info ]: Started parsing
20:50:06.729315 [info ]: Finished loading project [  0.41s]
20:50:06.732421 [debug]: Finished parsing models/silver/powerpath_cyto_biopsy_silverv2.sql [  0.00s]
20:50:06.735877 [warn ]: [UnusedResourceConfigPath (dbt1097)]: Configuration paths exist in your dbt_project.yml file which do not apply to any resources.
There are 1 unused configuration paths:
- models.lab_dbt.gold
20:50:06.741710 [info ]: Cached model count updated: 3 models (estimate)
20:50:06.741730 [info ]: Cached model count updated: 3 models (accurate)
20:50:06.741757 [info ]: Started scheduling
20:50:06.741848 [info ]: Finished scheduling [  0.00s]
20:50:06.741864 [debug]: Compilation - 3 nodes selected: {"model.lab_dbt.date_filter_bronze", "model.lab_dbt.powerpath_cyto_biopsy_bronze", "model.lab_dbt.powerpath_cyto_biopsy_silverv2"}
20:50:06.744867 [info ]: Started building task graph
20:50:06.744942 [info ]: Finished building task graph [  0.00s]
20:50:06.750593 [info ]: Started rendering (3 nodes)
20:50:06.750623 [info ]: Started model lab_staging.powerpath_cyto_biopsy_silverv2
20:50:06.750652 [debug]: Started rendering model lab_staging.powerpath_cyto_biopsy_silverv2
20:50:06.750677 [info ]: Started model lab_staging.powerpath_cyto_biopsy_bronze
20:50:06.750686 [debug]: Started rendering model lab_staging.powerpath_cyto_biopsy_bronze
20:50:06.750697 [info ]: Started model lab_staging.date_filter_bronze
20:50:06.750703 [debug]: Started rendering model lab_staging.date_filter_bronze
20:50:06.750727 [info ]: Finished parsing [  0.39s]
20:50:06.753234 [debug]: Compiled SQL for node model.lab_dbt.powerpath_cyto_biopsy_bronze at target\.lsp\compiled\lab_dbt\models\bronze\powerpath_cyto_biopsy_bronze.sql
20:50:06.753308 [debug]: Compiled SQL for node model.lab_dbt.date_filter_bronze at target\.lsp\compiled\lab_dbt\models\bronze\date_filter_bronze.sql
20:50:06.753349 [debug]: Finished rendering [  0.00s] model lab_staging.powerpath_cyto_biopsy_bronze [success]
20:50:06.753405 [info ]: Started analyzing (3 nodes)
20:50:06.753418 [debug]: Started analyzing model lab_staging.powerpath_cyto_biopsy_bronze
20:50:06.753442 [debug]: Finished rendering [  0.00s] model lab_staging.date_filter_bronze [success]
20:50:06.753454 [debug]: Started analyzing model lab_staging.date_filter_bronze
20:50:06.754384 [debug]: Finished analyzing [  0.00s] model lab_staging.powerpath_cyto_biopsy_bronze [success]
20:50:06.754419 [info ]:  Succeeded [  0.00s] model lab_staging.powerpath_cyto_biopsy_bronze (table)
20:50:06.754538 [debug]: Finished analyzing [  0.00s] model lab_staging.date_filter_bronze [success]
20:50:06.754556 [info ]:  Succeeded [  0.00s] model lab_staging.date_filter_bronze (table)
20:50:06.755645 [debug]: Compiled SQL for node model.lab_dbt.powerpath_cyto_biopsy_silverv2 at target\.lsp\compiled\lab_dbt\models\silver\powerpath_cyto_biopsy_silverv2.sql
20:50:06.755810 [debug]: Finished rendering [  0.01s] model lab_staging.powerpath_cyto_biopsy_silverv2 [success]
20:50:06.755837 [info ]: Finished rendering [  0.01s] (3 nodes, 0 skipped, 0 errors)
20:50:06.755860 [debug]: Started analyzing model lab_staging.powerpath_cyto_biopsy_silverv2
20:50:06.758589 [warn ]: [SyntaxInvalid (dbt0101)]: no viable alternative at input 'with raw as (
    select *
    from `opsanalytics_adb_workspace01`.`lab_staging`.`powerpath_cyto_biopsy_bronze`
    where spec_group in ('CYTO NONGYN', 'CYTO GYN', 'BREAST')
      and spec_sort_order = 'A'
),

cleaned as (
    select
        replace(Case_no, '*failed to decode utf16*', '')   as Case_no,
        case
            when Facility = 'KH'   then 'MSB'
            when Facility = 'R'    then 'MSW'
            when Facility = 'STL'  then 'MSM'
            when Facility = 'SNCH' then 'MSSN'
            when Facility = 'MSS'  then 'MSH'
            when Facility = 'SL'   then 'MSM'
            when Facility = 'PACC' then 'MSUS'
            else Facility
        end                                                 as Facility,
        case
            when Spec_code = 'BREA1' and spec_group = 'BREAST' then 'Breast Biopsy'
            when spec_group = 'CYTO NONGYN'                    then 'Cytology NONGYN'
            when spec_group = 'CYTO GYN'                       then 'Cytology GYN'
            else 'Breast Large/Resection'
        end                                                 as TEST_NAME,
        cast(Case_created_date as timestamp)                as Case_created_date,
        cast(Collection_Date   as timestamp)                as Collection_Date,
        cast(Received_Date     as timestamp)                as Received_Date,
        cast(signed_out_date   as timestamp)                as signed_out_date,
        Priority, Spec_code, Specimen_description, CPT_code, Rev_ctr,
        Encounter_no, MRN, Refmd_code, Refmd_name,
        spec_sort_order, spec_group, patient_type,
        _source_file, _ingested_at
    from raw
),

with_setting as (
    select
        c.* except (PATIENT_SETTING),,'
  --> models/silver/powerpath_cyto_biopsy_silverv2.sql:42:38 (target\.lsp\compiled\lab_dbt\models\silver\powerpath_cyto_biopsy_silverv2.sql:42:38)
20:50:06.758687 [info ]:  Succeeded [  0.01s] model lab_staging.powerpath_cyto_biopsy_silverv2 (table)
20:50:06.758734 [debug]: Finished analyzing [  0.00s] model lab_staging.powerpath_cyto_biopsy_silverv2 [success]
20:50:06.758756 [info ]: Finished analyzing [  0.01s] (3 nodes, 0 skipped, 0 errors)
20:50:06.763828 [info ]: Started scheduling
20:50:06.763912 [info ]: Finished scheduling [  0.00s]
20:50:06.765255 [info ]: Cached model count updated: 3 models (accurate)
20:50:08.453679 [info ]: Started loading project
20:50:08.454900 [info ]: Loading ~/.dbt/profiles.yml
20:50:08.522850 [info ]: Cached model count updated: 3 models (estimate)
20:50:08.522875 [info ]: Cached model count updated: 3 models (accurate)
20:50:08.522910 [info ]: Started scheduling
20:50:08.523009 [info ]: Finished scheduling [  0.00s]
20:50:08.523030 [debug]: Compilation - 3 nodes selected: {"model.lab_dbt.date_filter_bronze", "model.lab_dbt.powerpath_cyto_biopsy_bronze", "model.lab_dbt.powerpath_cyto_biopsy_silverv2"}
20:50:08.526050 [info ]: Started building task graph
20:50:08.526109 [info ]: Finished building task graph [  0.00s]
20:50:08.532821 [info ]: Started rendering (3 nodes)
20:50:08.532853 [info ]: Started model lab_staging.powerpath_cyto_biopsy_silverv2
20:50:08.532882 [debug]: Started rendering model lab_staging.powerpath_cyto_biopsy_silverv2
20:50:08.532913 [info ]: Started model lab_staging.powerpath_cyto_biopsy_bronze
20:50:08.532924 [debug]: Started rendering model lab_staging.powerpath_cyto_biopsy_bronze
20:50:08.532941 [info ]: Started model lab_staging.date_filter_bronze
20:50:08.532954 [debug]: Started rendering model lab_staging.date_filter_bronze
20:50:08.532954 [info ]: Finished loading project [  0.08s]
20:50:08.535250 [debug]: Compiled SQL for node model.lab_dbt.powerpath_cyto_biopsy_bronze at target\.lsp\compiled\lab_dbt\models\bronze\powerpath_cyto_biopsy_bronze.sql
20:50:08.535263 [debug]: Compiled SQL for node model.lab_dbt.date_filter_bronze at target\.lsp\compiled\lab_dbt\models\bronze\date_filter_bronze.sql
20:50:08.535263 [debug]: Compiled SQL for node model.lab_dbt.powerpath_cyto_biopsy_silverv2 at target\.lsp\compiled\lab_dbt\models\silver\powerpath_cyto_biopsy_silverv2.sql
20:50:08.535326 [debug]: Finished rendering [  0.00s] model lab_staging.date_filter_bronze [success]
20:50:08.535356 [info ]: Started analyzing (3 nodes)
20:50:08.535368 [debug]: Started analyzing model lab_staging.date_filter_bronze
20:50:08.535386 [debug]: Finished rendering [  0.00s] model lab_staging.powerpath_cyto_biopsy_bronze [success]
20:50:08.535401 [debug]: Started analyzing model lab_staging.powerpath_cyto_biopsy_bronze
20:50:08.535423 [debug]: Finished rendering [  0.00s] model lab_staging.powerpath_cyto_biopsy_silverv2 [success]
20:50:08.535436 [info ]: Finished rendering [  0.00s] (3 nodes, 0 skipped, 0 errors)
20:50:08.535447 [debug]: Started analyzing model lab_staging.powerpath_cyto_biopsy_silverv2
20:50:08.536099 [warn ]: [SyntaxInvalid (dbt0101)]: no viable alternative at input 'with raw as (
    select *
    from `opsanalytics_adb_workspace01`.`lab_staging`.`powerpath_cyto_biopsy_bronze`
    where spec_group in ('CYTO NONGYN', 'CYTO GYN', 'BREAST')
      and spec_sort_order = 'A'
),

cleaned as (
    select
        replace(Case_no, '*failed to decode utf16*', '')   as Case_no,
        case
            when Facility = 'KH'   then 'MSB'
            when Facility = 'R'    then 'MSW'
            when Facility = 'STL'  then 'MSM'
            when Facility = 'SNCH' then 'MSSN'
            when Facility = 'MSS'  then 'MSH'
            when Facility = 'SL'   then 'MSM'
            when Facility = 'PACC' then 'MSUS'
            else Facility
        end                                                 as Facility,
        case
            when Spec_code = 'BREA1' and spec_group = 'BREAST' then 'Breast Biopsy'
            when spec_group = 'CYTO NONGYN'                    then 'Cytology NONGYN'
            when spec_group = 'CYTO GYN'                       then 'Cytology GYN'
            else 'Breast Large/Resection'
        end                                                 as TEST_NAME,
        cast(Case_created_date as timestamp)                as Case_created_date,
        cast(Collection_Date   as timestamp)                as Collection_Date,
        cast(Received_Date     as timestamp)                as Received_Date,
        cast(signed_out_date   as timestamp)                as signed_out_date,
        Priority, Spec_code, Specimen_description, CPT_code, Rev_ctr,
        Encounter_no, MRN, Refmd_code, Refmd_name,
        spec_sort_order, spec_group, patient_type,
        _source_file, _ingested_at
    from raw
),

with_setting as (
    select
        c.* except (PATIENT_SETTING),,'
  --> models/silver/powerpath_cyto_biopsy_silverv2.sql:42:38 (target\.lsp\compiled\lab_dbt\models\silver\powerpath_cyto_biopsy_silverv2.sql:42:38)
20:50:08.536119 [debug]: Finished analyzing [  0.00s] model lab_staging.powerpath_cyto_biopsy_bronze [success]
20:50:08.536133 [info ]:  Succeeded [  0.00s] model lab_staging.powerpath_cyto_biopsy_bronze (table)
20:50:08.536175 [debug]: Finished analyzing [  0.00s] model lab_staging.powerpath_cyto_biopsy_silverv2 [success]
20:50:08.536175 [info ]:  Succeeded [  0.00s] model lab_staging.powerpath_cyto_biopsy_silverv2 (table)
20:50:08.536726 [debug]: Finished analyzing [  0.00s] model lab_staging.date_filter_bronze [success]
20:50:08.536747 [info ]: Finished analyzing [  0.00s] (3 nodes, 0 skipped, 0 errors)
20:50:08.536763 [info ]:  Succeeded [  0.00s] model lab_staging.date_filter_bronze (table)
20:50:08.542667 [info ]: Started scheduling
20:50:08.542728 [info ]: Finished scheduling [  0.00s]
20:50:08.543904 [info ]: Cached model count updated: 3 models (accurate)
20:50:13.958740 [info ]: Started loading project
20:50:13.959758 [info ]: Loading ~/.dbt/profiles.yml
20:50:13.996894 [info ]: Started parsing
20:50:14.420935 [info ]: Finished loading project [  0.46s]
20:50:14.423978 [debug]: Finished parsing models/silver/powerpath_cyto_biopsy_silverv2.sql [  0.00s]
20:50:14.428448 [warn ]: [UnusedResourceConfigPath (dbt1097)]: Configuration paths exist in your dbt_project.yml file which do not apply to any resources.
There are 1 unused configuration paths:
- models.lab_dbt.gold
20:50:14.436620 [info ]: Cached model count updated: 3 models (estimate)
20:50:14.436638 [info ]: Cached model count updated: 3 models (accurate)
20:50:14.436679 [info ]: Started scheduling
20:50:14.436776 [info ]: Finished scheduling [  0.00s]
20:50:14.436791 [debug]: Compilation - 3 nodes selected: {"model.lab_dbt.date_filter_bronze", "model.lab_dbt.powerpath_cyto_biopsy_bronze", "model.lab_dbt.powerpath_cyto_biopsy_silverv2"}
20:50:14.439177 [info ]: Started building task graph
20:50:14.439240 [info ]: Finished building task graph [  0.00s]
20:50:14.445606 [info ]: Started rendering (3 nodes)
20:50:14.445638 [info ]: Started model lab_staging.powerpath_cyto_biopsy_silverv2
20:50:14.445652 [debug]: Started rendering model lab_staging.powerpath_cyto_biopsy_silverv2
20:50:14.445679 [info ]: Started model lab_staging.powerpath_cyto_biopsy_bronze
20:50:14.445688 [debug]: Started rendering model lab_staging.powerpath_cyto_biopsy_bronze
20:50:14.445711 [info ]: Started model lab_staging.date_filter_bronze
20:50:14.445722 [debug]: Started rendering model lab_staging.date_filter_bronze
20:50:14.445723 [info ]: Finished parsing [  0.45s]
20:50:14.448125 [debug]: Compiled SQL for node model.lab_dbt.date_filter_bronze at target\.lsp\compiled\lab_dbt\models\bronze\date_filter_bronze.sql
20:50:14.448125 [debug]: Compiled SQL for node model.lab_dbt.powerpath_cyto_biopsy_bronze at target\.lsp\compiled\lab_dbt\models\bronze\powerpath_cyto_biopsy_bronze.sql
20:50:14.448211 [debug]: Finished rendering [  0.00s] model lab_staging.powerpath_cyto_biopsy_bronze [success]
20:50:14.448252 [info ]: Started analyzing (3 nodes)
20:50:14.448265 [debug]: Started analyzing model lab_staging.powerpath_cyto_biopsy_bronze
20:50:14.448287 [debug]: Finished rendering [  0.00s] model lab_staging.date_filter_bronze [success]
20:50:14.448303 [debug]: Started analyzing model lab_staging.date_filter_bronze
20:50:14.449445 [debug]: Finished analyzing [  0.00s] model lab_staging.powerpath_cyto_biopsy_bronze [success]
20:50:14.449484 [info ]:  Succeeded [  0.00s] model lab_staging.powerpath_cyto_biopsy_bronze (table)
20:50:14.449834 [debug]: Finished analyzing [  0.00s] model lab_staging.date_filter_bronze [success]
20:50:14.449858 [info ]:  Succeeded [  0.00s] model lab_staging.date_filter_bronze (table)
20:50:14.451147 [debug]: Compiled SQL for node model.lab_dbt.powerpath_cyto_biopsy_silverv2 at target\.lsp\compiled\lab_dbt\models\silver\powerpath_cyto_biopsy_silverv2.sql
20:50:14.451286 [debug]: Finished rendering [  0.01s] model lab_staging.powerpath_cyto_biopsy_silverv2 [success]
20:50:14.451313 [info ]: Finished rendering [  0.01s] (3 nodes, 0 skipped, 0 errors)
20:50:14.451340 [debug]: Started analyzing model lab_staging.powerpath_cyto_biopsy_silverv2
20:50:14.452580 [warn ]: [SyntaxInvalid (dbt0101)]: no viable alternative at input 'with raw as (
    select *
    from `opsanalytics_adb_workspace01`.`lab_staging`.`powerpath_cyto_biopsy_bronze`
    where spec_group in ('CYTO NONGYN', 'CYTO GYN', 'BREAST')
      and spec_sort_order = 'A'
),

cleaned as (
    select
        replace(Case_no, '*failed to decode utf16*', '')   as Case_no,
        case
            when Facility = 'KH'   then 'MSB'
            when Facility = 'R'    then 'MSW'
            when Facility = 'STL'  then 'MSM'
            when Facility = 'SNCH' then 'MSSN'
            when Facility = 'MSS'  then 'MSH'
            when Facility = 'SL'   then 'MSM'
            when Facility = 'PACC' then 'MSUS'
            else Facility
        end                                                 as Facility,
        case
            when Spec_code = 'BREA1' and spec_group = 'BREAST' then 'Breast Biopsy'
            when spec_group = 'CYTO NONGYN'                    then 'Cytology NONGYN'
            when spec_group = 'CYTO GYN'                       then 'Cytology GYN'
            else 'Breast Large/Resection'
        end                                                 as TEST_NAME,
        cast(Case_created_date as timestamp)                as Case_created_date,
        cast(Collection_Date   as timestamp)                as Collection_Date,
        cast(Received_Date     as timestamp)                as Received_Date,
        cast(signed_out_date   as timestamp)                as signed_out_date,
        Priority, Spec_code, Specimen_description, CPT_code, Rev_ctr,
        Encounter_no, MRN, Refmd_code, Refmd_name,
        spec_sort_order, spec_group, patient_type,
        _source_file, _ingested_at
    from raw
),

with_setting as (
    select
        c.* except (PATIENT_SETTING),,'
  --> models/silver/powerpath_cyto_biopsy_silverv2.sql:42:38 (target\.lsp\compiled\lab_dbt\models\silver\powerpath_cyto_biopsy_silverv2.sql:42:38)
20:50:14.452734 [info ]:  Succeeded [  0.01s] model lab_staging.powerpath_cyto_biopsy_silverv2 (table)
20:50:14.452740 [debug]: Finished analyzing [  0.00s] model lab_staging.powerpath_cyto_biopsy_silverv2 [success]
20:50:14.452763 [info ]: Finished analyzing [  0.00s] (3 nodes, 0 skipped, 0 errors)
20:50:14.459138 [info ]: Started scheduling
20:50:14.459221 [info ]: Finished scheduling [  0.00s]
20:50:14.461890 [info ]: Cached model count updated: 3 models (accurate)
20:50:16.007300 [info ]: Started loading project
20:50:16.008314 [info ]: Loading ~/.dbt/profiles.yml
20:50:16.064037 [info ]: Cached model count updated: 3 models (estimate)
20:50:16.064057 [info ]: Cached model count updated: 3 models (accurate)
20:50:16.064085 [info ]: Started scheduling
20:50:16.064163 [info ]: Finished scheduling [  0.00s]
20:50:16.064176 [debug]: Compilation - 3 nodes selected: {"model.lab_dbt.date_filter_bronze", "model.lab_dbt.powerpath_cyto_biopsy_bronze", "model.lab_dbt.powerpath_cyto_biopsy_silverv2"}
20:50:16.066649 [info ]: Started building task graph
20:50:16.066721 [info ]: Finished building task graph [  0.00s]
20:50:16.072520 [info ]: Started rendering (3 nodes)
20:50:16.072555 [info ]: Started model lab_staging.powerpath_cyto_biopsy_silverv2
20:50:16.072566 [debug]: Started rendering model lab_staging.powerpath_cyto_biopsy_silverv2
20:50:16.072594 [info ]: Started model lab_staging.powerpath_cyto_biopsy_bronze
20:50:16.072603 [debug]: Started rendering model lab_staging.powerpath_cyto_biopsy_bronze
20:50:16.072630 [info ]: Started model lab_staging.date_filter_bronze
20:50:16.072637 [debug]: Started rendering model lab_staging.date_filter_bronze
20:50:16.072684 [info ]: Finished loading project [  0.07s]
20:50:16.075469 [debug]: Compiled SQL for node model.lab_dbt.powerpath_cyto_biopsy_silverv2 at target\.lsp\compiled\lab_dbt\models\silver\powerpath_cyto_biopsy_silverv2.sql
20:50:16.075481 [debug]: Compiled SQL for node model.lab_dbt.date_filter_bronze at target\.lsp\compiled\lab_dbt\models\bronze\date_filter_bronze.sql
20:50:16.075479 [debug]: Compiled SQL for node model.lab_dbt.powerpath_cyto_biopsy_bronze at target\.lsp\compiled\lab_dbt\models\bronze\powerpath_cyto_biopsy_bronze.sql
20:50:16.075548 [debug]: Finished rendering [  0.00s] model lab_staging.powerpath_cyto_biopsy_bronze [success]
20:50:16.075580 [info ]: Started analyzing (3 nodes)
20:50:16.075593 [debug]: Started analyzing model lab_staging.powerpath_cyto_biopsy_bronze
20:50:16.075613 [debug]: Finished rendering [  0.00s] model lab_staging.powerpath_cyto_biopsy_silverv2 [success]
20:50:16.075627 [debug]: Started analyzing model lab_staging.powerpath_cyto_biopsy_silverv2
20:50:16.075661 [debug]: Finished rendering [  0.00s] model lab_staging.date_filter_bronze [success]
20:50:16.075678 [info ]: Finished rendering [  0.00s] (3 nodes, 0 skipped, 0 errors)
20:50:16.075694 [debug]: Started analyzing model lab_staging.date_filter_bronze
20:50:16.076418 [debug]: Finished analyzing [  0.00s] model lab_staging.powerpath_cyto_biopsy_bronze [success]
20:50:16.076445 [info ]:  Succeeded [  0.00s] model lab_staging.powerpath_cyto_biopsy_bronze (table)
20:50:16.076593 [warn ]: [SyntaxInvalid (dbt0101)]: no viable alternative at input 'with raw as (
    select *
    from `opsanalytics_adb_workspace01`.`lab_staging`.`powerpath_cyto_biopsy_bronze`
    where spec_group in ('CYTO NONGYN', 'CYTO GYN', 'BREAST')
      and spec_sort_order = 'A'
),

cleaned as (
    select
        replace(Case_no, '*failed to decode utf16*', '')   as Case_no,
        case
            when Facility = 'KH'   then 'MSB'
            when Facility = 'R'    then 'MSW'
            when Facility = 'STL'  then 'MSM'
            when Facility = 'SNCH' then 'MSSN'
            when Facility = 'MSS'  then 'MSH'
            when Facility = 'SL'   then 'MSM'
            when Facility = 'PACC' then 'MSUS'
            else Facility
        end                                                 as Facility,
        case
            when Spec_code = 'BREA1' and spec_group = 'BREAST' then 'Breast Biopsy'
            when spec_group = 'CYTO NONGYN'                    then 'Cytology NONGYN'
            when spec_group = 'CYTO GYN'                       then 'Cytology GYN'
            else 'Breast Large/Resection'
        end                                                 as TEST_NAME,
        cast(Case_created_date as timestamp)                as Case_created_date,
        cast(Collection_Date   as timestamp)                as Collection_Date,
        cast(Received_Date     as timestamp)                as Received_Date,
        cast(signed_out_date   as timestamp)                as signed_out_date,
        Priority, Spec_code, Specimen_description, CPT_code, Rev_ctr,
        Encounter_no, MRN, Refmd_code, Refmd_name,
        spec_sort_order, spec_group, patient_type,
        _source_file, _ingested_at
    from raw
),

with_setting as (
    select
        c.* except (PATIENT_SETTING),,'
  --> models/silver/powerpath_cyto_biopsy_silverv2.sql:42:38 (target\.lsp\compiled\lab_dbt\models\silver\powerpath_cyto_biopsy_silverv2.sql:42:38)
20:50:16.076781 [info ]:  Succeeded [  0.00s] model lab_staging.powerpath_cyto_biopsy_silverv2 (table)
20:50:16.076897 [debug]: Finished analyzing [  0.00s] model lab_staging.powerpath_cyto_biopsy_silverv2 [success]
20:50:16.077884 [debug]: Finished analyzing [  0.00s] model lab_staging.date_filter_bronze [success]
20:50:16.077922 [info ]: Finished analyzing [  0.00s] (3 nodes, 0 skipped, 0 errors)
20:50:16.077943 [info ]:  Succeeded [  0.01s] model lab_staging.date_filter_bronze (table)
20:50:16.083676 [info ]: Started scheduling
20:50:16.083761 [info ]: Finished scheduling [  0.00s]
20:50:16.084762 [info ]: Cached model count updated: 3 models (accurate)
20:50:31.470543 [info ]: Started loading project
20:50:31.472158 [info ]: Loading ~/.dbt/profiles.yml
20:50:31.503082 [info ]: Started loading project
20:50:31.504075 [info ]: Loading ~/.dbt/profiles.yml
20:50:31.504123 [info ]: Finished loading project [  0.03s]
20:50:31.588430 [debug]:    Started loading packages
20:50:31.595775 [debug]:     Loaded [  0.01s] packages
20:50:31.596845 [info ]: Finished loading project [  0.09s]
20:50:31.597064 [info ]: Started parsing
20:50:31.658178 [debug]: Finished parsing models/sources.yml [  0.00s]
20:50:31.663209 [debug]: Finished parsing models/bronze/date_filter_bronze.sql [  0.00s]
20:50:31.664686 [debug]: Finished parsing models/bronze/powerpath_cyto_biopsy_bronze.sql [  0.00s]
20:50:31.666030 [debug]: Finished parsing models/silver/powerpath_cyto_biopsy_silver.sql [  0.00s]
20:50:31.672503 [warn ]: [UnusedResourceConfigPath (dbt1097)]: Configuration paths exist in your dbt_project.yml file which do not apply to any resources.
There are 1 unused configuration paths:
- models.lab_dbt.gold
20:50:31.679129 [info ]: Cached model count updated: 3 models (estimate)
20:50:31.679204 [info ]: Cached model count updated: 3 models (accurate)
20:50:31.679281 [info ]: Started scheduling
20:50:31.679455 [info ]: Finished scheduling [  0.00s]
20:50:31.679500 [debug]: Compilation - 0 nodes selected: {}
20:50:31.679591 [warn ]: [NoNodesForSelectionCriteria (dbt1092)]: The selection criterion '' does not match any enabled nodes
20:50:31.679623 [warn ]: [NoNodesSelected (dbt1601)]: Nothing to do. Try checking your model configs and model specification args
20:50:31.679647 [info ]: Started scheduling
20:50:31.679757 [info ]: Finished scheduling [  0.00s]
20:50:31.679824 [debug]: Initializing schema store with entry: Frontier(CanonicalFqn { catalog: "opsanalytics_adb_workspace01", schema: "lab", table: "mshs_holidays" }) and interval: None
20:50:31.680014 [debug]: Initializing schema store with entry: Frontier(CanonicalFqn { catalog: "opsanalytics_adb_workspace01", schema: "lab", table: "powerpath_cyto_biopsy_historical" }) and interval: None
20:50:31.680102 [debug]: Initializing schema store with entry: Frontier(CanonicalFqn { catalog: "opsanalytics_adb_workspace01", schema: "lab", table: "lab_kpi_ap_patient_setting" }) and interval: None
20:50:31.680169 [debug]: Initializing schema store with entry: Frontier(CanonicalFqn { catalog: "opsanalytics_adb_workspace01", schema: "lab", table: "powerpath_raw" }) and interval: None
20:50:31.684350 [info ]: Started building task graph
20:50:31.684379 [info ]: Finished building task graph [  0.00s]
20:50:31.702248 [info ]: Started scheduling
20:50:31.702372 [info ]: Finished scheduling [  0.00s]
20:50:31.717362 [info ]: Cached model count updated: 3 models (accurate)
20:50:31.717437 [info ]: Finished parsing [  0.12s]
20:50:32.737396 [info ]: Started loading project
20:50:32.738327 [info ]: Loading ~/.dbt/profiles.yml
20:50:32.752406 [info ]: Started parsing
20:50:32.823748 [info ]: Finished loading project [  0.09s]
20:50:32.827923 [debug]: Finished parsing models/silver/powerpath_cyto_biopsy_silver.sql [  0.00s]
20:50:32.831543 [warn ]: [UnusedResourceConfigPath (dbt1097)]: Configuration paths exist in your dbt_project.yml file which do not apply to any resources.
There are 1 unused configuration paths:
- models.lab_dbt.gold
20:50:32.835775 [info ]: Cached model count updated: 3 models (estimate)
20:50:32.835791 [info ]: Cached model count updated: 3 models (accurate)
20:50:32.835815 [info ]: Started scheduling
20:50:32.835900 [info ]: Finished scheduling [  0.00s]
20:50:32.835916 [debug]: Compilation - 3 nodes selected: {"model.lab_dbt.date_filter_bronze", "model.lab_dbt.powerpath_cyto_biopsy_bronze", "model.lab_dbt.powerpath_cyto_biopsy_silver"}
20:50:32.838241 [info ]: Started building task graph
20:50:32.838304 [info ]: Finished building task graph [  0.00s]
20:50:32.844473 [info ]: Started rendering (3 nodes)
20:50:32.844503 [info ]: Started model lab_staging.powerpath_cyto_biopsy_silver
20:50:32.844512 [debug]: Started rendering model lab_staging.powerpath_cyto_biopsy_silver
20:50:32.844539 [info ]: Started model lab_staging.powerpath_cyto_biopsy_bronze
20:50:32.844545 [debug]: Started rendering model lab_staging.powerpath_cyto_biopsy_bronze
20:50:32.844557 [info ]: Started model lab_staging.date_filter_bronze
20:50:32.844563 [debug]: Started rendering model lab_staging.date_filter_bronze
20:50:32.844621 [info ]: Finished parsing [  0.09s]
20:50:32.849337 [debug]: Compiled SQL for node model.lab_dbt.date_filter_bronze at target\.lsp\compiled\lab_dbt\models\bronze\date_filter_bronze.sql
20:50:32.849381 [debug]: Compiled SQL for node model.lab_dbt.powerpath_cyto_biopsy_bronze at target\.lsp\compiled\lab_dbt\models\bronze\powerpath_cyto_biopsy_bronze.sql
20:50:32.849498 [debug]: Finished rendering [  0.00s] model lab_staging.powerpath_cyto_biopsy_bronze [success]
20:50:32.849549 [info ]: Started analyzing (3 nodes)
20:50:32.849563 [debug]: Started analyzing model lab_staging.powerpath_cyto_biopsy_bronze
20:50:32.849594 [debug]: Finished rendering [  0.01s] model lab_staging.date_filter_bronze [success]
20:50:32.849617 [debug]: Started analyzing model lab_staging.date_filter_bronze
20:50:32.850451 [debug]: Compiled SQL for node model.lab_dbt.powerpath_cyto_biopsy_silver at target\.lsp\compiled\lab_dbt\models\silver\powerpath_cyto_biopsy_silver.sql
20:50:32.850663 [debug]: Finished rendering [  0.01s] model lab_staging.powerpath_cyto_biopsy_silver [success]
20:50:32.850693 [info ]: Finished rendering [  0.01s] (3 nodes, 0 skipped, 0 errors)
20:50:32.850725 [debug]: Started analyzing model lab_staging.powerpath_cyto_biopsy_silver
20:50:32.850763 [debug]: Finished analyzing [  0.00s] model lab_staging.powerpath_cyto_biopsy_bronze [success]
20:50:32.850787 [info ]:  Succeeded [  0.01s] model lab_staging.powerpath_cyto_biopsy_bronze (table)
20:50:32.851055 [debug]: Finished analyzing [  0.00s] model lab_staging.date_filter_bronze [success]
20:50:32.851073 [info ]:  Succeeded [  0.01s] model lab_staging.date_filter_bronze (table)
20:50:32.851525 [warn ]: [SyntaxInvalid (dbt0101)]: no viable alternative at input 'with raw as (
    select *
    from `opsanalytics_adb_workspace01`.`lab_staging`.`powerpath_cyto_biopsy_bronze`
    where spec_group in ('CYTO NONGYN', 'CYTO GYN', 'BREAST')
      and spec_sort_order = 'A'
),

cleaned as (
    select
        replace(Case_no, '*failed to decode utf16*', '')   as Case_no,
        case
            when Facility = 'KH'   then 'MSB'
            when Facility = 'R'    then 'MSW'
            when Facility = 'STL'  then 'MSM'
            when Facility = 'SNCH' then 'MSSN'
            when Facility = 'MSS'  then 'MSH'
            when Facility = 'SL'   then 'MSM'
            when Facility = 'PACC' then 'MSUS'
            else Facility
        end                                                 as Facility,
        case
            when Spec_code = 'BREA1' and spec_group = 'BREAST' then 'Breast Biopsy'
            when spec_group = 'CYTO NONGYN'                    then 'Cytology NONGYN'
            when spec_group = 'CYTO GYN'                       then 'Cytology GYN'
            else 'Breast Large/Resection'
        end                                                 as TEST_NAME,
        cast(Case_created_date as timestamp)                as Case_created_date,
        cast(Collection_Date   as timestamp)                as Collection_Date,
        cast(Received_Date     as timestamp)                as Received_Date,
        cast(signed_out_date   as timestamp)                as signed_out_date,
        Priority, Spec_code, Specimen_description, CPT_code, Rev_ctr,
        Encounter_no, MRN, Refmd_code, Refmd_name,
        spec_sort_order, spec_group, patient_type,
        _source_file, _ingested_at
    from raw
),

with_setting as (
    select
        c.* except (PATIENT_SETTING),,'
  --> models/silver/powerpath_cyto_biopsy_silver.sql:42:38 (target\.lsp\compiled\lab_dbt\models\silver\powerpath_cyto_biopsy_silver.sql:42:38)
20:50:32.851616 [info ]:  Succeeded [  0.01s] model lab_staging.powerpath_cyto_biopsy_silver (table)
20:50:32.851639 [debug]: Finished analyzing [  0.00s] model lab_staging.powerpath_cyto_biopsy_silver [success]
20:50:32.851657 [info ]: Finished analyzing [  0.00s] (3 nodes, 0 skipped, 0 errors)
20:50:32.856964 [info ]: Started scheduling
20:50:32.857046 [info ]: Finished scheduling [  0.00s]
20:50:32.858432 [info ]: Cached model count updated: 3 models (accurate)
20:50:34.444208 [info ]: Started loading project
20:50:34.446371 [info ]: Loading ~/.dbt/profiles.yml
20:50:34.505098 [info ]: Cached model count updated: 3 models (estimate)
20:50:34.505119 [info ]: Cached model count updated: 3 models (accurate)
20:50:34.505152 [info ]: Started scheduling
20:50:34.505227 [info ]: Finished scheduling [  0.00s]
20:50:34.505241 [debug]: Compilation - 3 nodes selected: {"model.lab_dbt.date_filter_bronze", "model.lab_dbt.powerpath_cyto_biopsy_bronze", "model.lab_dbt.powerpath_cyto_biopsy_silver"}
20:50:34.507618 [info ]: Started building task graph
20:50:34.507685 [info ]: Finished building task graph [  0.00s]
20:50:34.515001 [info ]: Started rendering (3 nodes)
20:50:34.515034 [info ]: Started model lab_staging.powerpath_cyto_biopsy_silver
20:50:34.515044 [debug]: Started rendering model lab_staging.powerpath_cyto_biopsy_silver
20:50:34.515068 [info ]: Started model lab_staging.powerpath_cyto_biopsy_bronze
20:50:34.515075 [debug]: Started rendering model lab_staging.powerpath_cyto_biopsy_bronze
20:50:34.515088 [info ]: Started model lab_staging.date_filter_bronze
20:50:34.515094 [debug]: Started rendering model lab_staging.date_filter_bronze
20:50:34.515128 [info ]: Finished loading project [  0.07s]
20:50:34.517491 [debug]: Compiled SQL for node model.lab_dbt.date_filter_bronze at target\.lsp\compiled\lab_dbt\models\bronze\date_filter_bronze.sql
20:50:34.517499 [debug]: Compiled SQL for node model.lab_dbt.powerpath_cyto_biopsy_silver at target\.lsp\compiled\lab_dbt\models\silver\powerpath_cyto_biopsy_silver.sql
20:50:34.517587 [debug]: Finished rendering [  0.00s] model lab_staging.date_filter_bronze [success]
20:50:34.517595 [debug]: Compiled SQL for node model.lab_dbt.powerpath_cyto_biopsy_bronze at target\.lsp\compiled\lab_dbt\models\bronze\powerpath_cyto_biopsy_bronze.sql
20:50:34.517624 [info ]: Started analyzing (3 nodes)
20:50:34.517635 [debug]: Started analyzing model lab_staging.date_filter_bronze
20:50:34.517655 [debug]: Finished rendering [  0.00s] model lab_staging.powerpath_cyto_biopsy_silver [success]
20:50:34.517667 [debug]: Started analyzing model lab_staging.powerpath_cyto_biopsy_silver
20:50:34.517683 [debug]: Finished rendering [  0.00s] model lab_staging.powerpath_cyto_biopsy_bronze [success]
20:50:34.517692 [info ]: Finished rendering [  0.00s] (3 nodes, 0 skipped, 0 errors)
20:50:34.517704 [debug]: Started analyzing model lab_staging.powerpath_cyto_biopsy_bronze
20:50:34.518398 [warn ]: [SyntaxInvalid (dbt0101)]: no viable alternative at input 'with raw as (
    select *
    from `opsanalytics_adb_workspace01`.`lab_staging`.`powerpath_cyto_biopsy_bronze`
    where spec_group in ('CYTO NONGYN', 'CYTO GYN', 'BREAST')
      and spec_sort_order = 'A'
),

cleaned as (
    select
        replace(Case_no, '*failed to decode utf16*', '')   as Case_no,
        case
            when Facility = 'KH'   then 'MSB'
            when Facility = 'R'    then 'MSW'
            when Facility = 'STL'  then 'MSM'
            when Facility = 'SNCH' then 'MSSN'
            when Facility = 'MSS'  then 'MSH'
            when Facility = 'SL'   then 'MSM'
            when Facility = 'PACC' then 'MSUS'
            else Facility
        end                                                 as Facility,
        case
            when Spec_code = 'BREA1' and spec_group = 'BREAST' then 'Breast Biopsy'
            when spec_group = 'CYTO NONGYN'                    then 'Cytology NONGYN'
            when spec_group = 'CYTO GYN'                       then 'Cytology GYN'
            else 'Breast Large/Resection'
        end                                                 as TEST_NAME,
        cast(Case_created_date as timestamp)                as Case_created_date,
        cast(Collection_Date   as timestamp)                as Collection_Date,
        cast(Received_Date     as timestamp)                as Received_Date,
        cast(signed_out_date   as timestamp)                as signed_out_date,
        Priority, Spec_code, Specimen_description, CPT_code, Rev_ctr,
        Encounter_no, MRN, Refmd_code, Refmd_name,
        spec_sort_order, spec_group, patient_type,
        _source_file, _ingested_at
    from raw
),

with_setting as (
    select
        c.* except (PATIENT_SETTING),,'
  --> models/silver/powerpath_cyto_biopsy_silver.sql:42:38 (target\.lsp\compiled\lab_dbt\models\silver\powerpath_cyto_biopsy_silver.sql:42:38)
20:50:34.518485 [info ]:  Succeeded [  0.00s] model lab_staging.powerpath_cyto_biopsy_silver (table)
20:50:34.518500 [debug]: Finished analyzing [  0.00s] model lab_staging.powerpath_cyto_biopsy_silver [success]
20:50:34.518590 [debug]: Finished analyzing [  0.00s] model lab_staging.powerpath_cyto_biopsy_bronze [success]
20:50:34.518611 [info ]:  Succeeded [  0.00s] model lab_staging.powerpath_cyto_biopsy_bronze (table)
20:50:34.518820 [debug]: Finished analyzing [  0.00s] model lab_staging.date_filter_bronze [success]
20:50:34.518837 [info ]: Finished analyzing [  0.00s] (3 nodes, 0 skipped, 0 errors)
20:50:34.518849 [info ]:  Succeeded [  0.00s] model lab_staging.date_filter_bronze (table)
20:50:34.523609 [info ]: Started scheduling
20:50:34.523671 [info ]: Finished scheduling [  0.00s]
20:50:34.524537 [info ]: Cached model count updated: 3 models (accurate)
20:55:00.747782 [info ]: Started loading project
20:55:00.748979 [info ]: Loading ~/.dbt/profiles.yml
20:55:00.762054 [info ]: Started parsing
20:55:00.851636 [info ]: Finished loading project [  0.10s]
20:55:00.855265 [debug]: Finished parsing models/silver/powerpath_cyto_biopsy_silver.sql [  0.00s]
20:55:00.858898 [warn ]: [UnusedResourceConfigPath (dbt1097)]: Configuration paths exist in your dbt_project.yml file which do not apply to any resources.
There are 1 unused configuration paths:
- models.lab_dbt.gold
20:55:00.863284 [info ]: Cached model count updated: 3 models (estimate)
20:55:00.863305 [info ]: Cached model count updated: 3 models (accurate)
20:55:00.863341 [info ]: Started scheduling
20:55:00.863443 [info ]: Finished scheduling [  0.00s]
20:55:00.863463 [debug]: Compilation - 3 nodes selected: {"model.lab_dbt.date_filter_bronze", "model.lab_dbt.powerpath_cyto_biopsy_bronze", "model.lab_dbt.powerpath_cyto_biopsy_silver"}
20:55:00.866043 [info ]: Started building task graph
20:55:00.866117 [info ]: Finished building task graph [  0.00s]
20:55:00.872015 [info ]: Started rendering (3 nodes)
20:55:00.872044 [info ]: Started model lab_staging.powerpath_cyto_biopsy_silver
20:55:00.872078 [debug]: Started rendering model lab_staging.powerpath_cyto_biopsy_silver
20:55:00.872103 [info ]: Started model lab_staging.powerpath_cyto_biopsy_bronze
20:55:00.872111 [debug]: Started rendering model lab_staging.powerpath_cyto_biopsy_bronze
20:55:00.872120 [info ]: Started model lab_staging.date_filter_bronze
20:55:00.872130 [debug]: Started rendering model lab_staging.date_filter_bronze
20:55:00.872184 [info ]: Finished parsing [  0.11s]
20:55:00.874954 [debug]: Compiled SQL for node model.lab_dbt.date_filter_bronze at target\.lsp\compiled\lab_dbt\models\bronze\date_filter_bronze.sql
20:55:00.874974 [debug]: Compiled SQL for node model.lab_dbt.powerpath_cyto_biopsy_bronze at target\.lsp\compiled\lab_dbt\models\bronze\powerpath_cyto_biopsy_bronze.sql
20:55:00.875061 [debug]: Finished rendering [  0.00s] model lab_staging.powerpath_cyto_biopsy_bronze [success]
20:55:00.875118 [info ]: Started analyzing (3 nodes)
20:55:00.875126 [debug]: Started analyzing model lab_staging.powerpath_cyto_biopsy_bronze
20:55:00.875145 [debug]: Finished rendering [  0.00s] model lab_staging.date_filter_bronze [success]
20:55:00.875156 [debug]: Started analyzing model lab_staging.date_filter_bronze
20:55:00.876209 [debug]: Finished analyzing [  0.00s] model lab_staging.powerpath_cyto_biopsy_bronze [success]
20:55:00.876236 [info ]:  Succeeded [  0.00s] model lab_staging.powerpath_cyto_biopsy_bronze (table)
20:55:00.876257 [debug]: Finished analyzing [  0.00s] model lab_staging.date_filter_bronze [success]
20:55:00.876275 [info ]:  Succeeded [  0.00s] model lab_staging.date_filter_bronze (table)
20:55:00.877119 [debug]: Compiled SQL for node model.lab_dbt.powerpath_cyto_biopsy_silver at target\.lsp\compiled\lab_dbt\models\silver\powerpath_cyto_biopsy_silver.sql
20:55:00.877217 [debug]: Finished rendering [  0.01s] model lab_staging.powerpath_cyto_biopsy_silver [success]
20:55:00.877235 [info ]: Finished rendering [  0.01s] (3 nodes, 0 skipped, 0 errors)
20:55:00.877250 [debug]: Started analyzing model lab_staging.powerpath_cyto_biopsy_silver
20:55:00.877906 [warn ]: [SyntaxInvalid (dbt0101)]: no viable alternative at input 'with raw as (
    select *
    from `opsanalytics_adb_workspace01`.`lab_staging`.`powerpath_cyto_biopsy_bronze`
    where spec_group in ('CYTO NONGYN', 'CYTO GYN', 'BREAST')
      and spec_sort_order = 'A'
),

cleaned as (
    select
        replace(Case_no, '*failed to decode utf16*', '')   as Case_no,
        case
            when Facility = 'KH'   then 'MSB'
            when Facility = 'R'    then 'MSW'
            when Facility = 'STL'  then 'MSM'
            when Facility = 'SNCH' then 'MSSN'
            when Facility = 'MSS'  then 'MSH'
            when Facility = 'SL'   then 'MSM'
            when Facility = 'PACC' then 'MSUS'
            else Facility
        end                                                 as Facility,
        case
            when Spec_code = 'BREA1' and spec_group = 'BREAST' then 'Breast Biopsy'
            when spec_group = 'CYTO NONGYN'                    then 'Cytology NONGYN'
            when spec_group = 'CYTO GYN'                       then 'Cytology GYN'
            else 'Breast Large/Resection'
        end                                                 as TEST_NAME,
        cast(Case_created_date as timestamp)                as Case_created_date,
        cast(Collection_Date   as timestamp)                as Collection_Date,
        cast(Received_Date     as timestamp)                as Received_Date,
        cast(signed_out_date   as timestamp)                as signed_out_date,
        Priority, Spec_code, Specimen_description, CPT_code, Rev_ctr,
        Encounter_no, MRN, Refmd_code, Refmd_name,
        spec_sort_order, spec_group, patient_type,
        _source_file, _ingested_at
    from raw
),

with_setting as (
    select
        c.* except (PATIENT_SETTING),,'
  --> models/silver/powerpath_cyto_biopsy_silver.sql:42:38 (target\.lsp\compiled\lab_dbt\models\silver\powerpath_cyto_biopsy_silver.sql:42:38)
20:55:00.877969 [info ]:  Succeeded [  0.01s] model lab_staging.powerpath_cyto_biopsy_silver (table)
20:55:00.878036 [debug]: Finished analyzing [  0.00s] model lab_staging.powerpath_cyto_biopsy_silver [success]
20:55:00.878054 [info ]: Finished analyzing [  0.00s] (3 nodes, 0 skipped, 0 errors)
20:55:00.882794 [info ]: Started scheduling
20:55:00.882893 [info ]: Finished scheduling [  0.00s]
20:55:00.884376 [info ]: Cached model count updated: 3 models (accurate)
20:55:02.503221 [info ]: Started loading project
20:55:02.508242 [info ]: Loading ~/.dbt/profiles.yml
20:55:02.595857 [info ]: Cached model count updated: 3 models (estimate)
20:55:02.595880 [info ]: Cached model count updated: 3 models (accurate)
20:55:02.595916 [info ]: Started scheduling
20:55:02.596002 [info ]: Finished scheduling [  0.00s]
20:55:02.596020 [debug]: Compilation - 3 nodes selected: {"model.lab_dbt.date_filter_bronze", "model.lab_dbt.powerpath_cyto_biopsy_bronze", "model.lab_dbt.powerpath_cyto_biopsy_silver"}
20:55:02.598425 [info ]: Started building task graph
20:55:02.598517 [info ]: Finished building task graph [  0.00s]
20:55:02.607294 [info ]: Started rendering (3 nodes)
20:55:02.607328 [info ]: Started model lab_staging.powerpath_cyto_biopsy_silver
20:55:02.607338 [debug]: Started rendering model lab_staging.powerpath_cyto_biopsy_silver
20:55:02.607364 [info ]: Started model lab_staging.powerpath_cyto_biopsy_bronze
20:55:02.607381 [debug]: Started rendering model lab_staging.powerpath_cyto_biopsy_bronze
20:55:02.607392 [info ]: Finished loading project [  0.10s]
20:55:02.607396 [info ]: Started model lab_staging.date_filter_bronze
20:55:02.607408 [debug]: Started rendering model lab_staging.date_filter_bronze
20:55:02.609684 [debug]: Compiled SQL for node model.lab_dbt.date_filter_bronze at target\.lsp\compiled\lab_dbt\models\bronze\date_filter_bronze.sql
20:55:02.609723 [debug]: Compiled SQL for node model.lab_dbt.powerpath_cyto_biopsy_bronze at target\.lsp\compiled\lab_dbt\models\bronze\powerpath_cyto_biopsy_bronze.sql
20:55:02.609768 [debug]: Compiled SQL for node model.lab_dbt.powerpath_cyto_biopsy_silver at target\.lsp\compiled\lab_dbt\models\silver\powerpath_cyto_biopsy_silver.sql
20:55:02.609791 [debug]: Finished rendering [  0.00s] model lab_staging.date_filter_bronze [success]
20:55:02.609828 [info ]: Started analyzing (3 nodes)
20:55:02.609840 [debug]: Started analyzing model lab_staging.date_filter_bronze
20:55:02.609866 [debug]: Finished rendering [  0.00s] model lab_staging.powerpath_cyto_biopsy_bronze [success]
20:55:02.609888 [debug]: Started analyzing model lab_staging.powerpath_cyto_biopsy_bronze
20:55:02.610674 [debug]: Finished rendering [  0.00s] model lab_staging.powerpath_cyto_biopsy_silver [success]
20:55:02.610741 [info ]: Finished rendering [  0.00s] (3 nodes, 0 skipped, 0 errors)
20:55:02.610772 [debug]: Started analyzing model lab_staging.powerpath_cyto_biopsy_silver
20:55:02.611077 [debug]: Finished analyzing [  0.00s] model lab_staging.powerpath_cyto_biopsy_bronze [success]
20:55:02.611126 [info ]:  Succeeded [  0.00s] model lab_staging.powerpath_cyto_biopsy_bronze (table)
20:55:02.611750 [warn ]: [SyntaxInvalid (dbt0101)]: no viable alternative at input 'with raw as (
    select *
    from `opsanalytics_adb_workspace01`.`lab_staging`.`powerpath_cyto_biopsy_bronze`
    where spec_group in ('CYTO NONGYN', 'CYTO GYN', 'BREAST')
      and spec_sort_order = 'A'
),

cleaned as (
    select
        replace(Case_no, '*failed to decode utf16*', '')   as Case_no,
        case
            when Facility = 'KH'   then 'MSB'
            when Facility = 'R'    then 'MSW'
            when Facility = 'STL'  then 'MSM'
            when Facility = 'SNCH' then 'MSSN'
            when Facility = 'MSS'  then 'MSH'
            when Facility = 'SL'   then 'MSM'
            when Facility = 'PACC' then 'MSUS'
            else Facility
        end                                                 as Facility,
        case
            when Spec_code = 'BREA1' and spec_group = 'BREAST' then 'Breast Biopsy'
            when spec_group = 'CYTO NONGYN'                    then 'Cytology NONGYN'
            when spec_group = 'CYTO GYN'                       then 'Cytology GYN'
            else 'Breast Large/Resection'
        end                                                 as TEST_NAME,
        cast(Case_created_date as timestamp)                as Case_created_date,
        cast(Collection_Date   as timestamp)                as Collection_Date,
        cast(Received_Date     as timestamp)                as Received_Date,
        cast(signed_out_date   as timestamp)                as signed_out_date,
        Priority, Spec_code, Specimen_description, CPT_code, Rev_ctr,
        Encounter_no, MRN, Refmd_code, Refmd_name,
        spec_sort_order, spec_group, patient_type,
        _source_file, _ingested_at
    from raw
),

with_setting as (
    select
        c.* except (PATIENT_SETTING),,'
  --> models/silver/powerpath_cyto_biopsy_silver.sql:42:38 (target\.lsp\compiled\lab_dbt\models\silver\powerpath_cyto_biopsy_silver.sql:42:38)
20:55:02.611774 [debug]: Finished analyzing [  0.00s] model lab_staging.date_filter_bronze [success]
20:55:02.611790 [info ]:  Succeeded [  0.00s] model lab_staging.date_filter_bronze (table)
20:55:02.611825 [info ]:  Succeeded [  0.00s] model lab_staging.powerpath_cyto_biopsy_silver (table)
20:55:02.611832 [debug]: Finished analyzing [  0.00s] model lab_staging.powerpath_cyto_biopsy_silver [success]
20:55:02.611846 [info ]: Finished analyzing [  0.00s] (3 nodes, 0 skipped, 0 errors)
20:55:02.619069 [info ]: Started scheduling
20:55:02.619146 [info ]: Finished scheduling [  0.00s]
20:55:02.620164 [info ]: Cached model count updated: 3 models (accurate)
20:59:03.248616 [info ]: Started loading project
20:59:03.249761 [info ]: Loading ~/.dbt/profiles.yml
20:59:03.266448 [info ]: Started parsing
20:59:03.393302 [info ]: Finished loading project [  0.14s]
20:59:03.396689 [debug]: Finished parsing models/silver/powerpath_cyto_biopsy_silver.sql [  0.00s]
20:59:03.400235 [warn ]: [UnusedResourceConfigPath (dbt1097)]: Configuration paths exist in your dbt_project.yml file which do not apply to any resources.
There are 1 unused configuration paths:
- models.lab_dbt.gold
20:59:03.404759 [info ]: Cached model count updated: 3 models (estimate)
20:59:03.404786 [info ]: Cached model count updated: 3 models (accurate)
20:59:03.404841 [info ]: Started scheduling
20:59:03.404982 [info ]: Finished scheduling [  0.00s]
20:59:03.405004 [debug]: Compilation - 3 nodes selected: {"model.lab_dbt.date_filter_bronze", "model.lab_dbt.powerpath_cyto_biopsy_bronze", "model.lab_dbt.powerpath_cyto_biopsy_silver"}
20:59:03.407775 [info ]: Started building task graph
20:59:03.407858 [info ]: Finished building task graph [  0.00s]
20:59:03.413300 [info ]: Started rendering (3 nodes)
20:59:03.413333 [info ]: Started model lab_staging.powerpath_cyto_biopsy_silver
20:59:03.413345 [debug]: Started rendering model lab_staging.powerpath_cyto_biopsy_silver
20:59:03.413369 [info ]: Started model lab_staging.powerpath_cyto_biopsy_bronze
20:59:03.413376 [debug]: Started rendering model lab_staging.powerpath_cyto_biopsy_bronze
20:59:03.413388 [info ]: Started model lab_staging.date_filter_bronze
20:59:03.413403 [debug]: Started rendering model lab_staging.date_filter_bronze
20:59:03.413413 [info ]: Finished parsing [  0.15s]
20:59:03.415536 [debug]: Compiled SQL for node model.lab_dbt.powerpath_cyto_biopsy_bronze at target\.lsp\compiled\lab_dbt\models\bronze\powerpath_cyto_biopsy_bronze.sql
20:59:03.415536 [debug]: Compiled SQL for node model.lab_dbt.date_filter_bronze at target\.lsp\compiled\lab_dbt\models\bronze\date_filter_bronze.sql
20:59:03.415637 [debug]: Finished rendering [  0.00s] model lab_staging.date_filter_bronze [success]
20:59:03.415675 [info ]: Started analyzing (3 nodes)
20:59:03.415689 [debug]: Started analyzing model lab_staging.date_filter_bronze
20:59:03.415722 [debug]: Finished rendering [  0.00s] model lab_staging.powerpath_cyto_biopsy_bronze [success]
20:59:03.415741 [debug]: Started analyzing model lab_staging.powerpath_cyto_biopsy_bronze
20:59:03.416811 [debug]: Finished analyzing [  0.00s] model lab_staging.powerpath_cyto_biopsy_bronze [success]
20:59:03.416844 [info ]:  Succeeded [  0.00s] model lab_staging.powerpath_cyto_biopsy_bronze (table)
20:59:03.417259 [debug]: Finished analyzing [  0.00s] model lab_staging.date_filter_bronze [success]
20:59:03.417294 [info ]:  Succeeded [  0.00s] model lab_staging.date_filter_bronze (table)
20:59:03.418822 [debug]: Compiled SQL for node model.lab_dbt.powerpath_cyto_biopsy_silver at target\.lsp\compiled\lab_dbt\models\silver\powerpath_cyto_biopsy_silver.sql
20:59:03.418977 [debug]: Finished rendering [  0.01s] model lab_staging.powerpath_cyto_biopsy_silver [success]
20:59:03.419005 [info ]: Finished rendering [  0.01s] (3 nodes, 0 skipped, 0 errors)
20:59:03.419029 [debug]: Started analyzing model lab_staging.powerpath_cyto_biopsy_silver
20:59:03.420289 [warn ]: [SyntaxInvalid (dbt0101)]: no viable alternative at input 'with raw as (
    select *
    from `opsanalytics_adb_workspace01`.`lab_staging`.`powerpath_cyto_biopsy_bronze`
    where spec_group in ('CYTO NONGYN', 'CYTO GYN', 'BREAST')
      and spec_sort_order = 'A'
),

cleaned as (
    select
        replace(Case_no, '*failed to decode utf16*', '')   as Case_no,
        case
            when Facility = 'KH'   then 'MSB'
            when Facility = 'R'    then 'MSW'
            when Facility = 'STL'  then 'MSM'
            when Facility = 'SNCH' then 'MSSN'
            when Facility = 'MSS'  then 'MSH'
            when Facility = 'SL'   then 'MSM'
            when Facility = 'PACC' then 'MSUS'
            else Facility
        end                                                 as Facility,
        case
            when Spec_code = 'BREA1' and spec_group = 'BREAST' then 'Breast Biopsy'
            when spec_group = 'CYTO NONGYN'                    then 'Cytology NONGYN'
            when spec_group = 'CYTO GYN'                       then 'Cytology GYN'
            else 'Breast Large/Resection'
        end                                                 as TEST_NAME,
        cast(Case_created_date as timestamp)                as Case_created_date,
        cast(Collection_Date   as timestamp)                as Collection_Date,
        cast(Received_Date     as timestamp)                as Received_Date,
        cast(signed_out_date   as timestamp)                as signed_out_date,
        Priority, Spec_code, Specimen_description, CPT_code, Rev_ctr,
        Encounter_no, MRN, Refmd_code, Refmd_name,
        spec_sort_order, spec_group, patient_type,
        _source_file, _ingested_at
    from raw
),

with_setting as (
    select
        c.* except (PATIENT_SETTING),
        case
            when c.Rev_ctr = 'MSBK' and c.patient_type in ('A', 'O') then 'Amb'
            when c.Rev_ctr = 'MSBK' and c.patient_type = 'IN'        then 'IP'
            else PATIENT_SETTING
        end as PATIENT_SETTING
    from cleaned c
),

with_tat as (
    select
        w.*,
        datediff(w.signed_out_date, w.Collection_Date)   as Collection_to_signed_out,
        so.bizday_index - rc.bizday_index                as Received_to_signed_out
    from with_setting w
    left join `opsanalytics_adb_workspace01`.`lab_staging`.`date_filter_bronze` rc
        on cast(w.Received_Date   as date) = rc.calendar_date
    left join `opsanalytics_adb_workspace01`.`lab_staging`.`date_filter_bronze` so
        on cast(w.signed_out_date as date) = so.calendar_date
)


new_data'
  --> models/silver/powerpath_cyto_biopsy_silver.sql:64:1 (target\.lsp\compiled\lab_dbt\models\silver\powerpath_cyto_biopsy_silver.sql:64:1)
20:59:03.420702 [info ]:  Succeeded [  0.01s] model lab_staging.powerpath_cyto_biopsy_silver (table)
20:59:03.420715 [debug]: Finished analyzing [  0.00s] model lab_staging.powerpath_cyto_biopsy_silver [success]
20:59:03.420750 [info ]: Finished analyzing [  0.01s] (3 nodes, 0 skipped, 0 errors)
20:59:03.426368 [info ]: Started scheduling
20:59:03.426464 [info ]: Finished scheduling [  0.00s]
20:59:03.427858 [info ]: Cached model count updated: 3 models (accurate)
20:59:04.988107 [info ]: Started loading project
20:59:04.989017 [info ]: Loading ~/.dbt/profiles.yml
20:59:05.053276 [info ]: Cached model count updated: 3 models (estimate)
20:59:05.053301 [info ]: Cached model count updated: 3 models (accurate)
20:59:05.053338 [info ]: Started scheduling
20:59:05.053438 [info ]: Finished scheduling [  0.00s]
20:59:05.053459 [debug]: Compilation - 3 nodes selected: {"model.lab_dbt.date_filter_bronze", "model.lab_dbt.powerpath_cyto_biopsy_bronze", "model.lab_dbt.powerpath_cyto_biopsy_silver"}
20:59:05.056441 [info ]: Started building task graph
20:59:05.056502 [info ]: Finished building task graph [  0.00s]
20:59:05.061837 [info ]: Started rendering (3 nodes)
20:59:05.061866 [info ]: Started model lab_staging.powerpath_cyto_biopsy_silver
20:59:05.061876 [debug]: Started rendering model lab_staging.powerpath_cyto_biopsy_silver
20:59:05.061906 [info ]: Started model lab_staging.powerpath_cyto_biopsy_bronze
20:59:05.061916 [debug]: Started rendering model lab_staging.powerpath_cyto_biopsy_bronze
20:59:05.061929 [info ]: Started model lab_staging.date_filter_bronze
20:59:05.061933 [info ]: Finished loading project [  0.07s]
20:59:05.061942 [debug]: Started rendering model lab_staging.date_filter_bronze
20:59:05.064026 [debug]: Compiled SQL for node model.lab_dbt.powerpath_cyto_biopsy_bronze at target\.lsp\compiled\lab_dbt\models\bronze\powerpath_cyto_biopsy_bronze.sql
20:59:05.064035 [debug]: Compiled SQL for node model.lab_dbt.powerpath_cyto_biopsy_silver at target\.lsp\compiled\lab_dbt\models\silver\powerpath_cyto_biopsy_silver.sql
20:59:05.064041 [debug]: Compiled SQL for node model.lab_dbt.date_filter_bronze at target\.lsp\compiled\lab_dbt\models\bronze\date_filter_bronze.sql
20:59:05.064108 [debug]: Finished rendering [  0.00s] model lab_staging.powerpath_cyto_biopsy_silver [success]
20:59:05.064152 [info ]: Started analyzing (3 nodes)
20:59:05.064167 [debug]: Started analyzing model lab_staging.powerpath_cyto_biopsy_silver
20:59:05.064196 [debug]: Finished rendering [  0.00s] model lab_staging.powerpath_cyto_biopsy_bronze [success]
20:59:05.064214 [debug]: Started analyzing model lab_staging.powerpath_cyto_biopsy_bronze
20:59:05.064234 [debug]: Finished rendering [  0.00s] model lab_staging.date_filter_bronze [success]
20:59:05.064249 [info ]: Finished rendering [  0.00s] (3 nodes, 0 skipped, 0 errors)
20:59:05.064263 [debug]: Started analyzing model lab_staging.date_filter_bronze
20:59:05.065104 [warn ]: [SyntaxInvalid (dbt0101)]: no viable alternative at input 'with raw as (
    select *
    from `opsanalytics_adb_workspace01`.`lab_staging`.`powerpath_cyto_biopsy_bronze`
    where spec_group in ('CYTO NONGYN', 'CYTO GYN', 'BREAST')
      and spec_sort_order = 'A'
),

cleaned as (
    select
        replace(Case_no, '*failed to decode utf16*', '')   as Case_no,
        case
            when Facility = 'KH'   then 'MSB'
            when Facility = 'R'    then 'MSW'
            when Facility = 'STL'  then 'MSM'
            when Facility = 'SNCH' then 'MSSN'
            when Facility = 'MSS'  then 'MSH'
            when Facility = 'SL'   then 'MSM'
            when Facility = 'PACC' then 'MSUS'
            else Facility
        end                                                 as Facility,
        case
            when Spec_code = 'BREA1' and spec_group = 'BREAST' then 'Breast Biopsy'
            when spec_group = 'CYTO NONGYN'                    then 'Cytology NONGYN'
            when spec_group = 'CYTO GYN'                       then 'Cytology GYN'
            else 'Breast Large/Resection'
        end                                                 as TEST_NAME,
        cast(Case_created_date as timestamp)                as Case_created_date,
        cast(Collection_Date   as timestamp)                as Collection_Date,
        cast(Received_Date     as timestamp)                as Received_Date,
        cast(signed_out_date   as timestamp)                as signed_out_date,
        Priority, Spec_code, Specimen_description, CPT_code, Rev_ctr,
        Encounter_no, MRN, Refmd_code, Refmd_name,
        spec_sort_order, spec_group, patient_type,
        _source_file, _ingested_at
    from raw
),

with_setting as (
    select
        c.* except (PATIENT_SETTING),
        case
            when c.Rev_ctr = 'MSBK' and c.patient_type in ('A', 'O') then 'Amb'
            when c.Rev_ctr = 'MSBK' and c.patient_type = 'IN'        then 'IP'
            else PATIENT_SETTING
        end as PATIENT_SETTING
    from cleaned c
),

with_tat as (
    select
        w.*,
        datediff(w.signed_out_date, w.Collection_Date)   as Collection_to_signed_out,
        so.bizday_index - rc.bizday_index                as Received_to_signed_out
    from with_setting w
    left join `opsanalytics_adb_workspace01`.`lab_staging`.`date_filter_bronze` rc
        on cast(w.Received_Date   as date) = rc.calendar_date
    left join `opsanalytics_adb_workspace01`.`lab_staging`.`date_filter_bronze` so
        on cast(w.signed_out_date as date) = so.calendar_date
)


new_data'
  --> models/silver/powerpath_cyto_biopsy_silver.sql:64:1 (target\.lsp\compiled\lab_dbt\models\silver\powerpath_cyto_biopsy_silver.sql:64:1)
20:59:05.065220 [info ]:  Succeeded [  0.00s] model lab_staging.powerpath_cyto_biopsy_silver (table)
20:59:05.065229 [debug]: Finished analyzing [  0.00s] model lab_staging.powerpath_cyto_biopsy_silver [success]
20:59:05.065357 [debug]: Finished analyzing [  0.00s] model lab_staging.powerpath_cyto_biopsy_bronze [success]
20:59:05.065376 [info ]:  Succeeded [  0.00s] model lab_staging.powerpath_cyto_biopsy_bronze (table)
20:59:05.065755 [debug]: Finished analyzing [  0.00s] model lab_staging.date_filter_bronze [success]
20:59:05.065779 [info ]: Finished analyzing [  0.00s] (3 nodes, 0 skipped, 0 errors)
20:59:05.065793 [info ]:  Succeeded [  0.00s] model lab_staging.date_filter_bronze (table)
20:59:05.070540 [info ]: Started scheduling
20:59:05.070588 [info ]: Finished scheduling [  0.00s]
20:59:05.071394 [info ]: Cached model count updated: 3 models (accurate)
20:59:20.046671 [info ]: Started loading project
20:59:20.047800 [info ]: Loading ~/.dbt/profiles.yml
20:59:20.065171 [info ]: Started parsing
20:59:20.192412 [info ]: Finished loading project [  0.15s]
20:59:20.195170 [debug]: Finished parsing models/silver/powerpath_cyto_biopsy_silver.sql [  0.00s]
20:59:20.198206 [warn ]: [UnusedResourceConfigPath (dbt1097)]: Configuration paths exist in your dbt_project.yml file which do not apply to any resources.
There are 1 unused configuration paths:
- models.lab_dbt.gold
20:59:20.202670 [info ]: Cached model count updated: 3 models (estimate)
20:59:20.202687 [info ]: Cached model count updated: 3 models (accurate)
20:59:20.202729 [info ]: Started scheduling
20:59:20.202827 [info ]: Finished scheduling [  0.00s]
20:59:20.202841 [debug]: Compilation - 3 nodes selected: {"model.lab_dbt.date_filter_bronze", "model.lab_dbt.powerpath_cyto_biopsy_bronze", "model.lab_dbt.powerpath_cyto_biopsy_silver"}
20:59:20.206209 [info ]: Started building task graph
20:59:20.206296 [info ]: Finished building task graph [  0.00s]
20:59:20.211938 [info ]: Started rendering (3 nodes)
20:59:20.211966 [info ]: Started model lab_staging.powerpath_cyto_biopsy_silver
20:59:20.211992 [debug]: Started rendering model lab_staging.powerpath_cyto_biopsy_silver
20:59:20.212018 [info ]: Started model lab_staging.powerpath_cyto_biopsy_bronze
20:59:20.212025 [debug]: Started rendering model lab_staging.powerpath_cyto_biopsy_bronze
20:59:20.212048 [info ]: Started model lab_staging.date_filter_bronze
20:59:20.212058 [debug]: Started rendering model lab_staging.date_filter_bronze
20:59:20.212109 [info ]: Finished parsing [  0.15s]
20:59:20.214680 [debug]: Compiled SQL for node model.lab_dbt.powerpath_cyto_biopsy_bronze at target\.lsp\compiled\lab_dbt\models\bronze\powerpath_cyto_biopsy_bronze.sql
20:59:20.214679 [debug]: Compiled SQL for node model.lab_dbt.date_filter_bronze at target\.lsp\compiled\lab_dbt\models\bronze\date_filter_bronze.sql
20:59:20.214827 [debug]: Finished rendering [  0.00s] model lab_staging.powerpath_cyto_biopsy_bronze [success]
20:59:20.214862 [info ]: Started analyzing (3 nodes)
20:59:20.214872 [debug]: Started analyzing model lab_staging.powerpath_cyto_biopsy_bronze
20:59:20.214894 [debug]: Finished rendering [  0.00s] model lab_staging.date_filter_bronze [success]
20:59:20.214911 [debug]: Started analyzing model lab_staging.date_filter_bronze
20:59:20.216162 [debug]: Finished analyzing [  0.00s] model lab_staging.powerpath_cyto_biopsy_bronze [success]
20:59:20.216207 [info ]:  Succeeded [  0.00s] model lab_staging.powerpath_cyto_biopsy_bronze (table)
20:59:20.216490 [debug]: Finished analyzing [  0.00s] model lab_staging.date_filter_bronze [success]
20:59:20.216516 [info ]:  Succeeded [  0.00s] model lab_staging.date_filter_bronze (table)
20:59:20.218672 [debug]: Compiled SQL for node model.lab_dbt.powerpath_cyto_biopsy_silver at target\.lsp\compiled\lab_dbt\models\silver\powerpath_cyto_biopsy_silver.sql
20:59:20.218829 [debug]: Finished rendering [  0.01s] model lab_staging.powerpath_cyto_biopsy_silver [success]
20:59:20.218861 [info ]: Finished rendering [  0.01s] (3 nodes, 0 skipped, 0 errors)
20:59:20.218884 [debug]: Started analyzing model lab_staging.powerpath_cyto_biopsy_silver
20:59:20.244862 [debug]: Finished analyzing [  0.03s] model lab_staging.powerpath_cyto_biopsy_silver [success]
20:59:20.244888 [info ]: Finished analyzing [  0.03s] (3 nodes, 0 skipped, 0 errors)
20:59:20.244900 [info ]:  Succeeded [  0.03s] model lab_staging.powerpath_cyto_biopsy_silver (table)
20:59:20.251407 [info ]: Started scheduling
20:59:20.251526 [info ]: Finished scheduling [  0.00s]
20:59:20.253599 [info ]: Cached model count updated: 3 models (accurate)
20:59:21.812456 [info ]: Started loading project
20:59:21.814423 [info ]: Loading ~/.dbt/profiles.yml
20:59:21.876465 [info ]: Cached model count updated: 3 models (estimate)
20:59:21.876488 [info ]: Cached model count updated: 3 models (accurate)
20:59:21.876520 [info ]: Started scheduling
20:59:21.876601 [info ]: Finished scheduling [  0.00s]
20:59:21.876616 [debug]: Compilation - 3 nodes selected: {"model.lab_dbt.date_filter_bronze", "model.lab_dbt.powerpath_cyto_biopsy_bronze", "model.lab_dbt.powerpath_cyto_biopsy_silver"}
20:59:21.878977 [info ]: Started building task graph
20:59:21.879054 [info ]: Finished building task graph [  0.00s]
20:59:21.885730 [info ]: Started rendering (3 nodes)
20:59:21.885760 [info ]: Started model lab_staging.powerpath_cyto_biopsy_silver
20:59:21.885780 [debug]: Started rendering model lab_staging.powerpath_cyto_biopsy_silver
20:59:21.885811 [info ]: Started model lab_staging.powerpath_cyto_biopsy_bronze
20:59:21.885834 [debug]: Started rendering model lab_staging.powerpath_cyto_biopsy_bronze
20:59:21.885853 [info ]: Started model lab_staging.date_filter_bronze
20:59:21.885861 [debug]: Started rendering model lab_staging.date_filter_bronze
20:59:21.885883 [info ]: Finished loading project [  0.07s]
20:59:21.888747 [debug]: Compiled SQL for node model.lab_dbt.date_filter_bronze at target\.lsp\compiled\lab_dbt\models\bronze\date_filter_bronze.sql
20:59:21.888747 [debug]: Compiled SQL for node model.lab_dbt.powerpath_cyto_biopsy_silver at target\.lsp\compiled\lab_dbt\models\silver\powerpath_cyto_biopsy_silver.sql
20:59:21.888852 [debug]: Finished rendering [  0.00s] model lab_staging.date_filter_bronze [success]
20:59:21.888887 [info ]: Started analyzing (3 nodes)
20:59:21.888892 [debug]: Compiled SQL for node model.lab_dbt.powerpath_cyto_biopsy_bronze at target\.lsp\compiled\lab_dbt\models\bronze\powerpath_cyto_biopsy_bronze.sql
20:59:21.888899 [debug]: Started analyzing model lab_staging.date_filter_bronze
20:59:21.888939 [debug]: Finished rendering [  0.00s] model lab_staging.powerpath_cyto_biopsy_silver [success]
20:59:21.888958 [debug]: Started analyzing model lab_staging.powerpath_cyto_biopsy_silver
20:59:21.888984 [debug]: Finished rendering [  0.00s] model lab_staging.powerpath_cyto_biopsy_bronze [success]
20:59:21.888996 [info ]: Finished rendering [  0.00s] (3 nodes, 0 skipped, 0 errors)
20:59:21.889009 [debug]: Started analyzing model lab_staging.powerpath_cyto_biopsy_bronze
20:59:21.889777 [debug]: Finished analyzing [  0.00s] model lab_staging.powerpath_cyto_biopsy_bronze [success]
20:59:21.889799 [info ]:  Succeeded [  0.00s] model lab_staging.powerpath_cyto_biopsy_bronze (table)
20:59:21.890033 [debug]: Finished analyzing [  0.00s] model lab_staging.date_filter_bronze [success]
20:59:21.890055 [info ]:  Succeeded [  0.00s] model lab_staging.date_filter_bronze (table)
20:59:21.891564 [debug]: Finished analyzing [  0.00s] model lab_staging.powerpath_cyto_biopsy_silver [success]
20:59:21.891581 [info ]: Finished analyzing [  0.00s] (3 nodes, 0 skipped, 0 errors)
20:59:21.891589 [info ]:  Succeeded [  0.01s] model lab_staging.powerpath_cyto_biopsy_silver (table)
20:59:21.895983 [info ]: Started scheduling
20:59:21.896026 [info ]: Finished scheduling [  0.00s]
20:59:21.896945 [info ]: Cached model count updated: 3 models (accurate)
21:02:05.102868 [info ]: Started loading project
21:02:05.103941 [info ]: Loading ~/.dbt/profiles.yml
21:02:05.120675 [info ]: Started parsing
21:02:05.260006 [info ]: Finished loading project [  0.16s]
21:02:05.263243 [debug]: Finished parsing models/silver/powerpath_cyto_biopsy_silver.sql [  0.00s]
21:02:05.267204 [warn ]: [UnusedResourceConfigPath (dbt1097)]: Configuration paths exist in your dbt_project.yml file which do not apply to any resources.
There are 1 unused configuration paths:
- models.lab_dbt.gold
21:02:05.271791 [info ]: Cached model count updated: 3 models (estimate)
21:02:05.271808 [info ]: Cached model count updated: 3 models (accurate)
21:02:05.271833 [info ]: Started scheduling
21:02:05.271938 [info ]: Finished scheduling [  0.00s]
21:02:05.271954 [debug]: Compilation - 3 nodes selected: {"model.lab_dbt.date_filter_bronze", "model.lab_dbt.powerpath_cyto_biopsy_bronze", "model.lab_dbt.powerpath_cyto_biopsy_silver"}
21:02:05.273996 [info ]: Started building task graph
21:02:05.274056 [info ]: Finished building task graph [  0.00s]
21:02:05.280444 [info ]: Started rendering (3 nodes)
21:02:05.280471 [info ]: Started model lab_staging.powerpath_cyto_biopsy_silver
21:02:05.280487 [debug]: Started rendering model lab_staging.powerpath_cyto_biopsy_silver
21:02:05.280512 [info ]: Started model lab_staging.powerpath_cyto_biopsy_bronze
21:02:05.280520 [debug]: Started rendering model lab_staging.powerpath_cyto_biopsy_bronze
21:02:05.280614 [info ]: Finished parsing [  0.16s]
21:02:05.280579 [info ]: Started model lab_staging.date_filter_bronze
21:02:05.280644 [debug]: Started rendering model lab_staging.date_filter_bronze
21:02:05.283752 [debug]: Compiled SQL for node model.lab_dbt.date_filter_bronze at target\.lsp\compiled\lab_dbt\models\bronze\date_filter_bronze.sql
21:02:05.283873 [debug]: Finished rendering [  0.00s] model lab_staging.date_filter_bronze [success]
21:02:05.283886 [debug]: Compiled SQL for node model.lab_dbt.powerpath_cyto_biopsy_bronze at target\.lsp\compiled\lab_dbt\models\bronze\powerpath_cyto_biopsy_bronze.sql
21:02:05.283921 [info ]: Started analyzing (3 nodes)
21:02:05.283937 [debug]: Started analyzing model lab_staging.date_filter_bronze
21:02:05.283969 [debug]: Finished rendering [  0.00s] model lab_staging.powerpath_cyto_biopsy_bronze [success]
21:02:05.284006 [debug]: Started analyzing model lab_staging.powerpath_cyto_biopsy_bronze
21:02:05.284839 [debug]: Finished analyzing [  0.00s] model lab_staging.powerpath_cyto_biopsy_bronze [success]
21:02:05.284861 [info ]:  Succeeded [  0.00s] model lab_staging.powerpath_cyto_biopsy_bronze (table)
21:02:05.285285 [debug]: Finished analyzing [  0.00s] model lab_staging.date_filter_bronze [success]
21:02:05.285307 [info ]:  Succeeded [  0.00s] model lab_staging.date_filter_bronze (table)
21:02:05.286321 [debug]: Compiled SQL for node model.lab_dbt.powerpath_cyto_biopsy_silver at target\.lsp\compiled\lab_dbt\models\silver\powerpath_cyto_biopsy_silver.sql
21:02:05.286447 [debug]: Finished rendering [  0.01s] model lab_staging.powerpath_cyto_biopsy_silver [success]
21:02:05.286466 [info ]: Finished rendering [  0.01s] (3 nodes, 0 skipped, 0 errors)
21:02:05.286482 [debug]: Started analyzing model lab_staging.powerpath_cyto_biopsy_silver
21:02:05.291314 [debug]: Finished analyzing [  0.00s] model lab_staging.powerpath_cyto_biopsy_silver [success]
21:02:05.291338 [info ]: Finished analyzing [  0.01s] (3 nodes, 0 skipped, 0 errors)
21:02:05.291348 [info ]:  Succeeded [  0.01s] model lab_staging.powerpath_cyto_biopsy_silver (table)
21:02:05.296133 [info ]: Started scheduling
21:02:05.296213 [info ]: Finished scheduling [  0.00s]
21:02:05.298820 [info ]: Cached model count updated: 3 models (accurate)
21:02:06.559492 [info ]: Started loading project
21:02:06.560404 [info ]: Loading ~/.dbt/profiles.yml
21:02:06.580178 [info ]: Started parsing
21:02:06.790649 [info ]: Finished loading project [  0.23s]
21:02:06.795654 [debug]: Finished parsing models/silver/powerpath_cyto_biopsy_silver.sql [  0.00s]
21:02:06.802755 [warn ]: [UnusedResourceConfigPath (dbt1097)]: Configuration paths exist in your dbt_project.yml file which do not apply to any resources.
There are 1 unused configuration paths:
- models.lab_dbt.gold
21:02:06.809214 [info ]: Cached model count updated: 3 models (estimate)
21:02:06.809239 [info ]: Cached model count updated: 3 models (accurate)
21:02:06.809265 [info ]: Started scheduling
21:02:06.809378 [info ]: Finished scheduling [  0.00s]
21:02:06.809402 [debug]: Compilation - 3 nodes selected: {"model.lab_dbt.date_filter_bronze", "model.lab_dbt.powerpath_cyto_biopsy_bronze", "model.lab_dbt.powerpath_cyto_biopsy_silver"}
21:02:06.811682 [info ]: Started building task graph
21:02:06.811757 [info ]: Finished building task graph [  0.00s]
21:02:06.819967 [info ]: Started rendering (3 nodes)
21:02:06.820004 [info ]: Started model lab_staging.powerpath_cyto_biopsy_silver
21:02:06.820028 [debug]: Started rendering model lab_staging.powerpath_cyto_biopsy_silver
21:02:06.820089 [info ]: Started model lab_staging.powerpath_cyto_biopsy_bronze
21:02:06.820105 [debug]: Started rendering model lab_staging.powerpath_cyto_biopsy_bronze
21:02:06.820121 [info ]: Finished parsing [  0.24s]
21:02:06.820126 [info ]: Started model lab_staging.date_filter_bronze
21:02:06.820141 [debug]: Started rendering model lab_staging.date_filter_bronze
21:02:06.823184 [debug]: Compiled SQL for node model.lab_dbt.powerpath_cyto_biopsy_bronze at target\.lsp\compiled\lab_dbt\models\bronze\powerpath_cyto_biopsy_bronze.sql
21:02:06.823274 [debug]: Finished rendering [  0.00s] model lab_staging.powerpath_cyto_biopsy_bronze [success]
21:02:06.823322 [info ]: Started analyzing (3 nodes)
21:02:06.823336 [debug]: Started analyzing model lab_staging.powerpath_cyto_biopsy_bronze
21:02:06.824071 [debug]: Compiled SQL for node model.lab_dbt.date_filter_bronze at target\.lsp\compiled\lab_dbt\models\bronze\date_filter_bronze.sql
21:02:06.824525 [debug]: Finished analyzing [  0.00s] model lab_staging.powerpath_cyto_biopsy_bronze [success]
21:02:06.824551 [info ]:  Succeeded [  0.00s] model lab_staging.powerpath_cyto_biopsy_bronze (table)
21:02:06.824735 [debug]: Finished rendering [  0.00s] model lab_staging.date_filter_bronze [success]
21:02:06.824765 [debug]: Started analyzing model lab_staging.date_filter_bronze
21:02:06.825799 [debug]: Compiled SQL for node model.lab_dbt.powerpath_cyto_biopsy_silver at target\.lsp\compiled\lab_dbt\models\silver\powerpath_cyto_biopsy_silver.sql
21:02:06.826337 [debug]: Finished rendering [  0.01s] model lab_staging.powerpath_cyto_biopsy_silver [success]
21:02:06.826375 [info ]: Finished rendering [  0.01s] (3 nodes, 0 skipped, 0 errors)
21:02:06.826406 [debug]: Started analyzing model lab_staging.powerpath_cyto_biopsy_silver
21:02:06.826444 [debug]: Finished analyzing [  0.00s] model lab_staging.date_filter_bronze [success]
21:02:06.826468 [info ]:  Succeeded [  0.01s] model lab_staging.date_filter_bronze (table)
21:02:06.830435 [debug]: Finished analyzing [  0.00s] model lab_staging.powerpath_cyto_biopsy_silver [success]
21:02:06.830597 [info ]: Finished analyzing [  0.01s] (3 nodes, 0 skipped, 0 errors)
21:02:06.830619 [info ]:  Succeeded [  0.01s] model lab_staging.powerpath_cyto_biopsy_silver (table)
21:02:06.841614 [info ]: Started scheduling
21:02:06.841718 [info ]: Finished scheduling [  0.00s]
21:02:06.843694 [info ]: Cached model count updated: 3 models (accurate)
21:02:08.386957 [info ]: Started loading project
21:02:08.388080 [info ]: Loading ~/.dbt/profiles.yml
21:02:08.442760 [info ]: Cached model count updated: 3 models (estimate)
21:02:08.442779 [info ]: Cached model count updated: 3 models (accurate)
21:02:08.442807 [info ]: Started scheduling
21:02:08.442878 [info ]: Finished scheduling [  0.00s]
21:02:08.442898 [debug]: Compilation - 3 nodes selected: {"model.lab_dbt.date_filter_bronze", "model.lab_dbt.powerpath_cyto_biopsy_bronze", "model.lab_dbt.powerpath_cyto_biopsy_silver"}
21:02:08.445196 [info ]: Started building task graph
21:02:08.445254 [info ]: Finished building task graph [  0.00s]
21:02:08.450865 [info ]: Started rendering (3 nodes)
21:02:08.450895 [info ]: Started model lab_staging.powerpath_cyto_biopsy_silver
21:02:08.450906 [debug]: Started rendering model lab_staging.powerpath_cyto_biopsy_silver
21:02:08.450935 [info ]: Started model lab_staging.powerpath_cyto_biopsy_bronze
21:02:08.450947 [debug]: Started rendering model lab_staging.powerpath_cyto_biopsy_bronze
21:02:08.450961 [info ]: Started model lab_staging.date_filter_bronze
21:02:08.450967 [debug]: Started rendering model lab_staging.date_filter_bronze
21:02:08.451004 [info ]: Finished loading project [  0.06s]
21:02:08.453253 [debug]: Compiled SQL for node model.lab_dbt.date_filter_bronze at target\.lsp\compiled\lab_dbt\models\bronze\date_filter_bronze.sql
21:02:08.453357 [debug]: Compiled SQL for node model.lab_dbt.powerpath_cyto_biopsy_silver at target\.lsp\compiled\lab_dbt\models\silver\powerpath_cyto_biopsy_silver.sql
21:02:08.453370 [debug]: Finished rendering [  0.00s] model lab_staging.date_filter_bronze [success]
21:02:08.453394 [debug]: Compiled SQL for node model.lab_dbt.powerpath_cyto_biopsy_bronze at target\.lsp\compiled\lab_dbt\models\bronze\powerpath_cyto_biopsy_bronze.sql
21:02:08.453413 [info ]: Started analyzing (3 nodes)
21:02:08.453425 [debug]: Started analyzing model lab_staging.date_filter_bronze
21:02:08.453464 [debug]: Finished rendering [  0.00s] model lab_staging.powerpath_cyto_biopsy_silver [success]
21:02:08.453483 [debug]: Started analyzing model lab_staging.powerpath_cyto_biopsy_silver
21:02:08.453508 [debug]: Finished rendering [  0.00s] model lab_staging.powerpath_cyto_biopsy_bronze [success]
21:02:08.453518 [info ]: Finished rendering [  0.00s] (3 nodes, 0 skipped, 0 errors)
21:02:08.453530 [debug]: Started analyzing model lab_staging.powerpath_cyto_biopsy_bronze
21:02:08.454448 [debug]: Finished analyzing [  0.00s] model lab_staging.date_filter_bronze [success]
21:02:08.454468 [info ]:  Succeeded [  0.00s] model lab_staging.date_filter_bronze (table)
21:02:08.454493 [debug]: Finished analyzing [  0.00s] model lab_staging.powerpath_cyto_biopsy_bronze [success]
21:02:08.454501 [info ]:  Succeeded [  0.00s] model lab_staging.powerpath_cyto_biopsy_bronze (table)
21:02:08.456321 [debug]: Finished analyzing [  0.00s] model lab_staging.powerpath_cyto_biopsy_silver [success]
21:02:08.456337 [info ]: Finished analyzing [  0.00s] (3 nodes, 0 skipped, 0 errors)
21:02:08.456345 [info ]:  Succeeded [  0.00s] model lab_staging.powerpath_cyto_biopsy_silver (table)
21:02:08.460423 [info ]: Started scheduling
21:02:08.460464 [info ]: Finished scheduling [  0.00s]
21:02:08.461116 [info ]: Cached model count updated: 3 models (accurate)
21:10:25.838456 [info ]: Started loading project
21:10:25.839648 [info ]: Loading ~/.dbt/profiles.yml
21:10:25.856107 [info ]: Started loading project
21:10:25.856932 [info ]: Loading ~/.dbt/profiles.yml
21:10:25.856967 [info ]: Finished loading project [  0.02s]
21:10:25.940047 [debug]:    Started loading packages
21:10:25.946867 [debug]:     Loaded [  0.01s] packages
21:10:25.948423 [info ]: Finished loading project [  0.09s]
21:10:25.948833 [info ]: Started parsing
21:10:26.034636 [debug]: Finished parsing models/silver/schema.yml [  0.01s]
21:10:26.042169 [debug]: Finished parsing models/sources.yml [  0.01s]
21:10:26.047626 [debug]: Finished parsing models/bronze/date_filter_bronze.sql [  0.00s]
21:10:26.049692 [debug]: Finished parsing models/bronze/powerpath_cyto_biopsy_bronze.sql [  0.00s]
21:10:26.051603 [debug]: Finished parsing models/silver/powerpath_cyto_biopsy_silver.sql [  0.00s]
21:10:26.059382 [warn ]: [UnusedResourceConfigPath (dbt1097)]: Configuration paths exist in your dbt_project.yml file which do not apply to any resources.
There are 1 unused configuration paths:
- models.lab_dbt.gold
21:10:26.063495 [info ]: Cached model count updated: 3 models (estimate)
21:10:26.063521 [info ]: Cached model count updated: 3 models (accurate)
21:10:26.063561 [info ]: Started scheduling
21:10:26.063626 [info ]: Finished scheduling [  0.00s]
21:10:26.063645 [debug]: Compilation - 0 nodes selected: {}
21:10:26.063672 [warn ]: [NoNodesForSelectionCriteria (dbt1092)]: The selection criterion '' does not match any enabled nodes
21:10:26.063685 [warn ]: [NoNodesSelected (dbt1601)]: Nothing to do. Try checking your model configs and model specification args
21:10:26.063699 [info ]: Started scheduling
21:10:26.063790 [info ]: Finished scheduling [  0.00s]
21:10:26.063848 [debug]: Initializing schema store with entry: Frontier(CanonicalFqn { catalog: "opsanalytics_adb_workspace01", schema: "lab", table: "powerpath_cyto_biopsy_historical" }) and interval: None
21:10:26.063932 [debug]: Initializing schema store with entry: Frontier(CanonicalFqn { catalog: "opsanalytics_adb_workspace01", schema: "lab", table: "mshs_holidays" }) and interval: None
21:10:26.063985 [debug]: Initializing schema store with entry: Frontier(CanonicalFqn { catalog: "opsanalytics_adb_workspace01", schema: "lab", table: "powerpath_raw" }) and interval: None
21:10:26.064039 [debug]: Initializing schema store with entry: Frontier(CanonicalFqn { catalog: "opsanalytics_adb_workspace01", schema: "lab", table: "lab_kpi_ap_patient_setting" }) and interval: None
21:10:26.067576 [info ]: Started building task graph
21:10:26.067617 [info ]: Finished building task graph [  0.00s]
21:10:26.084200 [info ]: Started scheduling
21:10:26.084268 [info ]: Finished scheduling [  0.00s]
21:10:26.089469 [info ]: Cached model count updated: 3 models (accurate)
21:10:26.089540 [info ]: Finished parsing [  0.14s]
21:10:27.652893 [info ]: Started loading project
21:10:27.653939 [info ]: Loading ~/.dbt/profiles.yml
21:10:27.713191 [info ]: Cached model count updated: 3 models (estimate)
21:10:27.713220 [info ]: Cached model count updated: 3 models (accurate)
21:10:27.713255 [info ]: Started scheduling
21:10:27.713343 [info ]: Finished scheduling [  0.00s]
21:10:27.713363 [debug]: Compilation - 3 nodes selected: {"model.lab_dbt.date_filter_bronze", "model.lab_dbt.powerpath_cyto_biopsy_bronze", "model.lab_dbt.powerpath_cyto_biopsy_silver"}
21:10:27.716085 [info ]: Started building task graph
21:10:27.716148 [info ]: Finished building task graph [  0.00s]
21:10:27.721476 [info ]: Started rendering (3 nodes)
21:10:27.721506 [info ]: Started model lab_staging.powerpath_cyto_biopsy_silver
21:10:27.721531 [debug]: Started rendering model lab_staging.powerpath_cyto_biopsy_silver
21:10:27.721560 [info ]: Started model lab_staging.powerpath_cyto_biopsy_bronze
21:10:27.721576 [debug]: Started rendering model lab_staging.powerpath_cyto_biopsy_bronze
21:10:27.721587 [info ]: Started model lab_staging.date_filter_bronze
21:10:27.721594 [debug]: Started rendering model lab_staging.date_filter_bronze
21:10:27.721644 [info ]: Finished loading project [  0.07s]
21:10:27.727542 [debug]: Compiled SQL for node model.lab_dbt.date_filter_bronze at target\.lsp\compiled\lab_dbt\models\bronze\date_filter_bronze.sql
21:10:27.727690 [debug]: Compiled SQL for node model.lab_dbt.powerpath_cyto_biopsy_bronze at target\.lsp\compiled\lab_dbt\models\bronze\powerpath_cyto_biopsy_bronze.sql
21:10:27.727841 [debug]: Compiled SQL for node model.lab_dbt.powerpath_cyto_biopsy_silver at target\.lsp\compiled\lab_dbt\models\silver\powerpath_cyto_biopsy_silver.sql
21:10:27.727852 [debug]: Finished rendering [  0.01s] model lab_staging.date_filter_bronze [success]
21:10:27.727903 [info ]: Started analyzing (3 nodes)
21:10:27.727919 [debug]: Started analyzing model lab_staging.date_filter_bronze
21:10:27.727963 [debug]: Finished rendering [  0.01s] model lab_staging.powerpath_cyto_biopsy_bronze [success]
21:10:27.727981 [debug]: Started analyzing model lab_staging.powerpath_cyto_biopsy_bronze
21:10:27.728011 [debug]: Finished rendering [  0.01s] model lab_staging.powerpath_cyto_biopsy_silver [success]
21:10:27.728023 [info ]: Finished rendering [  0.01s] (3 nodes, 0 skipped, 0 errors)
21:10:27.728034 [debug]: Started analyzing model lab_staging.powerpath_cyto_biopsy_silver
21:10:27.729194 [debug]: Finished analyzing [  0.00s] model lab_staging.powerpath_cyto_biopsy_bronze [success]
21:10:27.729230 [info ]:  Succeeded [  0.01s] model lab_staging.powerpath_cyto_biopsy_bronze (table)
21:10:27.729591 [debug]: Finished analyzing [  0.00s] model lab_staging.date_filter_bronze [success]
21:10:27.729615 [info ]:  Succeeded [  0.01s] model lab_staging.date_filter_bronze (table)
21:10:27.731095 [debug]: Finished analyzing [  0.00s] model lab_staging.powerpath_cyto_biopsy_silver [success]
21:10:27.731114 [info ]: Finished analyzing [  0.00s] (3 nodes, 0 skipped, 0 errors)
21:10:27.731122 [info ]:  Succeeded [  0.01s] model lab_staging.powerpath_cyto_biopsy_silver (table)
21:10:27.735439 [info ]: Started scheduling
21:10:27.735487 [info ]: Finished scheduling [  0.00s]
21:10:27.736185 [info ]: Cached model count updated: 3 models (accurate)
21:10:34.042537 [info ]: Started loading project
21:10:34.043694 [info ]: Loading ~/.dbt/profiles.yml
21:10:34.057995 [info ]: Started parsing
21:10:34.130765 [info ]: Finished loading project [  0.09s]
21:10:34.132970 [debug]: Finished parsing models/silver/schema.yml [  0.00s]
21:10:34.142679 [debug]: Finished parsing models/silver/powerpath_cyto_biopsy_silver.sql [  0.00s]
21:10:34.148317 [warn ]: [UnusedResourceConfigPath (dbt1097)]: Configuration paths exist in your dbt_project.yml file which do not apply to any resources.
There are 1 unused configuration paths:
- models.lab_dbt.gold
21:10:34.152879 [info ]: Cached model count updated: 3 models (estimate)
21:10:34.152897 [info ]: Cached model count updated: 3 models (accurate)
21:10:34.152920 [info ]: Started scheduling
21:10:34.153012 [info ]: Finished scheduling [  0.00s]
21:10:34.153027 [debug]: Compilation - 3 nodes selected: {"model.lab_dbt.date_filter_bronze", "model.lab_dbt.powerpath_cyto_biopsy_bronze", "model.lab_dbt.powerpath_cyto_biopsy_silver"}
21:10:34.155655 [info ]: Started building task graph
21:10:34.155719 [info ]: Finished building task graph [  0.00s]
21:10:34.161668 [info ]: Started rendering (3 nodes)
21:10:34.161698 [info ]: Started model lab_staging.powerpath_cyto_biopsy_silver
21:10:34.161713 [debug]: Started rendering model lab_staging.powerpath_cyto_biopsy_silver
21:10:34.161744 [info ]: Started model lab_staging.powerpath_cyto_biopsy_bronze
21:10:34.161751 [debug]: Started rendering model lab_staging.powerpath_cyto_biopsy_bronze
21:10:34.161760 [info ]: Started model lab_staging.date_filter_bronze
21:10:34.161769 [debug]: Started rendering model lab_staging.date_filter_bronze
21:10:34.161782 [info ]: Finished parsing [  0.10s]
21:10:34.164370 [debug]: Compiled SQL for node model.lab_dbt.powerpath_cyto_biopsy_bronze at target\.lsp\compiled\lab_dbt\models\bronze\powerpath_cyto_biopsy_bronze.sql
21:10:34.164407 [debug]: Compiled SQL for node model.lab_dbt.date_filter_bronze at target\.lsp\compiled\lab_dbt\models\bronze\date_filter_bronze.sql
21:10:34.164475 [debug]: Finished rendering [  0.00s] model lab_staging.powerpath_cyto_biopsy_bronze [success]
21:10:34.164518 [info ]: Started analyzing (3 nodes)
21:10:34.164530 [debug]: Started analyzing model lab_staging.powerpath_cyto_biopsy_bronze
21:10:34.164562 [debug]: Finished rendering [  0.00s] model lab_staging.date_filter_bronze [success]
21:10:34.164578 [debug]: Started analyzing model lab_staging.date_filter_bronze
21:10:34.165327 [debug]: Finished analyzing [  0.00s] model lab_staging.powerpath_cyto_biopsy_bronze [success]
21:10:34.165351 [info ]:  Succeeded [  0.00s] model lab_staging.powerpath_cyto_biopsy_bronze (table)
21:10:34.165758 [debug]: Finished analyzing [  0.00s] model lab_staging.date_filter_bronze [success]
21:10:34.165775 [info ]:  Succeeded [  0.00s] model lab_staging.date_filter_bronze (table)
21:10:34.167152 [debug]: Compiled SQL for node model.lab_dbt.powerpath_cyto_biopsy_silver at target\.lsp\compiled\lab_dbt\models\silver\powerpath_cyto_biopsy_silver.sql
21:10:34.167264 [debug]: Finished rendering [  0.01s] model lab_staging.powerpath_cyto_biopsy_silver [success]
21:10:34.167283 [info ]: Finished rendering [  0.01s] (3 nodes, 0 skipped, 0 errors)
21:10:34.167304 [debug]: Started analyzing model lab_staging.powerpath_cyto_biopsy_silver
21:10:34.169654 [debug]: Finished analyzing [  0.00s] model lab_staging.powerpath_cyto_biopsy_silver [success]
21:10:34.169670 [info ]: Finished analyzing [  0.01s] (3 nodes, 0 skipped, 0 errors)
21:10:34.169681 [info ]:  Succeeded [  0.01s] model lab_staging.powerpath_cyto_biopsy_silver (table)
21:10:34.174322 [info ]: Started scheduling
21:10:34.174373 [info ]: Finished scheduling [  0.00s]
21:10:34.175687 [info ]: Cached model count updated: 3 models (accurate)
21:10:35.726255 [info ]: Started loading project
21:10:35.728045 [info ]: Loading ~/.dbt/profiles.yml
21:10:35.776094 [info ]: Cached model count updated: 3 models (estimate)
21:10:35.776139 [info ]: Cached model count updated: 3 models (accurate)
21:10:35.776199 [info ]: Started scheduling
21:10:35.776366 [info ]: Finished scheduling [  0.00s]
21:10:35.776404 [debug]: Compilation - 3 nodes selected: {"model.lab_dbt.date_filter_bronze", "model.lab_dbt.powerpath_cyto_biopsy_bronze", "model.lab_dbt.powerpath_cyto_biopsy_silver"}
21:10:35.779774 [info ]: Started building task graph
21:10:35.779855 [info ]: Finished building task graph [  0.00s]
21:10:35.786399 [info ]: Started rendering (3 nodes)
21:10:35.786429 [info ]: Started model lab_staging.powerpath_cyto_biopsy_silver
21:10:35.786441 [debug]: Started rendering model lab_staging.powerpath_cyto_biopsy_silver
21:10:35.786468 [info ]: Started model lab_staging.powerpath_cyto_biopsy_bronze
21:10:35.786492 [debug]: Started rendering model lab_staging.powerpath_cyto_biopsy_bronze
21:10:35.786508 [info ]: Started model lab_staging.date_filter_bronze
21:10:35.786516 [debug]: Started rendering model lab_staging.date_filter_bronze
21:10:35.786528 [info ]: Finished loading project [  0.06s]
21:10:35.789212 [debug]: Compiled SQL for node model.lab_dbt.powerpath_cyto_biopsy_silver at target\.lsp\compiled\lab_dbt\models\silver\powerpath_cyto_biopsy_silver.sql
21:10:35.789254 [debug]: Compiled SQL for node model.lab_dbt.date_filter_bronze at target\.lsp\compiled\lab_dbt\models\bronze\date_filter_bronze.sql
21:10:35.789307 [debug]: Finished rendering [  0.00s] model lab_staging.powerpath_cyto_biopsy_silver [success]
21:10:35.789338 [info ]: Started analyzing (3 nodes)
21:10:35.789350 [debug]: Started analyzing model lab_staging.powerpath_cyto_biopsy_silver
21:10:35.789347 [debug]: Compiled SQL for node model.lab_dbt.powerpath_cyto_biopsy_bronze at target\.lsp\compiled\lab_dbt\models\bronze\powerpath_cyto_biopsy_bronze.sql
21:10:35.789378 [debug]: Finished rendering [  0.00s] model lab_staging.date_filter_bronze [success]
21:10:35.789394 [debug]: Started analyzing model lab_staging.date_filter_bronze
21:10:35.789416 [debug]: Finished rendering [  0.00s] model lab_staging.powerpath_cyto_biopsy_bronze [success]
21:10:35.789424 [info ]: Finished rendering [  0.00s] (3 nodes, 0 skipped, 0 errors)
21:10:35.789434 [debug]: Started analyzing model lab_staging.powerpath_cyto_biopsy_bronze
21:10:35.790337 [debug]: Finished analyzing [  0.00s] model lab_staging.powerpath_cyto_biopsy_bronze [success]
21:10:35.790360 [info ]:  Succeeded [  0.00s] model lab_staging.powerpath_cyto_biopsy_bronze (table)
21:10:35.790769 [debug]: Finished analyzing [  0.00s] model lab_staging.date_filter_bronze [success]
21:10:35.790793 [info ]:  Succeeded [  0.00s] model lab_staging.date_filter_bronze (table)
21:10:35.792314 [debug]: Finished analyzing [  0.00s] model lab_staging.powerpath_cyto_biopsy_silver [success]
21:10:35.792335 [info ]: Finished analyzing [  0.00s] (3 nodes, 0 skipped, 0 errors)
21:10:35.792345 [info ]:  Succeeded [  0.00s] model lab_staging.powerpath_cyto_biopsy_silver (table)
21:10:35.797352 [info ]: Started scheduling
21:10:35.797419 [info ]: Finished scheduling [  0.00s]
21:10:35.798290 [info ]: Cached model count updated: 3 models (accurate)
21:20:25.031877 [info ]: Started loading project
21:20:25.032980 [info ]: Loading ~/.dbt/profiles.yml
21:20:25.036548 [error]: [UnusedConfigKey (dbt1060)]: Ignored unexpected key `"packages"`. YAML path: `packages`.
  --> dbt_project.yml:25:1
21:20:25.046520 [info ]: Started loading project
21:20:25.047455 [info ]: Loading ~/.dbt/profiles.yml
21:20:25.047525 [info ]: Finished loading project [  0.02s]
21:20:25.112666 [debug]:    Started loading packages
21:20:25.114364 [error]: [UnusedConfigKey (dbt1060)]: Ignored unexpected key `"packages"`. YAML path: `packages`.
  --> dbt_project.yml:25:1
21:20:25.121880 [info ]: Started parsing
21:20:25.185257 [debug]:     Loaded [  0.07s] packages
21:20:25.185283 [info ]: Finished loading project [  0.14s]
21:20:25.186907 [debug]: Finished parsing models/silver/schema.yml [  0.00s]
21:20:25.187706 [debug]: Finished parsing models/sources.yml [  0.00s]
21:20:25.189837 [debug]: Finished parsing models/bronze/date_filter_bronze.sql [  0.00s]
21:20:25.191070 [debug]: Finished parsing models/bronze/powerpath_cyto_biopsy_bronze.sql [  0.00s]
21:20:25.192221 [debug]: Finished parsing models/silver/powerpath_cyto_biopsy_silver.sql [  0.00s]
21:20:25.197726 [warn ]: [UnusedResourceConfigPath (dbt1097)]: Configuration paths exist in your dbt_project.yml file which do not apply to any resources.
There are 1 unused configuration paths:
- models.lab_dbt.gold
21:20:25.199920 [info ]: Cached model count updated: 3 models (estimate)
21:20:25.199939 [info ]: Cached model count updated: 3 models (accurate)
21:20:25.199971 [info ]: Started scheduling
21:20:25.200012 [info ]: Finished scheduling [  0.00s]
21:20:25.200028 [debug]: Compilation - 0 nodes selected: {}
21:20:25.200047 [warn ]: [NoNodesForSelectionCriteria (dbt1092)]: The selection criterion '' does not match any enabled nodes
21:20:25.200056 [warn ]: [NoNodesSelected (dbt1601)]: Nothing to do. Try checking your model configs and model specification args
21:20:25.200068 [info ]: Started scheduling
21:20:25.200119 [info ]: Finished scheduling [  0.00s]
21:20:25.200164 [debug]: Initializing schema store with entry: Frontier(CanonicalFqn { catalog: "opsanalytics_adb_workspace01", schema: "lab", table: "mshs_holidays" }) and interval: None
21:20:25.200229 [debug]: Initializing schema store with entry: Frontier(CanonicalFqn { catalog: "opsanalytics_adb_workspace01", schema: "lab", table: "powerpath_cyto_biopsy_historical" }) and interval: None
21:20:25.200265 [debug]: Initializing schema store with entry: Frontier(CanonicalFqn { catalog: "opsanalytics_adb_workspace01", schema: "lab", table: "lab_kpi_ap_patient_setting" }) and interval: None
21:20:25.200295 [debug]: Initializing schema store with entry: Frontier(CanonicalFqn { catalog: "opsanalytics_adb_workspace01", schema: "lab", table: "powerpath_raw" }) and interval: None
21:20:25.203127 [info ]: Started building task graph
21:20:25.203173 [info ]: Finished building task graph [  0.00s]
21:20:25.256988 [info ]: Started scheduling
21:20:25.257051 [info ]: Finished scheduling [  0.00s]
21:20:25.258125 [info ]: Cached model count updated: 3 models (accurate)
21:20:25.258323 [info ]: Finished parsing [  0.14s]
21:20:26.842987 [info ]: Started loading project
21:20:26.844284 [info ]: Loading ~/.dbt/profiles.yml
21:20:26.846831 [error]: [UnusedConfigKey (dbt1060)]: Ignored unexpected key `"packages"`. YAML path: `packages`.
  --> dbt_project.yml:25:1
21:20:26.898280 [info ]: Cached model count updated: 3 models (estimate)
21:20:26.898300 [info ]: Cached model count updated: 3 models (accurate)
21:20:26.898337 [info ]: Started scheduling
21:20:26.898423 [info ]: Finished scheduling [  0.00s]
21:20:26.898441 [debug]: Compilation - 3 nodes selected: {"model.lab_dbt.date_filter_bronze", "model.lab_dbt.powerpath_cyto_biopsy_bronze", "model.lab_dbt.powerpath_cyto_biopsy_silver"}
21:20:26.901556 [info ]: Started building task graph
21:20:26.901656 [info ]: Finished building task graph [  0.00s]
21:20:26.907479 [info ]: Started rendering (3 nodes)
21:20:26.907507 [info ]: Started model lab_staging.powerpath_cyto_biopsy_silver
21:20:26.907518 [debug]: Started rendering model lab_staging.powerpath_cyto_biopsy_silver
21:20:26.907564 [info ]: Started model lab_staging.powerpath_cyto_biopsy_bronze
21:20:26.907576 [debug]: Started rendering model lab_staging.powerpath_cyto_biopsy_bronze
21:20:26.907599 [info ]: Started model lab_staging.date_filter_bronze
21:20:26.907610 [debug]: Started rendering model lab_staging.date_filter_bronze
21:20:26.907616 [info ]: Finished loading project [  0.06s]
21:20:26.913991 [debug]: Compiled SQL for node model.lab_dbt.date_filter_bronze at target\.lsp\compiled\lab_dbt\models\bronze\date_filter_bronze.sql
21:20:26.914054 [debug]: Compiled SQL for node model.lab_dbt.powerpath_cyto_biopsy_silver at target\.lsp\compiled\lab_dbt\models\silver\powerpath_cyto_biopsy_silver.sql
21:20:26.914119 [debug]: Compiled SQL for node model.lab_dbt.powerpath_cyto_biopsy_bronze at target\.lsp\compiled\lab_dbt\models\bronze\powerpath_cyto_biopsy_bronze.sql
21:20:26.914217 [debug]: Finished rendering [  0.01s] model lab_staging.date_filter_bronze [success]
21:20:26.914268 [info ]: Started analyzing (3 nodes)
21:20:26.914286 [debug]: Started analyzing model lab_staging.date_filter_bronze
21:20:26.914318 [debug]: Finished rendering [  0.01s] model lab_staging.powerpath_cyto_biopsy_silver [success]
21:20:26.914340 [debug]: Started analyzing model lab_staging.powerpath_cyto_biopsy_silver
21:20:26.914371 [debug]: Finished rendering [  0.01s] model lab_staging.powerpath_cyto_biopsy_bronze [success]
21:20:26.914384 [info ]: Finished rendering [  0.01s] (3 nodes, 0 skipped, 0 errors)
21:20:26.914399 [debug]: Started analyzing model lab_staging.powerpath_cyto_biopsy_bronze
21:20:26.915432 [debug]: Finished analyzing [  0.00s] model lab_staging.powerpath_cyto_biopsy_bronze [success]
21:20:26.915456 [info ]:  Succeeded [  0.01s] model lab_staging.powerpath_cyto_biopsy_bronze (table)
21:20:26.915591 [debug]: Finished analyzing [  0.00s] model lab_staging.date_filter_bronze [success]
21:20:26.915609 [info ]:  Succeeded [  0.01s] model lab_staging.date_filter_bronze (table)
21:20:26.918017 [debug]: Finished analyzing [  0.00s] model lab_staging.powerpath_cyto_biopsy_silver [success]
21:20:26.918051 [info ]: Finished analyzing [  0.00s] (3 nodes, 0 skipped, 0 errors)
21:20:26.918065 [info ]:  Succeeded [  0.01s] model lab_staging.powerpath_cyto_biopsy_silver (table)
21:20:26.924184 [info ]: Started scheduling
21:20:26.924238 [info ]: Finished scheduling [  0.00s]
21:20:26.925300 [info ]: Cached model count updated: 3 models (accurate)
21:20:27.259402 [info ]: Loading ~/.dbt/profiles.yml
21:20:27.261835 [error]: [UnusedConfigKey (dbt1060)]: Ignored unexpected key `"packages"`. YAML path: `packages`.
  --> dbt_project.yml:25:1
21:21:11.088719 [info ]: Started loading project
21:21:11.089828 [info ]: Loading ~/.dbt/profiles.yml
21:21:11.103730 [info ]: Started loading project
21:21:11.104662 [info ]: Loading ~/.dbt/profiles.yml
21:21:11.104727 [info ]: Finished loading project [  0.02s]
21:21:11.164757 [debug]:    Started loading packages
21:21:11.170746 [debug]:     Loaded [  0.01s] packages
21:21:11.172281 [info ]: Finished loading project [  0.07s]
21:21:11.172747 [info ]: Started parsing
21:21:11.228543 [debug]: Finished parsing models/silver/schema.yml [  0.00s]
21:21:11.229066 [debug]: Finished parsing models/sources.yml [  0.00s]
21:21:11.230983 [debug]: Finished parsing models/bronze/date_filter_bronze.sql [  0.00s]
21:21:11.232190 [debug]: Finished parsing models/bronze/powerpath_cyto_biopsy_bronze.sql [  0.00s]
21:21:11.233254 [debug]: Finished parsing models/silver/powerpath_cyto_biopsy_silver.sql [  0.00s]
21:21:11.238108 [warn ]: [UnusedResourceConfigPath (dbt1097)]: Configuration paths exist in your dbt_project.yml file which do not apply to any resources.
There are 1 unused configuration paths:
- models.lab_dbt.gold
21:21:11.240436 [info ]: Cached model count updated: 3 models (estimate)
21:21:11.240456 [info ]: Cached model count updated: 3 models (accurate)
21:21:11.240500 [info ]: Started scheduling
21:21:11.240539 [info ]: Finished scheduling [  0.00s]
21:21:11.240550 [debug]: Compilation - 0 nodes selected: {}
21:21:11.240565 [warn ]: [NoNodesForSelectionCriteria (dbt1092)]: The selection criterion '' does not match any enabled nodes
21:21:11.240579 [warn ]: [NoNodesSelected (dbt1601)]: Nothing to do. Try checking your model configs and model specification args
21:21:11.240586 [info ]: Started scheduling
21:21:11.240654 [info ]: Finished scheduling [  0.00s]
21:21:11.240694 [debug]: Initializing schema store with entry: Frontier(CanonicalFqn { catalog: "opsanalytics_adb_workspace01", schema: "lab", table: "lab_kpi_ap_patient_setting" }) and interval: None
21:21:11.240758 [debug]: Initializing schema store with entry: Frontier(CanonicalFqn { catalog: "opsanalytics_adb_workspace01", schema: "lab", table: "mshs_holidays" }) and interval: None
21:21:11.240793 [debug]: Initializing schema store with entry: Frontier(CanonicalFqn { catalog: "opsanalytics_adb_workspace01", schema: "lab", table: "powerpath_raw" }) and interval: None
21:21:11.240825 [debug]: Initializing schema store with entry: Frontier(CanonicalFqn { catalog: "opsanalytics_adb_workspace01", schema: "lab", table: "powerpath_cyto_biopsy_historical" }) and interval: None
21:21:11.242972 [info ]: Started building task graph
21:21:11.243000 [info ]: Finished building task graph [  0.00s]
21:21:11.252400 [info ]: Started scheduling
21:21:11.252444 [info ]: Finished scheduling [  0.00s]
21:21:11.254425 [info ]: Cached model count updated: 3 models (accurate)
21:21:11.254526 [info ]: Finished parsing [  0.08s]
21:21:12.800968 [info ]: Started loading project
21:21:12.801879 [info ]: Loading ~/.dbt/profiles.yml
21:21:12.850926 [info ]: Cached model count updated: 3 models (estimate)
21:21:12.850945 [info ]: Cached model count updated: 3 models (accurate)
21:21:12.850972 [info ]: Started scheduling
21:21:12.851041 [info ]: Finished scheduling [  0.00s]
21:21:12.851054 [debug]: Compilation - 3 nodes selected: {"model.lab_dbt.date_filter_bronze", "model.lab_dbt.powerpath_cyto_biopsy_bronze", "model.lab_dbt.powerpath_cyto_biopsy_silver"}
21:21:12.853301 [info ]: Started building task graph
21:21:12.853364 [info ]: Finished building task graph [  0.00s]
21:21:12.860369 [info ]: Started rendering (3 nodes)
21:21:12.860406 [info ]: Started model lab_staging.powerpath_cyto_biopsy_silver
21:21:12.860428 [debug]: Started rendering model lab_staging.powerpath_cyto_biopsy_silver
21:21:12.860460 [info ]: Started model lab_staging.powerpath_cyto_biopsy_bronze
21:21:12.860476 [debug]: Started rendering model lab_staging.powerpath_cyto_biopsy_bronze
21:21:12.860498 [info ]: Started model lab_staging.date_filter_bronze
21:21:12.860500 [info ]: Finished loading project [  0.06s]
21:21:12.860508 [debug]: Started rendering model lab_staging.date_filter_bronze
21:21:12.866089 [debug]: Compiled SQL for node model.lab_dbt.date_filter_bronze at target\.lsp\compiled\lab_dbt\models\bronze\date_filter_bronze.sql
21:21:12.866110 [debug]: Compiled SQL for node model.lab_dbt.powerpath_cyto_biopsy_silver at target\.lsp\compiled\lab_dbt\models\silver\powerpath_cyto_biopsy_silver.sql
21:21:12.866114 [debug]: Compiled SQL for node model.lab_dbt.powerpath_cyto_biopsy_bronze at target\.lsp\compiled\lab_dbt\models\bronze\powerpath_cyto_biopsy_bronze.sql
21:21:12.866274 [debug]: Finished rendering [  0.01s] model lab_staging.powerpath_cyto_biopsy_bronze [success]
21:21:12.866310 [info ]: Started analyzing (3 nodes)
21:21:12.866319 [debug]: Started analyzing model lab_staging.powerpath_cyto_biopsy_bronze
21:21:12.866340 [debug]: Finished rendering [  0.01s] model lab_staging.date_filter_bronze [success]
21:21:12.866352 [debug]: Started analyzing model lab_staging.date_filter_bronze
21:21:12.866372 [debug]: Finished rendering [  0.01s] model lab_staging.powerpath_cyto_biopsy_silver [success]
21:21:12.866381 [info ]: Finished rendering [  0.01s] (3 nodes, 0 skipped, 0 errors)
21:21:12.866393 [debug]: Started analyzing model lab_staging.powerpath_cyto_biopsy_silver
21:21:12.867297 [debug]: Finished analyzing [  0.00s] model lab_staging.powerpath_cyto_biopsy_bronze [success]
21:21:12.867321 [info ]:  Succeeded [  0.01s] model lab_staging.powerpath_cyto_biopsy_bronze (table)
21:21:12.867829 [debug]: Finished analyzing [  0.00s] model lab_staging.date_filter_bronze [success]
21:21:12.867854 [info ]:  Succeeded [  0.01s] model lab_staging.date_filter_bronze (table)
21:21:12.869046 [debug]: Finished analyzing [  0.00s] model lab_staging.powerpath_cyto_biopsy_silver [success]
21:21:12.869061 [info ]: Finished analyzing [  0.00s] (3 nodes, 0 skipped, 0 errors)
21:21:12.869069 [info ]:  Succeeded [  0.01s] model lab_staging.powerpath_cyto_biopsy_silver (table)
21:21:12.873687 [info ]: Started scheduling
21:21:12.873751 [info ]: Finished scheduling [  0.00s]
21:21:12.874764 [info ]: Cached model count updated: 3 models (accurate)
21:21:13.208962 [info ]: Loading ~/.dbt/profiles.yml
21:21:27.038827 [info ]: Started loading project
21:21:27.039682 [info ]: Loading ~/.dbt/profiles.yml
21:21:27.052071 [info ]: Started loading project
21:21:27.053132 [info ]: Loading ~/.dbt/profiles.yml
21:21:27.053167 [info ]: Finished loading project [  0.01s]
21:21:27.206533 [info ]:    Started resolving packages from packages.yml
21:21:27.229605 [info ]:   Finished [  0.02s] resolving packages from packages.yml
21:21:27.229802 [debug]:    Started loading packages
21:21:27.246195 [debug]:     Loaded [  0.02s] packages
21:21:27.248286 [info ]: Finished loading project [  0.20s]
21:21:27.248858 [info ]: Started parsing
21:21:27.371282 [debug]: Finished parsing models/silver/schema.yml [  0.00s]
21:21:27.372971 [debug]: Finished parsing models/sources.yml [  0.00s]
21:21:27.382762 [debug]: Finished parsing models/bronze/date_filter_bronze.sql [  0.01s]
21:21:27.384877 [debug]: Finished parsing models/bronze/powerpath_cyto_biopsy_bronze.sql [  0.00s]
21:21:27.395047 [debug]: Finished parsing models/silver/powerpath_cyto_biopsy_silver.sql [  0.01s]
21:21:27.423528 [warn ]: [UnusedResourceConfigPath (dbt1097)]: Configuration paths exist in your dbt_project.yml file which do not apply to any resources.
There are 1 unused configuration paths:
- models.lab_dbt.gold
21:21:27.430306 [info ]: Cached model count updated: 3 models (estimate)
21:21:27.430347 [info ]: Cached model count updated: 3 models (accurate)
21:21:27.430386 [info ]: Started scheduling
21:21:27.430433 [info ]: Finished scheduling [  0.00s]
21:21:27.430461 [debug]: Compilation - 0 nodes selected: {}
21:21:27.430482 [warn ]: [NoNodesForSelectionCriteria (dbt1092)]: The selection criterion '' does not match any enabled nodes
21:21:27.430497 [warn ]: [NoNodesSelected (dbt1601)]: Nothing to do. Try checking your model configs and model specification args
21:21:27.430511 [info ]: Started scheduling
21:21:27.430596 [info ]: Finished scheduling [  0.00s]
21:21:27.430650 [debug]: Initializing schema store with entry: Frontier(CanonicalFqn { catalog: "opsanalytics_adb_workspace01", schema: "lab", table: "powerpath_cyto_biopsy_historical" }) and interval: None
21:21:27.430746 [debug]: Initializing schema store with entry: Frontier(CanonicalFqn { catalog: "opsanalytics_adb_workspace01", schema: "lab", table: "lab_kpi_ap_patient_setting" }) and interval: None
21:21:27.430810 [debug]: Initializing schema store with entry: Frontier(CanonicalFqn { catalog: "opsanalytics_adb_workspace01", schema: "lab", table: "powerpath_raw" }) and interval: None
21:21:27.430869 [debug]: Initializing schema store with entry: Frontier(CanonicalFqn { catalog: "opsanalytics_adb_workspace01", schema: "lab", table: "mshs_holidays" }) and interval: None
21:21:27.439771 [info ]: Started building task graph
21:21:27.439802 [info ]: Finished building task graph [  0.00s]
21:21:27.466601 [info ]: Started scheduling
21:21:27.466679 [info ]: Finished scheduling [  0.00s]
21:21:27.471530 [info ]: Cached model count updated: 3 models (accurate)
21:21:27.471708 [info ]: Finished parsing [  0.22s]
21:21:29.024962 [info ]: Started loading project
21:21:29.026024 [info ]: Loading ~/.dbt/profiles.yml
21:21:29.091363 [info ]: Cached model count updated: 3 models (estimate)
21:21:29.091389 [info ]: Cached model count updated: 3 models (accurate)
21:21:29.091426 [info ]: Started scheduling
21:21:29.091522 [info ]: Finished scheduling [  0.00s]
21:21:29.091542 [debug]: Compilation - 3 nodes selected: {"model.lab_dbt.date_filter_bronze", "model.lab_dbt.powerpath_cyto_biopsy_bronze", "model.lab_dbt.powerpath_cyto_biopsy_silver"}
21:21:29.095108 [info ]: Started building task graph
21:21:29.095201 [info ]: Finished building task graph [  0.00s]
21:21:29.104595 [info ]: Started rendering (3 nodes)
21:21:29.104642 [info ]: Started model lab_staging.powerpath_cyto_biopsy_silver
21:21:29.104658 [debug]: Started rendering model lab_staging.powerpath_cyto_biopsy_silver
21:21:29.104692 [info ]: Started model lab_staging.powerpath_cyto_biopsy_bronze
21:21:29.104704 [debug]: Started rendering model lab_staging.powerpath_cyto_biopsy_bronze
21:21:29.104725 [info ]: Started model lab_staging.date_filter_bronze
21:21:29.104738 [debug]: Started rendering model lab_staging.date_filter_bronze
21:21:29.104779 [info ]: Finished loading project [  0.08s]
21:21:29.111656 [debug]: Compiled SQL for node model.lab_dbt.powerpath_cyto_biopsy_silver at target\.lsp\compiled\lab_dbt\models\silver\powerpath_cyto_biopsy_silver.sql
21:21:29.112133 [debug]: Finished rendering [  0.01s] model lab_staging.powerpath_cyto_biopsy_silver [success]
21:21:29.112238 [info ]: Started analyzing (3 nodes)
21:21:29.112254 [debug]: Started analyzing model lab_staging.powerpath_cyto_biopsy_silver
21:21:29.113352 [debug]: Compiled SQL for node model.lab_dbt.powerpath_cyto_biopsy_bronze at target\.lsp\compiled\lab_dbt\models\bronze\powerpath_cyto_biopsy_bronze.sql
21:21:29.113882 [debug]: Compiled SQL for node model.lab_dbt.date_filter_bronze at target\.lsp\compiled\lab_dbt\models\bronze\date_filter_bronze.sql
21:21:29.114446 [debug]: Finished rendering [  0.01s] model lab_staging.powerpath_cyto_biopsy_bronze [success]
21:21:29.114488 [debug]: Started analyzing model lab_staging.powerpath_cyto_biopsy_bronze
21:21:29.115587 [debug]: Finished analyzing [  0.00s] model lab_staging.powerpath_cyto_biopsy_bronze [success]
21:21:29.115621 [info ]:  Succeeded [  0.01s] model lab_staging.powerpath_cyto_biopsy_bronze (table)
21:21:29.115676 [debug]: Finished rendering [  0.01s] model lab_staging.date_filter_bronze [success]
21:21:29.115694 [info ]: Finished rendering [  0.01s] (3 nodes, 0 skipped, 0 errors)
21:21:29.115728 [debug]: Started analyzing model lab_staging.date_filter_bronze
21:21:29.116580 [debug]: Finished analyzing [  0.00s] model lab_staging.powerpath_cyto_biopsy_silver [success]
21:21:29.116608 [info ]:  Succeeded [  0.01s] model lab_staging.powerpath_cyto_biopsy_silver (table)
21:21:29.117295 [debug]: Finished analyzing [  0.00s] model lab_staging.date_filter_bronze [success]
21:21:29.117314 [info ]: Finished analyzing [  0.01s] (3 nodes, 0 skipped, 0 errors)
21:21:29.117328 [info ]:  Succeeded [  0.01s] model lab_staging.date_filter_bronze (table)
21:21:29.124065 [info ]: Started scheduling
21:21:29.124160 [info ]: Finished scheduling [  0.00s]
21:21:29.125134 [info ]: Cached model count updated: 3 models (accurate)
21:21:32.389322 [info ]: Started loading project
21:21:32.390328 [info ]: Loading ~/.dbt/profiles.yml
21:21:32.401376 [info ]: Started loading project
21:21:32.402222 [info ]: Loading ~/.dbt/profiles.yml
21:21:32.402280 [info ]: Finished loading project [  0.01s]
21:21:32.470431 [info ]:    Started resolving packages from packages.yml
21:21:32.870922 [info ]:   Finished [  0.40s] resolving packages from packages.yml (1 items)
21:21:32.871326 [info ]: Auto installing dependencies while running `dbt compile`. To ensure dependencies are cached, run `dbt deps` to initialize a valid package-lock.yml.
21:21:32.871346 [info ]: Installing packages
21:21:32.877940 [info ]: Installing dbt-labs/dbt_utils
21:21:34.198523 [info ]:  Installed dbt-labs/dbt_utils: 1.4.1
21:21:34.198868 [info ]:  Installed 1 package
21:21:34.202587 [debug]:    Started loading packages
21:21:34.242122 [debug]:     Loaded [  0.04s] packages
21:21:34.244089 [info ]: Finished loading project [  1.84s]
21:21:34.244597 [info ]: Started parsing
21:21:34.391651 [debug]: Finished parsing models/silver/schema.yml [  0.00s]
21:21:34.392572 [debug]: Finished parsing models/sources.yml [  0.00s]
21:21:34.395600 [debug]: Finished parsing models/bronze/date_filter_bronze.sql [  0.00s]
21:21:34.397578 [debug]: Finished parsing models/bronze/powerpath_cyto_biopsy_bronze.sql [  0.00s]
21:21:34.399342 [debug]: Finished parsing models/silver/powerpath_cyto_biopsy_silver.sql [  0.00s]
21:21:34.408085 [warn ]: [UnusedResourceConfigPath (dbt1097)]: Configuration paths exist in your dbt_project.yml file which do not apply to any resources.
There are 1 unused configuration paths:
- models.lab_dbt.gold
21:21:34.411649 [info ]: Cached model count updated: 3 models (estimate)
21:21:34.411674 [info ]: Cached model count updated: 3 models (accurate)
21:21:34.411707 [info ]: Started scheduling
21:21:34.411755 [info ]: Finished scheduling [  0.00s]
21:21:34.411771 [debug]: Compilation - 0 nodes selected: {}
21:21:34.411789 [warn ]: [NoNodesForSelectionCriteria (dbt1092)]: The selection criterion '' does not match any enabled nodes
21:21:34.411803 [warn ]: [NoNodesSelected (dbt1601)]: Nothing to do. Try checking your model configs and model specification args
21:21:34.411820 [info ]: Started scheduling
21:21:34.411905 [info ]: Finished scheduling [  0.00s]
21:21:34.411956 [debug]: Initializing schema store with entry: Frontier(CanonicalFqn { catalog: "opsanalytics_adb_workspace01", schema: "lab", table: "powerpath_raw" }) and interval: None
21:21:34.412047 [debug]: Initializing schema store with entry: Frontier(CanonicalFqn { catalog: "opsanalytics_adb_workspace01", schema: "lab", table: "mshs_holidays" }) and interval: None
21:21:34.412103 [debug]: Initializing schema store with entry: Frontier(CanonicalFqn { catalog: "opsanalytics_adb_workspace01", schema: "lab", table: "lab_kpi_ap_patient_setting" }) and interval: None
21:21:34.412154 [debug]: Initializing schema store with entry: Frontier(CanonicalFqn { catalog: "opsanalytics_adb_workspace01", schema: "lab", table: "powerpath_cyto_biopsy_historical" }) and interval: None
21:21:34.498144 [info ]: Started building task graph
21:21:34.498169 [info ]: Finished building task graph [  0.00s]
21:21:34.515696 [info ]: Started scheduling
21:21:34.515752 [info ]: Finished scheduling [  0.00s]
21:21:34.516915 [info ]: Cached model count updated: 3 models (accurate)
21:21:34.516947 [info ]: Finished parsing [  0.27s]
21:21:36.094032 [info ]: Started loading project
21:21:36.095941 [info ]: Loading ~/.dbt/profiles.yml
21:21:36.214727 [info ]: Cached model count updated: 3 models (estimate)
21:21:36.214759 [info ]: Cached model count updated: 3 models (accurate)
21:21:36.214820 [info ]: Started scheduling
21:21:36.214978 [info ]: Finished scheduling [  0.00s]
21:21:36.215010 [debug]: Compilation - 3 nodes selected: {"model.lab_dbt.date_filter_bronze", "model.lab_dbt.powerpath_cyto_biopsy_bronze", "model.lab_dbt.powerpath_cyto_biopsy_silver"}
21:21:36.510027 [info ]: Started building task graph
21:21:36.510161 [info ]: Finished building task graph [  0.00s]
21:21:36.544467 [info ]: Started rendering (3 nodes)
21:21:36.544519 [info ]: Started model lab_staging.powerpath_cyto_biopsy_silver
21:21:36.544552 [debug]: Started rendering model lab_staging.powerpath_cyto_biopsy_silver
21:21:36.544618 [info ]: Started model lab_staging.powerpath_cyto_biopsy_bronze
21:21:36.544643 [info ]: Finished loading project [  0.45s]
21:21:36.544656 [debug]: Started rendering model lab_staging.powerpath_cyto_biopsy_bronze
21:21:36.544692 [info ]: Started model lab_staging.date_filter_bronze
21:21:36.544720 [debug]: Started rendering model lab_staging.date_filter_bronze
21:21:36.603101 [debug]: Compiled SQL for node model.lab_dbt.powerpath_cyto_biopsy_silver at target\.lsp\compiled\lab_dbt\models\silver\powerpath_cyto_biopsy_silver.sql
21:21:36.603522 [debug]: Finished rendering [  0.06s] model lab_staging.powerpath_cyto_biopsy_silver [success]
21:21:36.603582 [info ]: Started analyzing (3 nodes)
21:21:36.603602 [debug]: Started analyzing model lab_staging.powerpath_cyto_biopsy_silver
21:21:36.612115 [debug]: Finished analyzing [  0.01s] model lab_staging.powerpath_cyto_biopsy_silver [success]
21:21:36.612166 [info ]:  Succeeded [  0.07s] model lab_staging.powerpath_cyto_biopsy_silver (table)
21:21:36.631041 [debug]: Compiled SQL for node model.lab_dbt.powerpath_cyto_biopsy_bronze at target\.lsp\compiled\lab_dbt\models\bronze\powerpath_cyto_biopsy_bronze.sql
21:21:36.634430 [debug]: Started analyzing model lab_staging.powerpath_cyto_biopsy_bronze
21:21:36.634910 [debug]: Finished rendering [  0.09s] model lab_staging.powerpath_cyto_biopsy_bronze [success]
21:21:36.635871 [debug]: Compiled SQL for node model.lab_dbt.date_filter_bronze at target\.lsp\compiled\lab_dbt\models\bronze\date_filter_bronze.sql
21:21:36.636130 [debug]: Finished rendering [  0.09s] model lab_staging.date_filter_bronze [success]
21:21:36.636163 [info ]: Finished rendering [  0.09s] (3 nodes, 0 skipped, 0 errors)
21:21:36.636200 [debug]: Started analyzing model lab_staging.date_filter_bronze
21:21:36.636520 [debug]: Finished analyzing [  0.00s] model lab_staging.powerpath_cyto_biopsy_bronze [success]
21:21:36.636561 [info ]:  Succeeded [  0.09s] model lab_staging.powerpath_cyto_biopsy_bronze (table)
21:21:36.638911 [debug]: Finished analyzing [  0.00s] model lab_staging.date_filter_bronze [success]
21:21:36.638955 [info ]: Finished analyzing [  0.04s] (3 nodes, 0 skipped, 0 errors)
21:21:36.638985 [info ]:  Succeeded [  0.09s] model lab_staging.date_filter_bronze (table)
21:21:36.659921 [info ]: Started scheduling
21:21:36.660019 [info ]: Finished scheduling [  0.00s]
21:21:36.662987 [info ]: Cached model count updated: 3 models (accurate)
15:55:10.170689 [info ]: Started loading project
15:55:10.316041 [info ]: Loading ~/.dbt/profiles.yml
15:55:10.676826 [info ]: Started loading project
15:55:10.678906 [info ]: Loading ~/.dbt/profiles.yml
15:55:10.685387 [info ]: Finished loading project [  0.51s]
15:55:10.962152 [info ]:    Started resolving packages from packages.yml
15:55:11.777388 [info ]:   Finished [  0.82s] resolving packages from packages.yml (1 items)
15:55:11.780583 [debug]:    Started loading packages
15:55:11.814687 [debug]:     Loaded [  0.03s] packages
15:55:11.817884 [info ]: Finished loading project [  1.14s]
15:55:11.823224 [info ]: Started parsing
15:55:12.307303 [debug]: Finished parsing models/silver/schema.yml [  0.01s]
15:55:12.309276 [debug]: Finished parsing models/sources.yml [  0.00s]
15:55:12.337018 [debug]: Finished parsing models/bronze/cyto_backlog_bronze.sql [  0.01s]
15:55:12.347015 [debug]: Finished parsing models/bronze/date_filter_bronze.sql [  0.01s]
15:55:12.349964 [debug]: Finished parsing models/bronze/powerpath_cyto_biopsy_bronze.sql [  0.00s]
15:55:12.353007 [debug]: Finished parsing models/silver/powerpath_cyto_biopsy_silver.sql [  0.00s]
15:55:12.383292 [warn ]: [UnusedResourceConfigPath (dbt1097)]: Configuration paths exist in your dbt_project.yml file which do not apply to any resources.
There are 1 unused configuration paths:
- models.lab_dbt.gold
15:55:12.408873 [info ]: Cached model count updated: 4 models (estimate)
15:55:12.408900 [info ]: Cached model count updated: 4 models (accurate)
15:55:12.412887 [info ]: Started scheduling
15:55:12.416905 [info ]: Finished scheduling [  0.00s]
15:55:12.417289 [debug]: Compilation - 0 nodes selected: {}
15:55:12.418441 [warn ]: [NoNodesForSelectionCriteria (dbt1092)]: The selection criterion '' does not match any enabled nodes
15:55:12.418594 [warn ]: [NoNodesSelected (dbt1601)]: Nothing to do. Try checking your model configs and model specification args
15:55:12.418960 [info ]: Started scheduling
15:55:12.420355 [info ]: Finished scheduling [  0.00s]
15:55:12.432101 [debug]: Initializing schema store with entry: Frontier(CanonicalFqn { catalog: "opsanalytics_adb_workspace01", schema: "lab", table: "powerpath_cyto_biopsy_historical" }) and interval: None
15:55:12.432577 [debug]: Initializing schema store with entry: Frontier(CanonicalFqn { catalog: "opsanalytics_adb_workspace01", schema: "lab", table: "mshs_holidays" }) and interval: None
15:55:12.432639 [debug]: Initializing schema store with entry: Frontier(CanonicalFqn { catalog: "opsanalytics_adb_workspace01", schema: "lab", table: "lab_kpi_ap_patient_setting" }) and interval: None
15:55:12.432685 [debug]: Initializing schema store with entry: Frontier(CanonicalFqn { catalog: "opsanalytics_adb_workspace01", schema: "lab", table: "powerpath_raw" }) and interval: None
15:55:12.615695 [info ]: Started building task graph
15:55:12.617963 [info ]: Finished building task graph [  0.00s]
15:55:12.695898 [info ]: Started scheduling
15:55:12.695972 [info ]: Finished scheduling [  0.00s]
15:55:12.699726 [info ]: Finished parsing [  0.88s]
15:55:12.733733 [info ]: Cached model count updated: 4 models (accurate)
15:55:14.276777 [info ]: Started loading project
15:55:14.277835 [info ]: Loading ~/.dbt/profiles.yml
15:55:14.363093 [info ]: Cached model count updated: 4 models (estimate)
15:55:14.363111 [info ]: Cached model count updated: 4 models (accurate)
15:55:14.363162 [info ]: Started scheduling
15:55:14.363235 [info ]: Finished scheduling [  0.00s]
15:55:14.363253 [debug]: Compilation - 3 nodes selected: {"model.lab_dbt.date_filter_bronze", "model.lab_dbt.powerpath_cyto_biopsy_bronze", "model.lab_dbt.powerpath_cyto_biopsy_silver"}
15:55:14.456099 [info ]: Started building task graph
15:55:14.460053 [info ]: Finished building task graph [  0.00s]
15:55:14.474494 [info ]: Started rendering (3 nodes)
15:55:14.475991 [info ]: Started model lab_staging.powerpath_cyto_biopsy_silver
15:55:14.476538 [debug]: Started rendering model lab_staging.powerpath_cyto_biopsy_silver
15:55:14.477361 [info ]: Started model lab_staging.powerpath_cyto_biopsy_bronze
15:55:14.477410 [info ]: Finished loading project [  0.20s]
15:55:14.477509 [debug]: Started rendering model lab_staging.powerpath_cyto_biopsy_bronze
15:55:14.477868 [info ]: Started model lab_staging.date_filter_bronze
15:55:14.477903 [debug]: Started rendering model lab_staging.date_filter_bronze
15:55:14.492774 [debug]: Compiled SQL for node model.lab_dbt.powerpath_cyto_biopsy_bronze at target\.lsp\compiled\lab_dbt\models\bronze\powerpath_cyto_biopsy_bronze.sql
15:55:14.492831 [debug]: Compiled SQL for node model.lab_dbt.date_filter_bronze at target\.lsp\compiled\lab_dbt\models\bronze\date_filter_bronze.sql
15:55:14.492807 [debug]: Compiled SQL for node model.lab_dbt.powerpath_cyto_biopsy_silver at target\.lsp\compiled\lab_dbt\models\silver\powerpath_cyto_biopsy_silver.sql
15:55:14.494655 [debug]: Finished rendering [  0.02s] model lab_staging.powerpath_cyto_biopsy_bronze [success]
15:55:14.495280 [info ]: Started analyzing (3 nodes)
15:55:14.495299 [debug]: Started analyzing model lab_staging.powerpath_cyto_biopsy_bronze
15:55:14.495622 [debug]: Finished rendering [  0.02s] model lab_staging.date_filter_bronze [success]
15:55:14.495644 [debug]: Started analyzing model lab_staging.date_filter_bronze
15:55:14.495671 [debug]: Finished rendering [  0.02s] model lab_staging.powerpath_cyto_biopsy_silver [success]
15:55:14.495685 [info ]: Finished rendering [  0.02s] (3 nodes, 0 skipped, 0 errors)
15:55:14.495698 [debug]: Started analyzing model lab_staging.powerpath_cyto_biopsy_silver
15:55:14.517107 [debug]: Finished analyzing [  0.02s] model lab_staging.powerpath_cyto_biopsy_bronze [success]
15:55:14.517153 [info ]:  Succeeded [  0.04s] model lab_staging.powerpath_cyto_biopsy_bronze (table)
15:55:14.517355 [debug]: Finished analyzing [  0.02s] model lab_staging.date_filter_bronze [success]
15:55:14.517366 [info ]:  Succeeded [  0.04s] model lab_staging.date_filter_bronze (table)
15:55:14.517866 [debug]: Finished analyzing [  0.02s] model lab_staging.powerpath_cyto_biopsy_silver [success]
15:55:14.517883 [info ]: Finished analyzing [  0.02s] (3 nodes, 0 skipped, 0 errors)
15:55:14.517892 [info ]:  Succeeded [  0.04s] model lab_staging.powerpath_cyto_biopsy_silver (table)
15:55:14.523810 [info ]: Started scheduling
15:55:14.523861 [info ]: Finished scheduling [  0.00s]
15:55:14.525448 [info ]: Cached model count updated: 4 models (accurate)
15:55:15.308817 [info ]: Started loading project
15:55:15.311137 [info ]: Loading ~/.dbt/profiles.yml
15:55:15.340731 [info ]: Started parsing
15:55:15.449420 [info ]: Finished loading project [  0.14s]
15:55:15.459557 [debug]: Finished parsing models/bronze/cyto_backlog_bronze.sql [  0.00s]
15:55:15.463394 [error]: [DependencyNotFound (dbt1048)]: Source 'lab.cyto_backlog_raw' not found in project. Searched for 'cyto_backlog_raw'
  --> models/bronze/cyto_backlog_bronze.sql:7:6
15:55:15.463675 [error]: [DependencyNotFound (dbt1048)]: Source 'lab.lab_kpi_ap_tat_targets' not found in project. Searched for 'lab_kpi_ap_tat_targets'
  --> models/bronze/cyto_backlog_bronze.sql:10:11
15:55:15.465325 [warn ]: [UnusedResourceConfigPath (dbt1097)]: Configuration paths exist in your dbt_project.yml file which do not apply to any resources.
There are 1 unused configuration paths:
- models.lab_dbt.gold
15:55:15.477972 [info ]: Cached model count updated: 4 models (estimate)
15:55:15.477991 [info ]: Cached model count updated: 4 models (accurate)
15:55:15.478023 [info ]: Started scheduling
15:55:15.480148 [info ]: Finished scheduling [  0.00s]
15:55:15.480173 [debug]: Compilation - 1 nodes selected: {"model.lab_dbt.cyto_backlog_bronze"}
15:55:15.572159 [info ]: Started building task graph
15:55:15.572213 [info ]: Finished building task graph [  0.00s]
15:55:15.583232 [info ]: Started rendering (1 nodes)
15:55:15.583263 [info ]: Started model lab_staging.cyto_backlog_bronze
15:55:15.583320 [debug]: Started rendering model lab_staging.cyto_backlog_bronze
15:55:15.583383 [info ]: Finished parsing [  0.24s]
15:55:15.585602 [error]: [JinjaError (dbt1501)]: Failed to render SQL not a key type: Source not found for source name: lab, table name: cyto_backlog_raw
(in models/bronze/cyto_backlog_bronze.sql:7:6)
  --> models/bronze/cyto_backlog_bronze.sql:7:6
15:55:15.585678 [info ]: Started analyzing (1 nodes)
15:55:15.585692 [debug]: Started analyzing model lab_staging.cyto_backlog_bronze
15:55:15.586004 [debug]: Finished analyzing [  0.00s] model lab_staging.cyto_backlog_bronze [skipped]
15:55:15.586022 [info ]: Finished analyzing [  0.00s] (1 nodes, 1 skipped, 0 errors)
15:55:15.586031 [info ]:     Failed [  0.00s] model lab_staging.cyto_backlog_bronze (table)
15:55:15.592184 [info ]: Started scheduling
15:55:15.592310 [info ]: Finished scheduling [  0.00s]
15:55:15.594960 [info ]: Cached model count updated: 4 models (accurate)
15:55:15.595014 [debug]: Finished rendering [  0.01s] model lab_staging.cyto_backlog_bronze [error]
15:55:15.595032 [info ]: Finished rendering [  0.01s] (1 nodes, 0 skipped, 1 errors)
15:55:17.144039 [info ]: Started loading project
15:55:17.145476 [info ]: Loading ~/.dbt/profiles.yml
15:55:17.218276 [info ]: Cached model count updated: 4 models (estimate)
15:55:17.218309 [info ]: Cached model count updated: 4 models (accurate)
15:55:17.218349 [info ]: Started scheduling
15:55:17.218463 [info ]: Finished scheduling [  0.00s]
15:55:17.218499 [debug]: Compilation - 4 nodes selected: {"model.lab_dbt.cyto_backlog_bronze", "model.lab_dbt.date_filter_bronze", "model.lab_dbt.powerpath_cyto_biopsy_bronze", "model.lab_dbt.powerpath_cyto_biopsy_silver"}
15:55:17.323814 [info ]: Started building task graph
15:55:17.323904 [info ]: Finished building task graph [  0.00s]
15:55:17.336921 [info ]: Started rendering (4 nodes)
15:55:17.336961 [info ]: Started model lab_staging.powerpath_cyto_biopsy_silver
15:55:17.336977 [debug]: Started rendering model lab_staging.powerpath_cyto_biopsy_silver
15:55:17.337017 [info ]: Started model lab_staging.powerpath_cyto_biopsy_bronze
15:55:17.337029 [debug]: Started rendering model lab_staging.powerpath_cyto_biopsy_bronze
15:55:17.337068 [info ]: Started model lab_staging.date_filter_bronze
15:55:17.337068 [info ]: Finished loading project [  0.19s]
15:55:17.337084 [debug]: Started rendering model lab_staging.date_filter_bronze
15:55:17.337102 [info ]: Started model lab_staging.cyto_backlog_bronze
15:55:17.337118 [debug]: Started rendering model lab_staging.cyto_backlog_bronze
15:55:17.339739 [error]: [JinjaError (dbt1501)]: Failed to render SQL not a key type: Source not found for source name: lab, table name: cyto_backlog_raw
(in models/bronze/cyto_backlog_bronze.sql:7:6)
  --> models/bronze/cyto_backlog_bronze.sql:7:6
15:55:17.339811 [info ]: Started analyzing (4 nodes)
15:55:17.339823 [debug]: Started analyzing model lab_staging.cyto_backlog_bronze
15:55:17.339849 [debug]: Finished analyzing [  0.00s] model lab_staging.cyto_backlog_bronze [skipped]
15:55:17.339874 [info ]:     Failed [  0.00s] model lab_staging.cyto_backlog_bronze (table)
15:55:17.339941 [debug]: Finished rendering [  0.00s] model lab_staging.cyto_backlog_bronze [error]
15:55:17.343576 [debug]: Compiled SQL for node model.lab_dbt.powerpath_cyto_biopsy_bronze at target\.lsp\compiled\lab_dbt\models\bronze\powerpath_cyto_biopsy_bronze.sql
15:55:17.343603 [debug]: Compiled SQL for node model.lab_dbt.powerpath_cyto_biopsy_silver at target\.lsp\compiled\lab_dbt\models\silver\powerpath_cyto_biopsy_silver.sql
15:55:17.344003 [debug]: Finished rendering [  0.01s] model lab_staging.powerpath_cyto_biopsy_bronze [success]
15:55:17.344051 [debug]: Started analyzing model lab_staging.powerpath_cyto_biopsy_bronze
15:55:17.344090 [debug]: Finished rendering [  0.01s] model lab_staging.powerpath_cyto_biopsy_silver [success]
15:55:17.344109 [debug]: Started analyzing model lab_staging.powerpath_cyto_biopsy_silver
15:55:17.345441 [debug]: Finished analyzing [  0.00s] model lab_staging.powerpath_cyto_biopsy_bronze [success]
15:55:17.345475 [info ]:  Succeeded [  0.01s] model lab_staging.powerpath_cyto_biopsy_bronze (table)
15:55:17.351440 [debug]: Compiled SQL for node model.lab_dbt.date_filter_bronze at target\.lsp\compiled\lab_dbt\models\bronze\date_filter_bronze.sql
15:55:17.351577 [debug]: Finished rendering [  0.01s] model lab_staging.date_filter_bronze [success]
15:55:17.351608 [info ]: Finished rendering [  0.01s] (4 nodes, 0 skipped, 1 errors)
15:55:17.351635 [debug]: Started analyzing model lab_staging.date_filter_bronze
15:55:17.351907 [debug]: Finished analyzing [  0.01s] model lab_staging.powerpath_cyto_biopsy_silver [success]
15:55:17.351933 [info ]:  Succeeded [  0.01s] model lab_staging.powerpath_cyto_biopsy_silver (table)
15:55:17.353015 [debug]: Finished analyzing [  0.00s] model lab_staging.date_filter_bronze [success]
15:55:17.353043 [info ]: Finished analyzing [  0.01s] (4 nodes, 1 skipped, 0 errors)
15:55:17.353061 [info ]:  Succeeded [  0.01s] model lab_staging.date_filter_bronze (table)
15:55:17.359865 [info ]: Started scheduling
15:55:17.359935 [info ]: Finished scheduling [  0.00s]
15:55:17.361765 [info ]: Cached model count updated: 4 models (accurate)
15:56:18.813802 [info ]: Started loading project
15:56:18.814788 [info ]: Loading ~/.dbt/profiles.yml
15:56:18.838344 [info ]: Started parsing
15:56:18.943286 [info ]: Finished loading project [  0.13s]
15:56:18.948449 [debug]: Finished parsing models/silver/schema.yml [  0.00s]
15:56:18.949011 [debug]: Finished parsing models/sources.yml [  0.00s]
15:56:18.950918 [debug]: Finished parsing models/bronze/cyto_backlog_bronze.sql [  0.00s]
15:56:18.951790 [debug]: Finished parsing models/bronze/date_filter_bronze.sql [  0.00s]
15:56:18.952765 [debug]: Finished parsing models/bronze/powerpath_cyto_biopsy_bronze.sql [  0.00s]
15:56:18.954000 [debug]: Finished parsing models/silver/powerpath_cyto_biopsy_silver.sql [  0.00s]
15:56:18.960822 [warn ]: [UnusedResourceConfigPath (dbt1097)]: Configuration paths exist in your dbt_project.yml file which do not apply to any resources.
There are 1 unused configuration paths:
- models.lab_dbt.gold
15:56:18.965595 [info ]: Cached model count updated: 4 models (estimate)
15:56:18.965613 [info ]: Cached model count updated: 4 models (accurate)
15:56:18.965648 [info ]: Started scheduling
15:56:18.965826 [info ]: Finished scheduling [  0.00s]
15:56:18.965843 [debug]: Compilation - 4 nodes selected: {"model.lab_dbt.cyto_backlog_bronze", "model.lab_dbt.date_filter_bronze", "model.lab_dbt.powerpath_cyto_biopsy_bronze", "model.lab_dbt.powerpath_cyto_biopsy_silver"}
15:56:19.048471 [info ]: Started building task graph
15:56:19.048578 [info ]: Finished building task graph [  0.00s]
15:56:19.060171 [info ]: Started rendering (4 nodes)
15:56:19.060222 [info ]: Started model lab_staging.powerpath_cyto_biopsy_silver
15:56:19.060235 [debug]: Started rendering model lab_staging.powerpath_cyto_biopsy_silver
15:56:19.060319 [info ]: Started model lab_staging.powerpath_cyto_biopsy_bronze
15:56:19.060329 [info ]: Finished parsing [  0.22s]
15:56:19.060623 [debug]: Started rendering model lab_staging.powerpath_cyto_biopsy_bronze
15:56:19.060663 [info ]: Started model lab_staging.date_filter_bronze
15:56:19.060678 [debug]: Started rendering model lab_staging.date_filter_bronze
15:56:19.060704 [info ]: Started model lab_staging.cyto_backlog_bronze
15:56:19.060716 [debug]: Started rendering model lab_staging.cyto_backlog_bronze
15:56:19.066308 [debug]: Compiled SQL for node model.lab_dbt.powerpath_cyto_biopsy_bronze at target\.lsp\compiled\lab_dbt\models\bronze\powerpath_cyto_biopsy_bronze.sql
15:56:19.066479 [debug]: Finished rendering [  0.01s] model lab_staging.powerpath_cyto_biopsy_bronze [success]
15:56:19.066528 [info ]: Started analyzing (4 nodes)
15:56:19.066542 [debug]: Started analyzing model lab_staging.powerpath_cyto_biopsy_bronze
15:56:19.066554 [debug]: Compiled SQL for node model.lab_dbt.powerpath_cyto_biopsy_silver at target\.lsp\compiled\lab_dbt\models\silver\powerpath_cyto_biopsy_silver.sql
15:56:19.066671 [debug]: Finished rendering [  0.01s] model lab_staging.powerpath_cyto_biopsy_silver [success]
15:56:19.066700 [debug]: Started analyzing model lab_staging.powerpath_cyto_biopsy_silver
15:56:19.067644 [debug]: Finished analyzing [  0.00s] model lab_staging.powerpath_cyto_biopsy_bronze [success]
15:56:19.067683 [info ]:  Succeeded [  0.01s] model lab_staging.powerpath_cyto_biopsy_bronze (table)
15:56:19.068015 [debug]: Compiled SQL for node model.lab_dbt.date_filter_bronze at target\.lsp\compiled\lab_dbt\models\bronze\date_filter_bronze.sql
15:56:19.068140 [debug]: Compiled SQL for node model.lab_dbt.cyto_backlog_bronze at target\.lsp\compiled\lab_dbt\models\bronze\cyto_backlog_bronze.sql
15:56:19.068516 [debug]: Finished rendering [  0.01s] model lab_staging.date_filter_bronze [success]
15:56:19.068553 [debug]: Started analyzing model lab_staging.date_filter_bronze
15:56:19.068594 [debug]: Finished rendering [  0.01s] model lab_staging.cyto_backlog_bronze [success]
15:56:19.068610 [info ]: Finished rendering [  0.01s] (4 nodes, 0 skipped, 0 errors)
15:56:19.068625 [debug]: Started analyzing model lab_staging.cyto_backlog_bronze
15:56:19.070177 [debug]: Finished analyzing [  0.00s] model lab_staging.date_filter_bronze [success]
15:56:19.070201 [info ]:  Succeeded [  0.01s] model lab_staging.date_filter_bronze (table)
15:56:19.071590 [debug]: Finished analyzing [  0.00s] model lab_staging.powerpath_cyto_biopsy_silver [success]
15:56:19.071631 [info ]:  Succeeded [  0.01s] model lab_staging.powerpath_cyto_biopsy_silver (table)
15:56:19.086130 [debug]: Finished analyzing [  0.02s] model lab_staging.cyto_backlog_bronze [success]
15:56:19.086156 [info ]: Finished analyzing [  0.02s] (4 nodes, 0 skipped, 0 errors)
15:56:19.086171 [info ]:  Succeeded [  0.02s] model lab_staging.cyto_backlog_bronze (table)
15:56:19.092244 [info ]: Started scheduling
15:56:19.092501 [info ]: Finished scheduling [  0.00s]
15:56:19.095255 [info ]: Cached model count updated: 4 models (accurate)
15:56:20.677100 [info ]: Started loading project
15:56:20.678265 [info ]: Loading ~/.dbt/profiles.yml
15:56:20.739800 [info ]: Cached model count updated: 4 models (estimate)
15:56:20.739819 [info ]: Cached model count updated: 4 models (accurate)
15:56:20.739847 [info ]: Started scheduling
15:56:20.739926 [info ]: Finished scheduling [  0.00s]
15:56:20.739942 [debug]: Compilation - 4 nodes selected: {"model.lab_dbt.cyto_backlog_bronze", "model.lab_dbt.date_filter_bronze", "model.lab_dbt.powerpath_cyto_biopsy_bronze", "model.lab_dbt.powerpath_cyto_biopsy_silver"}
15:56:20.850147 [info ]: Started building task graph
15:56:20.850243 [info ]: Finished building task graph [  0.00s]
15:56:20.870505 [info ]: Started rendering (4 nodes)
15:56:20.870543 [info ]: Started model lab_staging.powerpath_cyto_biopsy_silver
15:56:20.870559 [debug]: Started rendering model lab_staging.powerpath_cyto_biopsy_silver
15:56:20.870633 [info ]: Started model lab_staging.powerpath_cyto_biopsy_bronze
15:56:20.870653 [debug]: Started rendering model lab_staging.powerpath_cyto_biopsy_bronze
15:56:20.870664 [info ]: Finished loading project [  0.19s]
15:56:20.870679 [info ]: Started model lab_staging.date_filter_bronze
15:56:20.870696 [debug]: Started rendering model lab_staging.date_filter_bronze
15:56:20.870714 [info ]: Started model lab_staging.cyto_backlog_bronze
15:56:20.870734 [debug]: Started rendering model lab_staging.cyto_backlog_bronze
15:56:20.873173 [debug]: Compiled SQL for node model.lab_dbt.date_filter_bronze at target\.lsp\compiled\lab_dbt\models\bronze\date_filter_bronze.sql
15:56:20.873173 [debug]: Compiled SQL for node model.lab_dbt.powerpath_cyto_biopsy_silver at target\.lsp\compiled\lab_dbt\models\silver\powerpath_cyto_biopsy_silver.sql
15:56:20.875660 [debug]: Finished rendering [  0.01s] model lab_staging.powerpath_cyto_biopsy_silver [success]
15:56:20.875791 [info ]: Started analyzing (4 nodes)
15:56:20.876135 [debug]: Started analyzing model lab_staging.powerpath_cyto_biopsy_silver
15:56:20.876205 [debug]: Finished rendering [  0.01s] model lab_staging.date_filter_bronze [success]
15:56:20.876229 [debug]: Started analyzing model lab_staging.date_filter_bronze
15:56:20.876608 [debug]: Compiled SQL for node model.lab_dbt.cyto_backlog_bronze at target\.lsp\compiled\lab_dbt\models\bronze\cyto_backlog_bronze.sql
15:56:20.876895 [debug]: Compiled SQL for node model.lab_dbt.powerpath_cyto_biopsy_bronze at target\.lsp\compiled\lab_dbt\models\bronze\powerpath_cyto_biopsy_bronze.sql
15:56:20.877720 [debug]: Finished analyzing [  0.00s] model lab_staging.date_filter_bronze [success]
15:56:20.877749 [info ]:  Succeeded [  0.01s] model lab_staging.date_filter_bronze (table)
15:56:20.877928 [debug]: Finished rendering [  0.01s] model lab_staging.cyto_backlog_bronze [success]
15:56:20.877967 [debug]: Started analyzing model lab_staging.cyto_backlog_bronze
15:56:20.879599 [debug]: Finished rendering [  0.01s] model lab_staging.powerpath_cyto_biopsy_bronze [success]
15:56:20.879630 [info ]: Finished rendering [  0.01s] (4 nodes, 0 skipped, 0 errors)
15:56:20.879657 [debug]: Started analyzing model lab_staging.powerpath_cyto_biopsy_bronze
15:56:20.879792 [debug]: Finished analyzing [  0.00s] model lab_staging.cyto_backlog_bronze [success]
15:56:20.879811 [info ]:  Succeeded [  0.01s] model lab_staging.cyto_backlog_bronze (table)
15:56:20.880206 [debug]: Finished analyzing [  0.00s] model lab_staging.powerpath_cyto_biopsy_silver [success]
15:56:20.880232 [info ]:  Succeeded [  0.01s] model lab_staging.powerpath_cyto_biopsy_silver (table)
15:56:20.880758 [debug]: Finished analyzing [  0.00s] model lab_staging.powerpath_cyto_biopsy_bronze [success]
15:56:20.880780 [info ]: Finished analyzing [  0.00s] (4 nodes, 0 skipped, 0 errors)
15:56:20.880796 [info ]:  Succeeded [  0.01s] model lab_staging.powerpath_cyto_biopsy_bronze (table)
15:56:20.890921 [info ]: Started scheduling
15:56:20.891455 [info ]: Finished scheduling [  0.00s]
15:56:20.893588 [info ]: Cached model count updated: 4 models (accurate)
18:13:17.458770 [info ]: Started loading project
18:13:17.476459 [info ]: Loading ~/.dbt/profiles.yml
18:13:17.677753 [info ]: Started loading project
18:13:17.679156 [info ]: Loading ~/.dbt/profiles.yml
18:13:17.679203 [info ]: Finished loading project [  0.22s]
18:13:17.844927 [info ]:    Started resolving packages from packages.yml
18:13:18.309726 [info ]:   Finished [  0.46s] resolving packages from packages.yml (1 items)
18:13:18.310571 [debug]:    Started loading packages
18:13:18.337840 [debug]:     Loaded [  0.03s] packages
18:13:18.340678 [info ]: Finished loading project [  0.66s]
18:13:18.343634 [info ]: Started parsing
18:13:18.645146 [debug]: Finished parsing models/silver/schema.yml [  0.01s]
18:13:18.647598 [debug]: Finished parsing models/sources.yml [  0.00s]
18:13:18.673700 [debug]: Finished parsing models/bronze/cyto_backlog_bronze.sql [  0.02s]
18:13:18.676625 [debug]: Finished parsing models/bronze/date_filter_bronze.sql [  0.00s]
18:13:18.678190 [debug]: Finished parsing models/bronze/powerpath_cyto_biopsy_bronze.sql [  0.00s]
18:13:18.681872 [debug]: Finished parsing models/silver/powerpath_cyto_biopsy_silver.sql [  0.00s]
18:13:18.712923 [warn ]: [UnusedResourceConfigPath (dbt1097)]: Configuration paths exist in your dbt_project.yml file which do not apply to any resources.
There are 1 unused configuration paths:
- models.lab_dbt.gold
18:13:18.725596 [info ]: Cached model count updated: 4 models (estimate)
18:13:18.725616 [info ]: Cached model count updated: 4 models (accurate)
18:13:18.726818 [info ]: Started scheduling
18:13:18.730980 [info ]: Finished scheduling [  0.00s]
18:13:18.731751 [debug]: Compilation - 0 nodes selected: {}
18:13:18.732658 [warn ]: [NoNodesForSelectionCriteria (dbt1092)]: The selection criterion '' does not match any enabled nodes
18:13:18.732686 [warn ]: [NoNodesSelected (dbt1601)]: Nothing to do. Try checking your model configs and model specification args
18:13:18.733043 [info ]: Started scheduling
18:13:18.734223 [info ]: Finished scheduling [  0.00s]
18:13:18.736829 [debug]: Initializing schema store with entry: Frontier(CanonicalFqn { catalog: "opsanalytics_adb_workspace01", schema: "lab", table: "lab_kpi_ap_patient_setting" }) and interval: None
18:13:18.737174 [debug]: Initializing schema store with entry: Frontier(CanonicalFqn { catalog: "opsanalytics_adb_workspace01", schema: "lab", table: "mshs_holidays" }) and interval: None
18:13:18.737226 [debug]: Initializing schema store with entry: Frontier(CanonicalFqn { catalog: "opsanalytics_adb_workspace01", schema: "lab", table: "powerpath_raw" }) and interval: None
18:13:18.737262 [debug]: Initializing schema store with entry: Frontier(CanonicalFqn { catalog: "opsanalytics_adb_workspace01", schema: "lab", table: "cyto_backlog_raw" }) and interval: None
18:13:18.737477 [debug]: Initializing schema store with entry: Frontier(CanonicalFqn { catalog: "opsanalytics_adb_workspace01", schema: "lab", table: "powerpath_cyto_biopsy_historical" }) and interval: None
18:13:18.737563 [debug]: Initializing schema store with entry: Frontier(CanonicalFqn { catalog: "opsanalytics_adb_workspace01", schema: "lab", table: "lab_kpi_ap_tat_targets" }) and interval: None
18:13:18.865396 [info ]: Started building task graph
18:13:18.865590 [info ]: Finished building task graph [  0.00s]
18:13:18.928910 [info ]: Started scheduling
18:13:18.928987 [info ]: Finished scheduling [  0.00s]
18:13:18.935177 [info ]: Cached model count updated: 4 models (accurate)
18:13:18.935280 [info ]: Finished parsing [  0.59s]
18:13:20.484188 [info ]: Started loading project
18:13:20.485482 [info ]: Loading ~/.dbt/profiles.yml
18:13:20.575033 [info ]: Cached model count updated: 4 models (estimate)
18:13:20.575067 [info ]: Cached model count updated: 4 models (accurate)
18:13:20.575095 [info ]: Started scheduling
18:13:20.575175 [info ]: Finished scheduling [  0.00s]
18:13:20.575191 [debug]: Compilation - 4 nodes selected: {"model.lab_dbt.cyto_backlog_bronze", "model.lab_dbt.date_filter_bronze", "model.lab_dbt.powerpath_cyto_biopsy_bronze", "model.lab_dbt.powerpath_cyto_biopsy_silver"}
18:13:20.661760 [info ]: Started building task graph
18:13:20.662720 [info ]: Finished building task graph [  0.00s]
18:13:20.673508 [info ]: Started rendering (4 nodes)
18:13:20.674010 [info ]: Started model lab_staging.powerpath_cyto_biopsy_silver
18:13:20.674033 [debug]: Started rendering model lab_staging.powerpath_cyto_biopsy_silver
18:13:20.674063 [info ]: Started model lab_staging.powerpath_cyto_biopsy_bronze
18:13:20.674071 [debug]: Started rendering model lab_staging.powerpath_cyto_biopsy_bronze
18:13:20.674085 [info ]: Started model lab_staging.date_filter_bronze
18:13:20.674091 [debug]: Started rendering model lab_staging.date_filter_bronze
18:13:20.674132 [info ]: Started model lab_staging.cyto_backlog_bronze
18:13:20.674139 [info ]: Finished loading project [  0.19s]
18:13:20.674162 [debug]: Started rendering model lab_staging.cyto_backlog_bronze
18:13:20.685251 [debug]: Compiled SQL for node model.lab_dbt.powerpath_cyto_biopsy_bronze at target\.lsp\compiled\lab_dbt\models\bronze\powerpath_cyto_biopsy_bronze.sql
18:13:20.685485 [debug]: Compiled SQL for node model.lab_dbt.powerpath_cyto_biopsy_silver at target\.lsp\compiled\lab_dbt\models\silver\powerpath_cyto_biopsy_silver.sql
18:13:20.685550 [debug]: Compiled SQL for node model.lab_dbt.date_filter_bronze at target\.lsp\compiled\lab_dbt\models\bronze\date_filter_bronze.sql
18:13:20.685642 [debug]: Compiled SQL for node model.lab_dbt.cyto_backlog_bronze at target\.lsp\compiled\lab_dbt\models\bronze\cyto_backlog_bronze.sql
18:13:20.686147 [debug]: Finished rendering [  0.01s] model lab_staging.powerpath_cyto_biopsy_bronze [success]
18:13:20.686631 [info ]: Started analyzing (4 nodes)
18:13:20.686647 [debug]: Started analyzing model lab_staging.powerpath_cyto_biopsy_bronze
18:13:20.686835 [debug]: Finished rendering [  0.01s] model lab_staging.date_filter_bronze [success]
18:13:20.686858 [debug]: Started analyzing model lab_staging.date_filter_bronze
18:13:20.687070 [debug]: Finished rendering [  0.01s] model lab_staging.powerpath_cyto_biopsy_silver [success]
18:13:20.687092 [debug]: Started analyzing model lab_staging.powerpath_cyto_biopsy_silver
18:13:20.687121 [debug]: Finished rendering [  0.01s] model lab_staging.cyto_backlog_bronze [success]
18:13:20.687132 [info ]: Finished rendering [  0.01s] (4 nodes, 0 skipped, 0 errors)
18:13:20.687140 [debug]: Started analyzing model lab_staging.cyto_backlog_bronze
18:13:20.703880 [debug]: Finished analyzing [  0.02s] model lab_staging.powerpath_cyto_biopsy_bronze [success]
18:13:20.703919 [info ]:  Succeeded [  0.03s] model lab_staging.powerpath_cyto_biopsy_bronze (table)
18:13:20.704613 [debug]: Finished analyzing [  0.02s] model lab_staging.date_filter_bronze [success]
18:13:20.704637 [info ]:  Succeeded [  0.03s] model lab_staging.date_filter_bronze (table)
18:13:20.704779 [debug]: Finished analyzing [  0.02s] model lab_staging.cyto_backlog_bronze [success]
18:13:20.704806 [info ]:  Succeeded [  0.03s] model lab_staging.cyto_backlog_bronze (table)
18:13:20.707516 [debug]: Finished analyzing [  0.02s] model lab_staging.powerpath_cyto_biopsy_silver [success]
18:13:20.707549 [info ]: Finished analyzing [  0.02s] (4 nodes, 0 skipped, 0 errors)
18:13:20.707565 [info ]:  Succeeded [  0.03s] model lab_staging.powerpath_cyto_biopsy_silver (table)
18:13:20.715882 [info ]: Started scheduling
18:13:20.716237 [info ]: Finished scheduling [  0.00s]
18:13:20.717439 [info ]: Cached model count updated: 4 models (accurate)
18:13:21.056448 [info ]: Loading ~/.dbt/profiles.yml
18:20:45.094825 [info ]: Started loading project
18:20:45.097091 [info ]: Loading ~/.dbt/profiles.yml
18:20:45.141425 [info ]: Started parsing
18:20:45.278133 [info ]: Finished loading project [  0.18s]
18:20:45.286422 [debug]: Finished parsing models/silver/schema.yml [  0.00s]
18:20:45.290570 [debug]: Finished parsing models/silver/powerpath_cyto_biopsy_silver.sql [  0.00s]
18:20:45.292902 [warn ]: [NoNodeForYamlKey (dbt1089)]: Unused schema.yml entry for model 'cyto_backlog_silver'
  --> models/silver/schema.yml
18:20:45.296851 [warn ]: [UnusedResourceConfigPath (dbt1097)]: Configuration paths exist in your dbt_project.yml file which do not apply to any resources.
There are 1 unused configuration paths:
- models.lab_dbt.gold
18:20:45.303234 [info ]: Cached model count updated: 4 models (estimate)
18:20:45.303252 [info ]: Cached model count updated: 4 models (accurate)
18:20:45.303281 [info ]: Started scheduling
18:20:45.304680 [info ]: Finished scheduling [  0.00s]
18:20:45.304699 [debug]: Compilation - 3 nodes selected: {"model.lab_dbt.date_filter_bronze", "model.lab_dbt.powerpath_cyto_biopsy_bronze", "model.lab_dbt.powerpath_cyto_biopsy_silver"}
18:20:45.385764 [info ]: Started building task graph
18:20:45.385847 [info ]: Finished building task graph [  0.00s]
18:20:45.407623 [info ]: Started rendering (3 nodes)
18:20:45.407674 [info ]: Started model lab_staging.powerpath_cyto_biopsy_silver
18:20:45.407693 [debug]: Started rendering model lab_staging.powerpath_cyto_biopsy_silver
18:20:45.407746 [info ]: Started model lab_staging.powerpath_cyto_biopsy_bronze
18:20:45.407771 [debug]: Started rendering model lab_staging.powerpath_cyto_biopsy_bronze
18:20:45.407786 [info ]: Started model lab_staging.date_filter_bronze
18:20:45.407793 [debug]: Started rendering model lab_staging.date_filter_bronze
18:20:45.407846 [info ]: Finished parsing [  0.27s]
18:20:45.412302 [debug]: Compiled SQL for node model.lab_dbt.date_filter_bronze at target\.lsp\compiled\lab_dbt\models\bronze\date_filter_bronze.sql
18:20:45.412302 [debug]: Compiled SQL for node model.lab_dbt.powerpath_cyto_biopsy_bronze at target\.lsp\compiled\lab_dbt\models\bronze\powerpath_cyto_biopsy_bronze.sql
18:20:45.412639 [debug]: Finished rendering [  0.00s] model lab_staging.date_filter_bronze [success]
18:20:45.412694 [info ]: Started analyzing (3 nodes)
18:20:45.412706 [debug]: Started analyzing model lab_staging.date_filter_bronze
18:20:45.412738 [debug]: Finished rendering [  0.00s] model lab_staging.powerpath_cyto_biopsy_bronze [success]
18:20:45.412760 [debug]: Started analyzing model lab_staging.powerpath_cyto_biopsy_bronze
18:20:45.413994 [debug]: Compiled SQL for node model.lab_dbt.powerpath_cyto_biopsy_silver at target\.lsp\compiled\lab_dbt\models\silver\powerpath_cyto_biopsy_silver.sql
18:20:45.414128 [debug]: Finished rendering [  0.01s] model lab_staging.powerpath_cyto_biopsy_silver [success]
18:20:45.414152 [info ]: Finished rendering [  0.01s] (3 nodes, 0 skipped, 0 errors)
18:20:45.414177 [debug]: Started analyzing model lab_staging.powerpath_cyto_biopsy_silver
18:20:45.419658 [debug]: Finished analyzing [  0.01s] model lab_staging.powerpath_cyto_biopsy_bronze [success]
18:20:45.419696 [info ]:  Succeeded [  0.01s] model lab_staging.powerpath_cyto_biopsy_bronze (table)
18:20:45.420594 [debug]: Finished analyzing [  0.01s] model lab_staging.date_filter_bronze [success]
18:20:45.420623 [info ]:  Succeeded [  0.01s] model lab_staging.date_filter_bronze (table)
18:20:45.422389 [debug]: Finished analyzing [  0.01s] model lab_staging.powerpath_cyto_biopsy_silver [success]
18:20:45.422416 [info ]: Finished analyzing [  0.01s] (3 nodes, 0 skipped, 0 errors)
18:20:45.422886 [info ]:  Succeeded [  0.01s] model lab_staging.powerpath_cyto_biopsy_silver (table)
18:20:45.431012 [info ]: Started scheduling
18:20:45.431237 [info ]: Finished scheduling [  0.00s]
18:20:45.433805 [info ]: Cached model count updated: 4 models (accurate)
18:20:47.001219 [info ]: Started loading project
18:20:47.002708 [info ]: Loading ~/.dbt/profiles.yml
18:20:47.078432 [info ]: Cached model count updated: 4 models (estimate)
18:20:47.078452 [info ]: Cached model count updated: 4 models (accurate)
18:20:47.078486 [info ]: Started scheduling
18:20:47.078584 [info ]: Finished scheduling [  0.00s]
18:20:47.078601 [debug]: Compilation - 4 nodes selected: {"model.lab_dbt.cyto_backlog_bronze", "model.lab_dbt.date_filter_bronze", "model.lab_dbt.powerpath_cyto_biopsy_bronze", "model.lab_dbt.powerpath_cyto_biopsy_silver"}
18:20:47.151268 [info ]: Started building task graph
18:20:47.151342 [info ]: Finished building task graph [  0.00s]
18:20:47.160631 [info ]: Started rendering (4 nodes)
18:20:47.160675 [info ]: Started model lab_staging.powerpath_cyto_biopsy_silver
18:20:47.160873 [debug]: Started rendering model lab_staging.powerpath_cyto_biopsy_silver
18:20:47.160912 [info ]: Started model lab_staging.powerpath_cyto_biopsy_bronze
18:20:47.160922 [debug]: Started rendering model lab_staging.powerpath_cyto_biopsy_bronze
18:20:47.160935 [info ]: Started model lab_staging.date_filter_bronze
18:20:47.160940 [info ]: Finished loading project [  0.16s]
18:20:47.160946 [debug]: Started rendering model lab_staging.date_filter_bronze
18:20:47.160966 [info ]: Started model lab_staging.cyto_backlog_bronze
18:20:47.160978 [debug]: Started rendering model lab_staging.cyto_backlog_bronze
18:20:47.163797 [debug]: Compiled SQL for node model.lab_dbt.date_filter_bronze at target\.lsp\compiled\lab_dbt\models\bronze\date_filter_bronze.sql
18:20:47.163887 [debug]: Finished rendering [  0.00s] model lab_staging.date_filter_bronze [success]
18:20:47.163934 [info ]: Started analyzing (4 nodes)
18:20:47.163947 [debug]: Started analyzing model lab_staging.date_filter_bronze
18:20:47.163797 [debug]: Compiled SQL for node model.lab_dbt.powerpath_cyto_biopsy_bronze at target\.lsp\compiled\lab_dbt\models\bronze\powerpath_cyto_biopsy_bronze.sql
18:20:47.163797 [debug]: Compiled SQL for node model.lab_dbt.powerpath_cyto_biopsy_silver at target\.lsp\compiled\lab_dbt\models\silver\powerpath_cyto_biopsy_silver.sql
18:20:47.164377 [debug]: Finished rendering [  0.00s] model lab_staging.powerpath_cyto_biopsy_silver [success]
18:20:47.164408 [debug]: Started analyzing model lab_staging.powerpath_cyto_biopsy_silver
18:20:47.164432 [debug]: Finished rendering [  0.00s] model lab_staging.powerpath_cyto_biopsy_bronze [success]
18:20:47.164444 [debug]: Started analyzing model lab_staging.powerpath_cyto_biopsy_bronze
18:20:47.165143 [debug]: Compiled SQL for node model.lab_dbt.cyto_backlog_bronze at target\.lsp\compiled\lab_dbt\models\bronze\cyto_backlog_bronze.sql
18:20:47.165232 [debug]: Finished rendering [  0.00s] model lab_staging.cyto_backlog_bronze [success]
18:20:47.165255 [info ]: Finished rendering [  0.00s] (4 nodes, 0 skipped, 0 errors)
18:20:47.165275 [debug]: Started analyzing model lab_staging.cyto_backlog_bronze
18:20:47.165304 [debug]: Finished analyzing [  0.00s] model lab_staging.date_filter_bronze [success]
18:20:47.165331 [info ]:  Succeeded [  0.00s] model lab_staging.date_filter_bronze (table)
18:20:47.165725 [debug]: Finished analyzing [  0.00s] model lab_staging.powerpath_cyto_biopsy_bronze [success]
18:20:47.165749 [info ]:  Succeeded [  0.00s] model lab_staging.powerpath_cyto_biopsy_bronze (table)
18:20:47.166559 [debug]: Finished analyzing [  0.00s] model lab_staging.cyto_backlog_bronze [success]
18:20:47.166581 [info ]:  Succeeded [  0.01s] model lab_staging.cyto_backlog_bronze (table)
18:20:47.167278 [debug]: Finished analyzing [  0.00s] model lab_staging.powerpath_cyto_biopsy_silver [success]
18:20:47.167295 [info ]: Finished analyzing [  0.00s] (4 nodes, 0 skipped, 0 errors)
18:20:47.167306 [info ]:  Succeeded [  0.01s] model lab_staging.powerpath_cyto_biopsy_silver (table)
18:20:47.172111 [info ]: Started scheduling
18:20:47.172156 [info ]: Finished scheduling [  0.00s]
18:20:47.173256 [info ]: Cached model count updated: 4 models (accurate)
18:25:37.326464 [info ]: Started loading project
18:25:37.328068 [info ]: Loading ~/.dbt/profiles.yml
18:25:37.349714 [info ]: Started loading project
18:25:37.350839 [info ]: Loading ~/.dbt/profiles.yml
18:25:37.350875 [info ]: Finished loading project [  0.02s]
18:25:37.504269 [info ]:    Started resolving packages from packages.yml
18:25:37.982037 [info ]:   Finished [  0.48s] resolving packages from packages.yml (1 items)
18:25:37.983820 [debug]:    Started loading packages
18:25:38.016438 [debug]:     Loaded [  0.03s] packages
18:25:38.019587 [info ]: Finished loading project [  0.67s]
18:25:38.020626 [info ]: Started parsing
18:25:38.241599 [debug]: Finished parsing models/silver/schema.yml [  0.00s]
18:25:38.243868 [debug]: Finished parsing models/sources.yml [  0.00s]
18:25:38.258123 [debug]: Finished parsing models/bronze/cyto_backlog_bronze.sql [  0.00s]
18:25:38.259739 [debug]: Finished parsing models/bronze/date_filter_bronze.sql [  0.00s]
18:25:38.261175 [debug]: Finished parsing models/bronze/powerpath_cyto_biopsy_bronze.sql [  0.00s]
18:25:38.264731 [debug]: Finished parsing models/silver/cyto_backlog_silver.sql [  0.00s]
18:25:38.266972 [debug]: Finished parsing models/silver/powerpath_cyto_biopsy_silver.sql [  0.00s]
18:25:38.285454 [warn ]: [UnusedResourceConfigPath (dbt1097)]: Configuration paths exist in your dbt_project.yml file which do not apply to any resources.
There are 1 unused configuration paths:
- models.lab_dbt.gold
18:25:38.303768 [info ]: Cached model count updated: 5 models (estimate)
18:25:38.303857 [info ]: Cached model count updated: 5 models (accurate)
18:25:38.303910 [info ]: Started scheduling
18:25:38.304003 [info ]: Finished scheduling [  0.00s]
18:25:38.304026 [debug]: Compilation - 0 nodes selected: {}
18:25:38.306244 [warn ]: [NoNodesForSelectionCriteria (dbt1092)]: The selection criterion '' does not match any enabled nodes
18:25:38.306489 [warn ]: [NoNodesSelected (dbt1601)]: Nothing to do. Try checking your model configs and model specification args
18:25:38.306552 [info ]: Started scheduling
18:25:38.307294 [info ]: Finished scheduling [  0.00s]
18:25:38.309992 [debug]: Initializing schema store with entry: Frontier(CanonicalFqn { catalog: "opsanalytics_adb_workspace01", schema: "lab", table: "lab_kpi_ap_patient_setting" }) and interval: None
18:25:38.310534 [debug]: Initializing schema store with entry: Frontier(CanonicalFqn { catalog: "opsanalytics_adb_workspace01", schema: "lab", table: "lab_kpi_ap_tat_targets" }) and interval: None
18:25:38.310595 [debug]: Initializing schema store with entry: Frontier(CanonicalFqn { catalog: "opsanalytics_adb_workspace01", schema: "lab", table: "cyto_backlog_raw" }) and interval: None
18:25:38.310647 [debug]: Initializing schema store with entry: Frontier(CanonicalFqn { catalog: "opsanalytics_adb_workspace01", schema: "lab", table: "mshs_holidays" }) and interval: None
18:25:38.310694 [debug]: Initializing schema store with entry: Frontier(CanonicalFqn { catalog: "opsanalytics_adb_workspace01", schema: "lab", table: "powerpath_cyto_biopsy_historical" }) and interval: None
18:25:38.310734 [debug]: Initializing schema store with entry: Frontier(CanonicalFqn { catalog: "opsanalytics_adb_workspace01", schema: "lab", table: "powerpath_raw" }) and interval: None
18:25:38.405612 [info ]: Started building task graph
18:25:38.405659 [info ]: Finished building task graph [  0.00s]
18:25:38.433192 [info ]: Started scheduling
18:25:38.433270 [info ]: Finished scheduling [  0.00s]
18:25:38.440774 [info ]: Cached model count updated: 5 models (accurate)
18:25:38.440832 [info ]: Finished parsing [  0.42s]
18:25:40.066757 [info ]: Started loading project
18:25:40.068108 [info ]: Loading ~/.dbt/profiles.yml
18:25:40.176549 [info ]: Cached model count updated: 5 models (estimate)
18:25:40.176579 [info ]: Cached model count updated: 5 models (accurate)
18:25:40.176622 [info ]: Started scheduling
18:25:40.176747 [info ]: Finished scheduling [  0.00s]
18:25:40.176770 [debug]: Compilation - 4 nodes selected: {"model.lab_dbt.cyto_backlog_bronze", "model.lab_dbt.date_filter_bronze", "model.lab_dbt.powerpath_cyto_biopsy_bronze", "model.lab_dbt.powerpath_cyto_biopsy_silver"}
18:25:40.281470 [info ]: Started building task graph
18:25:40.281577 [info ]: Finished building task graph [  0.00s]
18:25:40.296001 [info ]: Started rendering (4 nodes)
18:25:40.296067 [info ]: Started model lab_staging.powerpath_cyto_biopsy_silver
18:25:40.296085 [debug]: Started rendering model lab_staging.powerpath_cyto_biopsy_silver
18:25:40.296120 [info ]: Started model lab_staging.powerpath_cyto_biopsy_bronze
18:25:40.296137 [debug]: Started rendering model lab_staging.powerpath_cyto_biopsy_bronze
18:25:40.296151 [info ]: Finished loading project [  0.23s]
18:25:40.296161 [info ]: Started model lab_staging.date_filter_bronze
18:25:40.296171 [debug]: Started rendering model lab_staging.date_filter_bronze
18:25:40.296187 [info ]: Started model lab_staging.cyto_backlog_bronze
18:25:40.296204 [debug]: Started rendering model lab_staging.cyto_backlog_bronze
18:25:40.306847 [debug]: Compiled SQL for node model.lab_dbt.cyto_backlog_bronze at target\.lsp\compiled\lab_dbt\models\bronze\cyto_backlog_bronze.sql
18:25:40.307185 [debug]: Finished rendering [  0.01s] model lab_staging.cyto_backlog_bronze [success]
18:25:40.307261 [info ]: Started analyzing (4 nodes)
18:25:40.307282 [debug]: Started analyzing model lab_staging.cyto_backlog_bronze
18:25:40.312376 [debug]: Compiled SQL for node model.lab_dbt.date_filter_bronze at target\.lsp\compiled\lab_dbt\models\bronze\date_filter_bronze.sql
18:25:40.312518 [debug]: Compiled SQL for node model.lab_dbt.powerpath_cyto_biopsy_bronze at target\.lsp\compiled\lab_dbt\models\bronze\powerpath_cyto_biopsy_bronze.sql
18:25:40.312668 [debug]: Finished rendering [  0.02s] model lab_staging.powerpath_cyto_biopsy_bronze [success]
18:25:40.312764 [debug]: Started analyzing model lab_staging.powerpath_cyto_biopsy_bronze
18:25:40.312816 [debug]: Compiled SQL for node model.lab_dbt.powerpath_cyto_biopsy_silver at target\.lsp\compiled\lab_dbt\models\silver\powerpath_cyto_biopsy_silver.sql
18:25:40.312926 [debug]: Finished analyzing [  0.01s] model lab_staging.cyto_backlog_bronze [success]
18:25:40.312956 [info ]:  Succeeded [  0.01s] model lab_staging.cyto_backlog_bronze (table)
18:25:40.313003 [debug]: Finished rendering [  0.02s] model lab_staging.date_filter_bronze [success]
18:25:40.313024 [debug]: Started analyzing model lab_staging.date_filter_bronze
18:25:40.313176 [debug]: Finished rendering [  0.02s] model lab_staging.powerpath_cyto_biopsy_silver [success]
18:25:40.313201 [info ]: Finished rendering [  0.02s] (4 nodes, 0 skipped, 0 errors)
18:25:40.313218 [debug]: Started analyzing model lab_staging.powerpath_cyto_biopsy_silver
18:25:40.313928 [debug]: Finished analyzing [  0.00s] model lab_staging.powerpath_cyto_biopsy_bronze [success]
18:25:40.313971 [info ]:  Succeeded [  0.02s] model lab_staging.powerpath_cyto_biopsy_bronze (table)
18:25:40.315062 [debug]: Finished analyzing [  0.00s] model lab_staging.date_filter_bronze [success]
18:25:40.315134 [info ]:  Succeeded [  0.02s] model lab_staging.date_filter_bronze (table)
18:25:40.326198 [debug]: Finished analyzing [  0.01s] model lab_staging.powerpath_cyto_biopsy_silver [success]
18:25:40.326301 [info ]: Finished analyzing [  0.02s] (4 nodes, 0 skipped, 0 errors)
18:25:40.326367 [info ]:  Succeeded [  0.03s] model lab_staging.powerpath_cyto_biopsy_silver (table)
18:25:40.336045 [info ]: Started scheduling
18:25:40.336118 [info ]: Finished scheduling [  0.00s]
18:25:40.338154 [info ]: Cached model count updated: 5 models (accurate)
18:36:04.278496 [info ]: Started loading project
18:36:04.279952 [info ]: Loading ~/.dbt/profiles.yml
18:36:04.306036 [info ]: Started parsing
18:36:04.449070 [info ]: Finished loading project [  0.17s]
18:36:04.456636 [debug]: Finished parsing models/silver/schema.yml [  0.00s]
18:36:04.458945 [debug]: Finished parsing models/silver/cyto_backlog_silver.sql [  0.00s]
18:36:04.460180 [debug]: Finished parsing models/silver/powerpath_cyto_biopsy_silver.sql [  0.00s]
18:36:04.465367 [warn ]: [UnusedResourceConfigPath (dbt1097)]: Configuration paths exist in your dbt_project.yml file which do not apply to any resources.
There are 1 unused configuration paths:
- models.lab_dbt.gold
18:36:04.473099 [info ]: Cached model count updated: 5 models (estimate)
18:36:04.473118 [info ]: Cached model count updated: 5 models (accurate)
18:36:04.473407 [info ]: Started scheduling
18:36:04.473635 [info ]: Finished scheduling [  0.00s]
18:36:04.473665 [debug]: Compilation - 3 nodes selected: {"model.lab_dbt.cyto_backlog_bronze", "model.lab_dbt.cyto_backlog_silver", "model.lab_dbt.date_filter_bronze"}
18:36:04.675716 [info ]: Started building task graph
18:36:04.675807 [info ]: Finished building task graph [  0.00s]
18:36:04.699361 [info ]: Started rendering (3 nodes)
18:36:04.699454 [info ]: Started model lab_staging.cyto_backlog_silver
18:36:04.699511 [debug]: Started rendering model lab_staging.cyto_backlog_silver
18:36:04.699627 [info ]: Started model lab_staging.date_filter_bronze
18:36:04.699648 [debug]: Started rendering model lab_staging.date_filter_bronze
18:36:04.699692 [info ]: Started model lab_staging.cyto_backlog_bronze
18:36:04.699725 [debug]: Started rendering model lab_staging.cyto_backlog_bronze
18:36:04.699780 [info ]: Finished parsing [  0.39s]
18:36:04.705498 [debug]: Compiled SQL for node model.lab_dbt.cyto_backlog_bronze at target\.lsp\compiled\lab_dbt\models\bronze\cyto_backlog_bronze.sql
18:36:04.706310 [debug]: Compiled SQL for node model.lab_dbt.date_filter_bronze at target\.lsp\compiled\lab_dbt\models\bronze\date_filter_bronze.sql
18:36:04.706310 [debug]: Finished rendering [  0.01s] model lab_staging.cyto_backlog_bronze [success]
18:36:04.706380 [info ]: Started analyzing (3 nodes)
18:36:04.706400 [debug]: Started analyzing model lab_staging.cyto_backlog_bronze
18:36:04.706443 [debug]: Finished rendering [  0.01s] model lab_staging.date_filter_bronze [success]
18:36:04.706464 [debug]: Started analyzing model lab_staging.date_filter_bronze
18:36:04.708264 [debug]: Compiled SQL for node model.lab_dbt.cyto_backlog_silver at target\.lsp\compiled\lab_dbt\models\silver\cyto_backlog_silver.sql
18:36:04.708738 [debug]: Finished analyzing [  0.00s] model lab_staging.date_filter_bronze [success]
18:36:04.708785 [info ]:  Succeeded [  0.01s] model lab_staging.date_filter_bronze (table)
18:36:04.708826 [debug]: Finished analyzing [  0.00s] model lab_staging.cyto_backlog_bronze [success]
18:36:04.708838 [info ]:  Succeeded [  0.01s] model lab_staging.cyto_backlog_bronze (table)
18:36:04.708867 [debug]: Finished rendering [  0.01s] model lab_staging.cyto_backlog_silver [success]
18:36:04.708878 [info ]: Finished rendering [  0.01s] (3 nodes, 0 skipped, 0 errors)
18:36:04.708907 [debug]: Started analyzing model lab_staging.cyto_backlog_silver
18:36:04.757453 [debug]: Finished analyzing [  0.05s] model lab_staging.cyto_backlog_silver [success]
18:36:04.757489 [info ]: Finished analyzing [  0.05s] (3 nodes, 0 skipped, 0 errors)
18:36:04.757503 [info ]:  Succeeded [  0.06s] model lab_staging.cyto_backlog_silver (table)
18:36:04.765598 [info ]: Started scheduling
18:36:04.765734 [info ]: Finished scheduling [  0.00s]
18:36:04.769654 [info ]: Cached model count updated: 5 models (accurate)
18:36:06.326790 [info ]: Started loading project
18:36:06.327773 [info ]: Loading ~/.dbt/profiles.yml
18:36:06.400788 [info ]: Cached model count updated: 5 models (estimate)
18:36:06.400810 [info ]: Cached model count updated: 5 models (accurate)
18:36:06.400844 [info ]: Started scheduling
18:36:06.401316 [info ]: Finished scheduling [  0.00s]
18:36:06.401365 [debug]: Compilation - 5 nodes selected: {"model.lab_dbt.cyto_backlog_bronze", "model.lab_dbt.cyto_backlog_silver", "model.lab_dbt.date_filter_bronze", "model.lab_dbt.powerpath_cyto_biopsy_bronze", "model.lab_dbt.powerpath_cyto_biopsy_silver"}
18:36:06.487752 [info ]: Started building task graph
18:36:06.487830 [info ]: Finished building task graph [  0.00s]
18:36:06.497408 [info ]: Started rendering (5 nodes)
18:36:06.497775 [info ]: Started model lab_staging.powerpath_cyto_biopsy_silver
18:36:06.498083 [debug]: Started rendering model lab_staging.powerpath_cyto_biopsy_silver
18:36:06.498132 [info ]: Started model lab_staging.powerpath_cyto_biopsy_bronze
18:36:06.498141 [debug]: Started rendering model lab_staging.powerpath_cyto_biopsy_bronze
18:36:06.498164 [info ]: Started model lab_staging.cyto_backlog_silver
18:36:06.498180 [debug]: Started rendering model lab_staging.cyto_backlog_silver
18:36:06.498521 [info ]: Finished loading project [  0.17s]
18:36:06.498669 [info ]: Started model lab_staging.date_filter_bronze
18:36:06.498690 [debug]: Started rendering model lab_staging.date_filter_bronze
18:36:06.498724 [info ]: Started model lab_staging.cyto_backlog_bronze
18:36:06.498735 [debug]: Started rendering model lab_staging.cyto_backlog_bronze
18:36:06.503882 [debug]: Compiled SQL for node model.lab_dbt.powerpath_cyto_biopsy_silver at target\.lsp\compiled\lab_dbt\models\silver\powerpath_cyto_biopsy_silver.sql
18:36:06.503891 [debug]: Compiled SQL for node model.lab_dbt.date_filter_bronze at target\.lsp\compiled\lab_dbt\models\bronze\date_filter_bronze.sql
18:36:06.503916 [debug]: Compiled SQL for node model.lab_dbt.cyto_backlog_silver at target\.lsp\compiled\lab_dbt\models\silver\cyto_backlog_silver.sql
18:36:06.503985 [debug]: Finished rendering [  0.01s] model lab_staging.date_filter_bronze [success]
18:36:06.504028 [info ]: Started analyzing (5 nodes)
18:36:06.504041 [debug]: Started analyzing model lab_staging.date_filter_bronze
18:36:06.504081 [debug]: Finished rendering [  0.01s] model lab_staging.powerpath_cyto_biopsy_silver [success]
18:36:06.504103 [debug]: Started analyzing model lab_staging.powerpath_cyto_biopsy_silver
18:36:06.504126 [debug]: Finished rendering [  0.01s] model lab_staging.cyto_backlog_silver [success]
18:36:06.504145 [debug]: Started analyzing model lab_staging.cyto_backlog_silver
18:36:06.504190 [debug]: Compiled SQL for node model.lab_dbt.cyto_backlog_bronze at target\.lsp\compiled\lab_dbt\models\bronze\cyto_backlog_bronze.sql
18:36:06.504282 [debug]: Finished rendering [  0.01s] model lab_staging.cyto_backlog_bronze [success]
18:36:06.504305 [debug]: Started analyzing model lab_staging.cyto_backlog_bronze
18:36:06.504458 [debug]: Compiled SQL for node model.lab_dbt.powerpath_cyto_biopsy_bronze at target\.lsp\compiled\lab_dbt\models\bronze\powerpath_cyto_biopsy_bronze.sql
18:36:06.504899 [debug]: Finished rendering [  0.01s] model lab_staging.powerpath_cyto_biopsy_bronze [success]
18:36:06.504926 [info ]: Finished rendering [  0.01s] (5 nodes, 0 skipped, 0 errors)
18:36:06.505259 [debug]: Started analyzing model lab_staging.powerpath_cyto_biopsy_bronze
18:36:06.505823 [debug]: Finished analyzing [  0.00s] model lab_staging.date_filter_bronze [success]
18:36:06.505847 [info ]:  Succeeded [  0.01s] model lab_staging.date_filter_bronze (table)
18:36:06.506166 [debug]: Finished analyzing [  0.00s] model lab_staging.cyto_backlog_bronze [success]
18:36:06.506189 [info ]:  Succeeded [  0.01s] model lab_staging.cyto_backlog_bronze (table)
18:36:06.506235 [debug]: Finished analyzing [  0.00s] model lab_staging.powerpath_cyto_biopsy_bronze [success]
18:36:06.506256 [info ]:  Succeeded [  0.01s] model lab_staging.powerpath_cyto_biopsy_bronze (table)
18:36:06.507885 [debug]: Finished analyzing [  0.00s] model lab_staging.cyto_backlog_silver [success]
18:36:06.507909 [info ]:  Succeeded [  0.01s] model lab_staging.cyto_backlog_silver (table)
18:36:06.508770 [debug]: Finished analyzing [  0.00s] model lab_staging.powerpath_cyto_biopsy_silver [success]
18:36:06.508790 [info ]: Finished analyzing [  0.00s] (5 nodes, 0 skipped, 0 errors)
18:36:06.508799 [info ]:  Succeeded [  0.01s] model lab_staging.powerpath_cyto_biopsy_silver (table)
18:36:06.514021 [info ]: Started scheduling
18:36:06.514073 [info ]: Finished scheduling [  0.00s]
18:36:06.516005 [info ]: Cached model count updated: 5 models (accurate)
18:38:20.408159 [info ]: Started loading project
18:38:20.409338 [info ]: Loading ~/.dbt/profiles.yml
18:38:20.439844 [info ]: Started parsing
18:38:20.578060 [info ]: Finished loading project [  0.17s]
18:38:20.587572 [debug]: Finished parsing models/silver/schema.yml [  0.00s]
18:38:20.589819 [debug]: Finished parsing models/silver/cyto_backlog_silver.sql [  0.00s]
18:38:20.591274 [debug]: Finished parsing models/silver/powerpath_cyto_biopsy_silver.sql [  0.00s]
18:38:20.596142 [warn ]: [UnusedResourceConfigPath (dbt1097)]: Configuration paths exist in your dbt_project.yml file which do not apply to any resources.
There are 1 unused configuration paths:
- models.lab_dbt.gold
18:38:20.607072 [info ]: Cached model count updated: 5 models (estimate)
18:38:20.607093 [info ]: Cached model count updated: 5 models (accurate)
18:38:20.607128 [info ]: Started scheduling
18:38:20.607253 [info ]: Finished scheduling [  0.00s]
18:38:20.607273 [debug]: Compilation - 3 nodes selected: {"model.lab_dbt.cyto_backlog_bronze", "model.lab_dbt.cyto_backlog_silver", "model.lab_dbt.date_filter_bronze"}
18:38:20.688065 [info ]: Started building task graph
18:38:20.688306 [info ]: Finished building task graph [  0.00s]
18:38:20.700075 [info ]: Started rendering (3 nodes)
18:38:20.700371 [info ]: Started model lab_staging.cyto_backlog_silver
18:38:20.700396 [debug]: Started rendering model lab_staging.cyto_backlog_silver
18:38:20.700430 [info ]: Started model lab_staging.date_filter_bronze
18:38:20.700445 [debug]: Started rendering model lab_staging.date_filter_bronze
18:38:20.700465 [info ]: Started model lab_staging.cyto_backlog_bronze
18:38:20.700471 [debug]: Started rendering model lab_staging.cyto_backlog_bronze
18:38:20.700536 [info ]: Finished parsing [  0.26s]
18:38:20.703554 [debug]: Compiled SQL for node model.lab_dbt.date_filter_bronze at target\.lsp\compiled\lab_dbt\models\bronze\date_filter_bronze.sql
18:38:20.703676 [debug]: Finished rendering [  0.00s] model lab_staging.date_filter_bronze [success]
18:38:20.703733 [info ]: Started analyzing (3 nodes)
18:38:20.703748 [debug]: Started analyzing model lab_staging.date_filter_bronze
18:38:20.703777 [debug]: Compiled SQL for node model.lab_dbt.cyto_backlog_bronze at target\.lsp\compiled\lab_dbt\models\bronze\cyto_backlog_bronze.sql
18:38:20.704892 [debug]: Finished rendering [  0.00s] model lab_staging.cyto_backlog_bronze [success]
18:38:20.704932 [debug]: Started analyzing model lab_staging.cyto_backlog_bronze
18:38:20.706191 [debug]: Finished analyzing [  0.00s] model lab_staging.date_filter_bronze [success]
18:38:20.706228 [info ]:  Succeeded [  0.01s] model lab_staging.date_filter_bronze (table)
18:38:20.706334 [debug]: Compiled SQL for node model.lab_dbt.cyto_backlog_silver at target\.lsp\compiled\lab_dbt\models\silver\cyto_backlog_silver.sql
18:38:20.706467 [debug]: Finished rendering [  0.01s] model lab_staging.cyto_backlog_silver [success]
18:38:20.706485 [info ]: Finished rendering [  0.01s] (3 nodes, 0 skipped, 0 errors)
18:38:20.706506 [debug]: Started analyzing model lab_staging.cyto_backlog_silver
18:38:20.707023 [debug]: Finished analyzing [  0.00s] model lab_staging.cyto_backlog_bronze [success]
18:38:20.707042 [info ]:  Succeeded [  0.01s] model lab_staging.cyto_backlog_bronze (table)
18:38:20.724845 [warn ]: [SyntaxInvalid (dbt0101)]: mismatched input 'cleaned' expecting one of <EOF>, ';'
  --> models/silver/cyto_backlog_silver.sql:32:71 (target\.lsp\compiled\lab_dbt\models\silver\cyto_backlog_silver.sql:32:71)
18:38:20.725146 [info ]:  Succeeded [  0.02s] model lab_staging.cyto_backlog_silver (table)
18:38:20.725156 [debug]: Finished analyzing [  0.02s] model lab_staging.cyto_backlog_silver [success]
18:38:20.725167 [info ]: Finished analyzing [  0.02s] (3 nodes, 0 skipped, 0 errors)
18:38:20.730455 [info ]: Started scheduling
18:38:20.730606 [info ]: Finished scheduling [  0.00s]
18:38:20.732583 [info ]: Cached model count updated: 5 models (accurate)
18:38:22.313886 [info ]: Started loading project
18:38:22.314982 [info ]: Loading ~/.dbt/profiles.yml
18:38:22.386129 [info ]: Cached model count updated: 5 models (estimate)
18:38:22.386148 [info ]: Cached model count updated: 5 models (accurate)
18:38:22.386180 [info ]: Started scheduling
18:38:22.386292 [info ]: Finished scheduling [  0.00s]
18:38:22.386310 [debug]: Compilation - 5 nodes selected: {"model.lab_dbt.cyto_backlog_bronze", "model.lab_dbt.cyto_backlog_silver", "model.lab_dbt.date_filter_bronze", "model.lab_dbt.powerpath_cyto_biopsy_bronze", "model.lab_dbt.powerpath_cyto_biopsy_silver"}
18:38:22.460794 [info ]: Started building task graph
18:38:22.460869 [info ]: Finished building task graph [  0.00s]
18:38:22.471504 [info ]: Started rendering (5 nodes)
18:38:22.471532 [info ]: Started model lab_staging.powerpath_cyto_biopsy_silver
18:38:22.471553 [debug]: Started rendering model lab_staging.powerpath_cyto_biopsy_silver
18:38:22.471575 [info ]: Started model lab_staging.powerpath_cyto_biopsy_bronze
18:38:22.471587 [debug]: Started rendering model lab_staging.powerpath_cyto_biopsy_bronze
18:38:22.471632 [info ]: Started model lab_staging.cyto_backlog_silver
18:38:22.471639 [debug]: Started rendering model lab_staging.cyto_backlog_silver
18:38:22.471649 [info ]: Started model lab_staging.date_filter_bronze
18:38:22.471658 [debug]: Started rendering model lab_staging.date_filter_bronze
18:38:22.471674 [info ]: Finished loading project [  0.16s]
18:38:22.471707 [info ]: Started model lab_staging.cyto_backlog_bronze
18:38:22.471722 [debug]: Started rendering model lab_staging.cyto_backlog_bronze
18:38:22.474721 [debug]: Compiled SQL for node model.lab_dbt.cyto_backlog_silver at target\.lsp\compiled\lab_dbt\models\silver\cyto_backlog_silver.sql
18:38:22.474843 [debug]: Compiled SQL for node model.lab_dbt.powerpath_cyto_biopsy_silver at target\.lsp\compiled\lab_dbt\models\silver\powerpath_cyto_biopsy_silver.sql
18:38:22.475040 [debug]: Finished rendering [  0.00s] model lab_staging.cyto_backlog_silver [success]
18:38:22.475079 [info ]: Started analyzing (5 nodes)
18:38:22.475090 [debug]: Started analyzing model lab_staging.cyto_backlog_silver
18:38:22.475320 [debug]: Compiled SQL for node model.lab_dbt.powerpath_cyto_biopsy_bronze at target\.lsp\compiled\lab_dbt\models\bronze\powerpath_cyto_biopsy_bronze.sql
18:38:22.475880 [debug]: Finished rendering [  0.00s] model lab_staging.powerpath_cyto_biopsy_silver [success]
18:38:22.475924 [debug]: Started analyzing model lab_staging.powerpath_cyto_biopsy_silver
18:38:22.476715 [debug]: Compiled SQL for node model.lab_dbt.cyto_backlog_bronze at target\.lsp\compiled\lab_dbt\models\bronze\cyto_backlog_bronze.sql
18:38:22.477281 [debug]: Compiled SQL for node model.lab_dbt.date_filter_bronze at target\.lsp\compiled\lab_dbt\models\bronze\date_filter_bronze.sql
18:38:22.477485 [debug]: Finished rendering [  0.01s] model lab_staging.powerpath_cyto_biopsy_bronze [success]
18:38:22.477551 [debug]: Started analyzing model lab_staging.powerpath_cyto_biopsy_bronze
18:38:22.477598 [debug]: Finished rendering [  0.01s] model lab_staging.cyto_backlog_bronze [success]
18:38:22.477620 [debug]: Started analyzing model lab_staging.cyto_backlog_bronze
18:38:22.477641 [debug]: Finished rendering [  0.01s] model lab_staging.date_filter_bronze [success]
18:38:22.477653 [info ]: Finished rendering [  0.01s] (5 nodes, 0 skipped, 0 errors)
18:38:22.477667 [debug]: Started analyzing model lab_staging.date_filter_bronze
18:38:22.478679 [warn ]: [SyntaxInvalid (dbt0101)]: mismatched input 'cleaned' expecting one of <EOF>, ';'
  --> models/silver/cyto_backlog_silver.sql:32:71 (target\.lsp\compiled\lab_dbt\models\silver\cyto_backlog_silver.sql:32:71)
18:38:22.478829 [info ]:  Succeeded [  0.01s] model lab_staging.cyto_backlog_silver (table)
18:38:22.478895 [debug]: Finished analyzing [  0.00s] model lab_staging.cyto_backlog_silver [success]
18:38:22.479717 [debug]: Finished analyzing [  0.00s] model lab_staging.powerpath_cyto_biopsy_bronze [success]
18:38:22.479757 [info ]:  Succeeded [  0.01s] model lab_staging.powerpath_cyto_biopsy_bronze (table)
18:38:22.480367 [debug]: Finished analyzing [  0.00s] model lab_staging.date_filter_bronze [success]
18:38:22.480402 [info ]:  Succeeded [  0.01s] model lab_staging.date_filter_bronze (table)
18:38:22.480433 [debug]: Finished analyzing [  0.00s] model lab_staging.cyto_backlog_bronze [success]
18:38:22.480444 [info ]:  Succeeded [  0.01s] model lab_staging.cyto_backlog_bronze (table)
18:38:22.481407 [debug]: Finished analyzing [  0.01s] model lab_staging.powerpath_cyto_biopsy_silver [success]
18:38:22.481441 [info ]: Finished analyzing [  0.01s] (5 nodes, 0 skipped, 0 errors)
18:38:22.481460 [info ]:  Succeeded [  0.01s] model lab_staging.powerpath_cyto_biopsy_silver (table)
18:38:22.487664 [info ]: Started scheduling
18:38:22.487735 [info ]: Finished scheduling [  0.00s]
18:38:22.489362 [info ]: Cached model count updated: 5 models (accurate)
18:48:02.168589 [info ]: Started loading project
18:48:02.170557 [info ]: Loading ~/.dbt/profiles.yml
18:48:02.190676 [info ]: Started loading project
18:48:02.191739 [info ]: Loading ~/.dbt/profiles.yml
18:48:02.191778 [info ]: Finished loading project [  0.02s]
18:48:02.322593 [info ]:    Started resolving packages from packages.yml
18:48:04.046504 [info ]:   Finished [  1.72s] resolving packages from packages.yml (1 items)
18:48:04.048616 [debug]:    Started loading packages
18:48:04.088176 [debug]:     Loaded [  0.04s] packages
18:48:04.089893 [info ]: Finished loading project [  1.90s]
18:48:04.090407 [info ]: Started parsing
18:48:04.246309 [debug]: Finished parsing models/silver/schema.yml [  0.00s]
18:48:04.248555 [debug]: Finished parsing models/sources.yml [  0.00s]
18:48:04.256466 [debug]: Finished parsing models/bronze/cyto_backlog_bronze.sql [  0.00s]
18:48:04.258720 [debug]: Finished parsing models/bronze/date_filter_bronze.sql [  0.00s]
18:48:04.260565 [debug]: Finished parsing models/bronze/powerpath_cyto_biopsy_bronze.sql [  0.00s]
18:48:04.261732 [debug]: Finished parsing models/gold/cyto_backlog_gold.sql [  0.00s]
18:48:04.263667 [debug]: Finished parsing models/silver/cyto_backlog_silver.sql [  0.00s]
18:48:04.265423 [debug]: Finished parsing models/silver/powerpath_cyto_biopsy_silver.sql [  0.00s]
18:48:04.282597 [info ]: Finished parsing [  0.19s]
18:48:04.284398 [info ]: Cached model count updated: 6 models (estimate)
18:48:04.284431 [info ]: Cached model count updated: 6 models (accurate)
18:48:04.284489 [info ]: Started scheduling
18:48:04.285647 [info ]: Finished scheduling [  0.00s]
18:48:04.285723 [debug]: Compilation - 0 nodes selected: {}
18:48:04.286967 [warn ]: [NoNodesForSelectionCriteria (dbt1092)]: The selection criterion '' does not match any enabled nodes
18:48:04.287141 [warn ]: [NoNodesSelected (dbt1601)]: Nothing to do. Try checking your model configs and model specification args
18:48:04.287170 [info ]: Started scheduling
18:48:04.287318 [info ]: Finished scheduling [  0.00s]
18:48:04.290578 [debug]: Initializing schema store with entry: Frontier(CanonicalFqn { catalog: "opsanalytics_adb_workspace01", schema: "lab", table: "lab_kpi_ap_patient_setting" }) and interval: None
18:48:04.291298 [debug]: Initializing schema store with entry: Frontier(CanonicalFqn { catalog: "opsanalytics_adb_workspace01", schema: "lab", table: "lab_kpi_ap_tat_targets" }) and interval: None
18:48:04.291392 [debug]: Initializing schema store with entry: Frontier(CanonicalFqn { catalog: "opsanalytics_adb_workspace01", schema: "lab", table: "mshs_holidays" }) and interval: None
18:48:04.291459 [debug]: Initializing schema store with entry: Frontier(CanonicalFqn { catalog: "opsanalytics_adb_workspace01", schema: "lab", table: "cyto_backlog_raw" }) and interval: None
18:48:04.291526 [debug]: Initializing schema store with entry: Frontier(CanonicalFqn { catalog: "opsanalytics_adb_workspace01", schema: "lab", table: "powerpath_cyto_biopsy_historical" }) and interval: None
18:48:04.291593 [debug]: Initializing schema store with entry: Frontier(CanonicalFqn { catalog: "opsanalytics_adb_workspace01", schema: "lab", table: "powerpath_raw" }) and interval: None
18:48:04.402208 [info ]: Started building task graph
18:48:04.402260 [info ]: Finished building task graph [  0.00s]
18:48:04.425742 [info ]: Started scheduling
18:48:04.425823 [info ]: Finished scheduling [  0.00s]
18:48:04.433038 [info ]: Cached model count updated: 6 models (accurate)
18:48:06.095832 [info ]: Started loading project
18:48:06.096832 [info ]: Loading ~/.dbt/profiles.yml
18:48:06.158224 [info ]: Cached model count updated: 6 models (estimate)
18:48:06.158258 [info ]: Cached model count updated: 6 models (accurate)
18:48:06.158289 [info ]: Started scheduling
18:48:06.158392 [info ]: Finished scheduling [  0.00s]
18:48:06.158408 [debug]: Compilation - 5 nodes selected: {"model.lab_dbt.cyto_backlog_bronze", "model.lab_dbt.cyto_backlog_silver", "model.lab_dbt.date_filter_bronze", "model.lab_dbt.powerpath_cyto_biopsy_bronze", "model.lab_dbt.powerpath_cyto_biopsy_silver"}
18:48:06.233835 [info ]: Started building task graph
18:48:06.233936 [info ]: Finished building task graph [  0.00s]
18:48:06.248831 [info ]: Started rendering (5 nodes)
18:48:06.248865 [info ]: Started model lab_staging.powerpath_cyto_biopsy_silver
18:48:06.248878 [debug]: Started rendering model lab_staging.powerpath_cyto_biopsy_silver
18:48:06.248905 [info ]: Started model lab_staging.powerpath_cyto_biopsy_bronze
18:48:06.248920 [debug]: Started rendering model lab_staging.powerpath_cyto_biopsy_bronze
18:48:06.248935 [info ]: Started model lab_staging.cyto_backlog_silver
18:48:06.248945 [debug]: Started rendering model lab_staging.cyto_backlog_silver
18:48:06.248944 [info ]: Finished loading project [  0.15s]
18:48:06.248963 [info ]: Started model lab_staging.date_filter_bronze
18:48:06.249041 [debug]: Started rendering model lab_staging.date_filter_bronze
18:48:06.249073 [info ]: Started model lab_staging.cyto_backlog_bronze
18:48:06.249102 [debug]: Started rendering model lab_staging.cyto_backlog_bronze
18:48:06.256934 [debug]: Compiled SQL for node model.lab_dbt.date_filter_bronze at target\.lsp\compiled\lab_dbt\models\bronze\date_filter_bronze.sql
18:48:06.257147 [debug]: Finished rendering [  0.01s] model lab_staging.date_filter_bronze [success]
18:48:06.257199 [info ]: Started analyzing (5 nodes)
18:48:06.257213 [debug]: Started analyzing model lab_staging.date_filter_bronze
18:48:06.257572 [debug]: Compiled SQL for node model.lab_dbt.cyto_backlog_silver at target\.lsp\compiled\lab_dbt\models\silver\cyto_backlog_silver.sql
18:48:06.258082 [debug]: Compiled SQL for node model.lab_dbt.powerpath_cyto_biopsy_bronze at target\.lsp\compiled\lab_dbt\models\bronze\powerpath_cyto_biopsy_bronze.sql
18:48:06.258691 [debug]: Finished rendering [  0.01s] model lab_staging.cyto_backlog_silver [success]
18:48:06.258781 [debug]: Started analyzing model lab_staging.cyto_backlog_silver
18:48:06.258892 [debug]: Finished rendering [  0.01s] model lab_staging.powerpath_cyto_biopsy_bronze [success]
18:48:06.258920 [debug]: Started analyzing model lab_staging.powerpath_cyto_biopsy_bronze
18:48:06.259329 [debug]: Finished analyzing [  0.00s] model lab_staging.date_filter_bronze [success]
18:48:06.259360 [info ]:  Succeeded [  0.01s] model lab_staging.date_filter_bronze (table)
18:48:06.260527 [debug]: Finished analyzing [  0.00s] model lab_staging.powerpath_cyto_biopsy_bronze [success]
18:48:06.260561 [info ]:  Succeeded [  0.01s] model lab_staging.powerpath_cyto_biopsy_bronze (table)
18:48:06.260853 [warn ]: [SyntaxInvalid (dbt0101)]: mismatched input 'cleaned' expecting one of <EOF>, ';'
  --> models/silver/cyto_backlog_silver.sql:32:71 (target\.lsp\compiled\lab_dbt\models\silver\cyto_backlog_silver.sql:32:71)
18:48:06.260965 [info ]:  Succeeded [  0.01s] model lab_staging.cyto_backlog_silver (table)
18:48:06.261044 [debug]: Finished analyzing [  0.00s] model lab_staging.cyto_backlog_silver [success]
18:48:06.261669 [debug]: Compiled SQL for node model.lab_dbt.powerpath_cyto_biopsy_silver at target\.lsp\compiled\lab_dbt\models\silver\powerpath_cyto_biopsy_silver.sql
18:48:06.261859 [debug]: Compiled SQL for node model.lab_dbt.cyto_backlog_bronze at target\.lsp\compiled\lab_dbt\models\bronze\cyto_backlog_bronze.sql
18:48:06.261869 [debug]: Finished rendering [  0.01s] model lab_staging.powerpath_cyto_biopsy_silver [success]
18:48:06.261920 [debug]: Started analyzing model lab_staging.powerpath_cyto_biopsy_silver
18:48:06.261980 [debug]: Finished rendering [  0.01s] model lab_staging.cyto_backlog_bronze [success]
18:48:06.262034 [info ]: Finished rendering [  0.01s] (5 nodes, 0 skipped, 0 errors)
18:48:06.262061 [debug]: Started analyzing model lab_staging.cyto_backlog_bronze
18:48:06.263499 [debug]: Finished analyzing [  0.00s] model lab_staging.cyto_backlog_bronze [success]
18:48:06.263526 [info ]:  Succeeded [  0.01s] model lab_staging.cyto_backlog_bronze (table)
18:48:06.265853 [debug]: Finished analyzing [  0.00s] model lab_staging.powerpath_cyto_biopsy_silver [success]
18:48:06.265880 [info ]: Finished analyzing [  0.01s] (5 nodes, 0 skipped, 0 errors)
18:48:06.265903 [info ]:  Succeeded [  0.01s] model lab_staging.powerpath_cyto_biopsy_silver (table)
18:48:06.272679 [info ]: Started scheduling
18:48:06.272780 [info ]: Finished scheduling [  0.00s]
18:48:06.274244 [info ]: Cached model count updated: 6 models (accurate)
18:48:06.519558 [info ]: Started loading project
18:48:06.521957 [info ]: Loading ~/.dbt/profiles.yml
18:48:06.547816 [info ]: Started parsing
18:48:06.646503 [info ]: Finished loading project [  0.13s]
18:48:06.654483 [debug]: Finished parsing models/gold/cyto_backlog_gold.sql [  0.00s]
18:48:06.660527 [info ]: Finished parsing [  0.11s]
18:48:06.666122 [info ]: Cached model count updated: 6 models (estimate)
18:48:06.666147 [info ]: Cached model count updated: 6 models (accurate)
18:48:06.666187 [info ]: Started scheduling
18:48:06.666359 [info ]: Finished scheduling [  0.00s]
18:48:06.666391 [debug]: Compilation - 4 nodes selected: {"model.lab_dbt.cyto_backlog_bronze", "model.lab_dbt.cyto_backlog_gold", "model.lab_dbt.cyto_backlog_silver", "model.lab_dbt.date_filter_bronze"}
18:48:06.740775 [info ]: Started building task graph
18:48:06.740860 [info ]: Finished building task graph [  0.00s]
18:48:06.757876 [info ]: Started rendering (4 nodes)
18:48:06.757911 [info ]: Started model lab_staging.cyto_backlog_gold
18:48:06.757926 [debug]: Started rendering model lab_staging.cyto_backlog_gold
18:48:06.757961 [info ]: Started model lab_staging.cyto_backlog_silver
18:48:06.757975 [debug]: Started rendering model lab_staging.cyto_backlog_silver
18:48:06.758010 [info ]: Started model lab_staging.date_filter_bronze
18:48:06.758049 [debug]: Started rendering model lab_staging.date_filter_bronze
18:48:06.758069 [info ]: Started model lab_staging.cyto_backlog_bronze
18:48:06.758079 [debug]: Started rendering model lab_staging.cyto_backlog_bronze
18:48:06.760740 [debug]: Compiled SQL for node model.lab_dbt.cyto_backlog_silver at target\.lsp\compiled\lab_dbt\models\silver\cyto_backlog_silver.sql
18:48:06.760740 [debug]: Compiled SQL for node model.lab_dbt.date_filter_bronze at target\.lsp\compiled\lab_dbt\models\bronze\date_filter_bronze.sql
18:48:06.760893 [debug]: Finished rendering [  0.00s] model lab_staging.date_filter_bronze [success]
18:48:06.760941 [info ]: Started analyzing (4 nodes)
18:48:06.760954 [debug]: Started analyzing model lab_staging.date_filter_bronze
18:48:06.760979 [debug]: Finished rendering [  0.00s] model lab_staging.cyto_backlog_silver [success]
18:48:06.760997 [debug]: Started analyzing model lab_staging.cyto_backlog_silver
18:48:06.762808 [debug]: Compiled SQL for node model.lab_dbt.cyto_backlog_bronze at target\.lsp\compiled\lab_dbt\models\bronze\cyto_backlog_bronze.sql
18:48:06.762919 [debug]: Finished rendering [  0.00s] model lab_staging.cyto_backlog_bronze [success]
18:48:06.762962 [debug]: Started analyzing model lab_staging.cyto_backlog_bronze
18:48:06.763722 [warn ]: [SyntaxInvalid (dbt0101)]: mismatched input 'cleaned' expecting one of <EOF>, ';'
  --> models/silver/cyto_backlog_silver.sql:32:71 (target\.lsp\compiled\lab_dbt\models\silver\cyto_backlog_silver.sql:32:71)
18:48:06.763747 [debug]: Finished analyzing [  0.00s] model lab_staging.date_filter_bronze [success]
18:48:06.763774 [info ]:  Succeeded [  0.00s] model lab_staging.date_filter_bronze (table)
18:48:06.764270 [debug]: Finished analyzing [  0.00s] model lab_staging.cyto_backlog_silver [success]
18:48:06.764336 [info ]:  Succeeded [  0.01s] model lab_staging.cyto_backlog_silver (table)
18:48:06.765904 [debug]: Finished analyzing [  0.00s] model lab_staging.cyto_backlog_bronze [success]
18:48:06.766013 [info ]:  Succeeded [  0.01s] model lab_staging.cyto_backlog_bronze (table)
18:48:06.766617 [debug]: Compiled SQL for node model.lab_dbt.cyto_backlog_gold at target\.lsp\compiled\lab_dbt\models\gold\cyto_backlog_gold.sql
18:48:06.766778 [debug]: Finished rendering [  0.01s] model lab_staging.cyto_backlog_gold [success]
18:48:06.766805 [info ]: Finished rendering [  0.01s] (4 nodes, 0 skipped, 0 errors)
18:48:06.766833 [debug]: Started analyzing model lab_staging.cyto_backlog_gold
18:48:06.820256 [debug]: Finished analyzing [  0.05s] model lab_staging.cyto_backlog_gold [success]
18:48:06.820296 [info ]: Finished analyzing [  0.06s] (4 nodes, 0 skipped, 0 errors)
18:48:06.820326 [info ]:  Succeeded [  0.06s] model lab_staging.cyto_backlog_gold (table)
18:48:06.828889 [info ]: Started scheduling
18:48:06.829026 [info ]: Finished scheduling [  0.00s]
18:48:06.831729 [info ]: Cached model count updated: 6 models (accurate)
18:48:08.458136 [info ]: Started loading project
18:48:08.459270 [info ]: Loading ~/.dbt/profiles.yml
18:48:08.511067 [info ]: Cached model count updated: 6 models (estimate)
18:48:08.511091 [info ]: Cached model count updated: 6 models (accurate)
18:48:08.511131 [info ]: Started scheduling
18:48:08.511271 [info ]: Finished scheduling [  0.00s]
18:48:08.511306 [debug]: Compilation - 6 nodes selected: {"model.lab_dbt.cyto_backlog_bronze", "model.lab_dbt.cyto_backlog_gold", "model.lab_dbt.cyto_backlog_silver", "model.lab_dbt.date_filter_bronze", "model.lab_dbt.powerpath_cyto_biopsy_bronze", "model.lab_dbt.powerpath_cyto_biopsy_silver"}
18:48:08.579784 [info ]: Started building task graph
18:48:08.579885 [info ]: Finished building task graph [  0.00s]
18:48:08.589398 [info ]: Started rendering (6 nodes)
18:48:08.589459 [info ]: Started model lab_staging.powerpath_cyto_biopsy_silver
18:48:08.589470 [debug]: Started rendering model lab_staging.powerpath_cyto_biopsy_silver
18:48:08.589497 [info ]: Started model lab_staging.powerpath_cyto_biopsy_bronze
18:48:08.589507 [debug]: Started rendering model lab_staging.powerpath_cyto_biopsy_bronze
18:48:08.589516 [info ]: Started model lab_staging.cyto_backlog_gold
18:48:08.589522 [debug]: Started rendering model lab_staging.cyto_backlog_gold
18:48:08.589532 [info ]: Started model lab_staging.cyto_backlog_silver
18:48:08.589538 [debug]: Started rendering model lab_staging.cyto_backlog_silver
18:48:08.589547 [info ]: Started model lab_staging.date_filter_bronze
18:48:08.589559 [debug]: Started rendering model lab_staging.date_filter_bronze
18:48:08.589570 [info ]: Finished loading project [  0.13s]
18:48:08.589574 [info ]: Started model lab_staging.cyto_backlog_bronze
18:48:08.589587 [debug]: Started rendering model lab_staging.cyto_backlog_bronze
18:48:08.591892 [debug]: Compiled SQL for node model.lab_dbt.cyto_backlog_silver at target\.lsp\compiled\lab_dbt\models\silver\cyto_backlog_silver.sql
18:48:08.591969 [debug]: Compiled SQL for node model.lab_dbt.powerpath_cyto_biopsy_silver at target\.lsp\compiled\lab_dbt\models\silver\powerpath_cyto_biopsy_silver.sql
18:48:08.592048 [debug]: Finished rendering [  0.00s] model lab_staging.cyto_backlog_silver [success]
18:48:08.592096 [info ]: Started analyzing (6 nodes)
18:48:08.592110 [debug]: Started analyzing model lab_staging.cyto_backlog_silver
18:48:08.592139 [debug]: Finished rendering [  0.00s] model lab_staging.powerpath_cyto_biopsy_silver [success]
18:48:08.592157 [debug]: Compiled SQL for node model.lab_dbt.cyto_backlog_gold at target\.lsp\compiled\lab_dbt\models\gold\cyto_backlog_gold.sql
18:48:08.592161 [debug]: Started analyzing model lab_staging.powerpath_cyto_biopsy_silver
18:48:08.592361 [debug]: Compiled SQL for node model.lab_dbt.date_filter_bronze at target\.lsp\compiled\lab_dbt\models\bronze\date_filter_bronze.sql
18:48:08.592401 [debug]: Compiled SQL for node model.lab_dbt.powerpath_cyto_biopsy_bronze at target\.lsp\compiled\lab_dbt\models\bronze\powerpath_cyto_biopsy_bronze.sql
18:48:08.592415 [debug]: Finished rendering [  0.00s] model lab_staging.cyto_backlog_gold [success]
18:48:08.592437 [debug]: Started analyzing model lab_staging.cyto_backlog_gold
18:48:08.592532 [debug]: Finished rendering [  0.00s] model lab_staging.date_filter_bronze [success]
18:48:08.592557 [debug]: Started analyzing model lab_staging.date_filter_bronze
18:48:08.592654 [debug]: Finished rendering [  0.00s] model lab_staging.powerpath_cyto_biopsy_bronze [success]
18:48:08.592675 [debug]: Started analyzing model lab_staging.powerpath_cyto_biopsy_bronze
18:48:08.593522 [debug]: Compiled SQL for node model.lab_dbt.cyto_backlog_bronze at target\.lsp\compiled\lab_dbt\models\bronze\cyto_backlog_bronze.sql
18:48:08.593673 [debug]: Finished analyzing [  0.00s] model lab_staging.cyto_backlog_gold [success]
18:48:08.593707 [info ]:  Succeeded [  0.00s] model lab_staging.cyto_backlog_gold (table)
18:48:08.593741 [debug]: Finished analyzing [  0.00s] model lab_staging.powerpath_cyto_biopsy_bronze [success]
18:48:08.593755 [info ]:  Succeeded [  0.00s] model lab_staging.powerpath_cyto_biopsy_bronze (table)
18:48:08.593768 [warn ]: [SyntaxInvalid (dbt0101)]: mismatched input 'cleaned' expecting one of <EOF>, ';'
  --> models/silver/cyto_backlog_silver.sql:32:71 (target\.lsp\compiled\lab_dbt\models\silver\cyto_backlog_silver.sql:32:71)
18:48:08.593783 [debug]: Finished rendering [  0.00s] model lab_staging.cyto_backlog_bronze [success]
18:48:08.593797 [info ]: Finished rendering [  0.00s] (6 nodes, 0 skipped, 0 errors)
18:48:08.593816 [debug]: Started analyzing model lab_staging.cyto_backlog_bronze
18:48:08.593867 [info ]:  Succeeded [  0.00s] model lab_staging.cyto_backlog_silver (table)
18:48:08.593878 [debug]: Finished analyzing [  0.00s] model lab_staging.cyto_backlog_silver [success]
18:48:08.595016 [debug]: Finished analyzing [  0.00s] model lab_staging.date_filter_bronze [success]
18:48:08.595043 [info ]:  Succeeded [  0.00s] model lab_staging.date_filter_bronze (table)
18:48:08.595237 [debug]: Finished analyzing [  0.00s] model lab_staging.cyto_backlog_bronze [success]
18:48:08.595261 [info ]:  Succeeded [  0.01s] model lab_staging.cyto_backlog_bronze (table)
18:48:08.596838 [debug]: Finished analyzing [  0.00s] model lab_staging.powerpath_cyto_biopsy_silver [success]
18:48:08.596866 [info ]: Finished analyzing [  0.00s] (6 nodes, 0 skipped, 0 errors)
18:48:08.596878 [info ]:  Succeeded [  0.01s] model lab_staging.powerpath_cyto_biopsy_silver (table)
18:48:08.602213 [info ]: Started scheduling
18:48:08.602283 [info ]: Finished scheduling [  0.00s]
18:48:08.603510 [info ]: Cached model count updated: 6 models (accurate)
18:48:38.973835 [info ]: Started loading project
18:48:38.975069 [info ]: Loading ~/.dbt/profiles.yml
18:48:38.993371 [info ]: Started loading project
18:48:38.994480 [info ]: Loading ~/.dbt/profiles.yml
18:48:38.994528 [info ]: Finished loading project [  0.02s]
18:48:39.065266 [info ]:    Started resolving packages from packages.yml
18:48:39.532846 [info ]:   Finished [  0.47s] resolving packages from packages.yml (1 items)
18:48:39.533177 [debug]:    Started loading packages
18:48:39.561638 [debug]:     Loaded [  0.03s] packages
18:48:39.563023 [info ]: Finished loading project [  0.57s]
18:48:39.563407 [info ]: Started parsing
18:48:39.648834 [debug]: Finished parsing models/gold/schema.yml [  0.00s]
18:48:39.649306 [debug]: Finished parsing models/silver/schema.yml [  0.00s]
18:48:39.649734 [debug]: Finished parsing models/sources.yml [  0.00s]
18:48:39.651508 [debug]: Finished parsing models/bronze/cyto_backlog_bronze.sql [  0.00s]
18:48:39.652742 [debug]: Finished parsing models/bronze/date_filter_bronze.sql [  0.00s]
18:48:39.654685 [debug]: Finished parsing models/bronze/powerpath_cyto_biopsy_bronze.sql [  0.00s]
18:48:39.656439 [debug]: Finished parsing models/gold/cyto_backlog_gold.sql [  0.00s]
18:48:39.657704 [debug]: Finished parsing models/silver/cyto_backlog_silver.sql [  0.00s]
18:48:39.659500 [debug]: Finished parsing models/silver/powerpath_cyto_biopsy_silver.sql [  0.00s]
18:48:39.671432 [info ]: Finished parsing [  0.11s]
18:48:39.673763 [info ]: Cached model count updated: 6 models (estimate)
18:48:39.673788 [info ]: Cached model count updated: 6 models (accurate)
18:48:39.673825 [info ]: Started scheduling
18:48:39.673896 [info ]: Finished scheduling [  0.00s]
18:48:39.673912 [debug]: Compilation - 0 nodes selected: {}
18:48:39.673932 [warn ]: [NoNodesForSelectionCriteria (dbt1092)]: The selection criterion '' does not match any enabled nodes
18:48:39.673950 [warn ]: [NoNodesSelected (dbt1601)]: Nothing to do. Try checking your model configs and model specification args
18:48:39.673961 [info ]: Started scheduling
18:48:39.674091 [info ]: Finished scheduling [  0.00s]
18:48:39.674678 [debug]: Initializing schema store with entry: Frontier(CanonicalFqn { catalog: "opsanalytics_adb_workspace01", schema: "lab", table: "lab_kpi_ap_tat_targets" }) and interval: None
18:48:39.674777 [debug]: Initializing schema store with entry: Frontier(CanonicalFqn { catalog: "opsanalytics_adb_workspace01", schema: "lab", table: "lab_kpi_ap_patient_setting" }) and interval: None
18:48:39.674847 [debug]: Initializing schema store with entry: Frontier(CanonicalFqn { catalog: "opsanalytics_adb_workspace01", schema: "lab", table: "cyto_backlog_raw" }) and interval: None
18:48:39.674904 [debug]: Initializing schema store with entry: Frontier(CanonicalFqn { catalog: "opsanalytics_adb_workspace01", schema: "lab", table: "powerpath_cyto_biopsy_historical" }) and interval: None
18:48:39.674995 [debug]: Initializing schema store with entry: Frontier(CanonicalFqn { catalog: "opsanalytics_adb_workspace01", schema: "lab", table: "mshs_holidays" }) and interval: None
18:48:39.675062 [debug]: Initializing schema store with entry: Frontier(CanonicalFqn { catalog: "opsanalytics_adb_workspace01", schema: "lab", table: "powerpath_raw" }) and interval: None
18:48:39.778489 [info ]: Started building task graph
18:48:39.778516 [info ]: Finished building task graph [  0.00s]
18:48:39.801288 [info ]: Started scheduling
18:48:39.801345 [info ]: Finished scheduling [  0.00s]
18:48:39.807162 [info ]: Cached model count updated: 6 models (accurate)
18:48:41.356959 [info ]: Started loading project
18:48:41.358097 [info ]: Loading ~/.dbt/profiles.yml
18:48:41.412576 [info ]: Cached model count updated: 6 models (estimate)
18:48:41.412596 [info ]: Cached model count updated: 6 models (accurate)
18:48:41.412628 [info ]: Started scheduling
18:48:41.412743 [info ]: Finished scheduling [  0.00s]
18:48:41.412760 [debug]: Compilation - 6 nodes selected: {"model.lab_dbt.cyto_backlog_bronze", "model.lab_dbt.cyto_backlog_gold", "model.lab_dbt.cyto_backlog_silver", "model.lab_dbt.date_filter_bronze", "model.lab_dbt.powerpath_cyto_biopsy_bronze", "model.lab_dbt.powerpath_cyto_biopsy_silver"}
18:48:41.488518 [info ]: Started building task graph
18:48:41.488648 [info ]: Finished building task graph [  0.00s]
18:48:41.498917 [info ]: Started rendering (6 nodes)
18:48:41.498944 [info ]: Started model lab_staging.powerpath_cyto_biopsy_silver
18:48:41.498957 [debug]: Started rendering model lab_staging.powerpath_cyto_biopsy_silver
18:48:41.498983 [info ]: Started model lab_staging.powerpath_cyto_biopsy_bronze
18:48:41.498996 [debug]: Started rendering model lab_staging.powerpath_cyto_biopsy_bronze
18:48:41.499006 [info ]: Started model lab_staging.cyto_backlog_gold
18:48:41.499014 [debug]: Started rendering model lab_staging.cyto_backlog_gold
18:48:41.499029 [info ]: Started model lab_staging.cyto_backlog_silver
18:48:41.499040 [debug]: Started rendering model lab_staging.cyto_backlog_silver
18:48:41.499059 [info ]: Started model lab_staging.date_filter_bronze
18:48:41.499068 [debug]: Started rendering model lab_staging.date_filter_bronze
18:48:41.499067 [info ]: Finished loading project [  0.14s]
18:48:41.499088 [info ]: Started model lab_staging.cyto_backlog_bronze
18:48:41.499105 [debug]: Started rendering model lab_staging.cyto_backlog_bronze
18:48:41.504528 [debug]: Compiled SQL for node model.lab_dbt.powerpath_cyto_biopsy_bronze at target\.lsp\compiled\lab_dbt\models\bronze\powerpath_cyto_biopsy_bronze.sql
18:48:41.504690 [debug]: Finished rendering [  0.01s] model lab_staging.powerpath_cyto_biopsy_bronze [success]
18:48:41.504749 [info ]: Started analyzing (6 nodes)
18:48:41.504762 [debug]: Started analyzing model lab_staging.powerpath_cyto_biopsy_bronze
18:48:41.505400 [debug]: Compiled SQL for node model.lab_dbt.powerpath_cyto_biopsy_silver at target\.lsp\compiled\lab_dbt\models\silver\powerpath_cyto_biopsy_silver.sql
18:48:41.505723 [debug]: Finished rendering [  0.01s] model lab_staging.powerpath_cyto_biopsy_silver [success]
18:48:41.505791 [debug]: Started analyzing model lab_staging.powerpath_cyto_biopsy_silver
18:48:41.506226 [debug]: Finished analyzing [  0.00s] model lab_staging.powerpath_cyto_biopsy_bronze [success]
18:48:41.506252 [info ]:  Succeeded [  0.01s] model lab_staging.powerpath_cyto_biopsy_bronze (table)
18:48:41.507394 [debug]: Compiled SQL for node model.lab_dbt.cyto_backlog_bronze at target\.lsp\compiled\lab_dbt\models\bronze\cyto_backlog_bronze.sql
18:48:41.508078 [debug]: Compiled SQL for node model.lab_dbt.cyto_backlog_gold at target\.lsp\compiled\lab_dbt\models\gold\cyto_backlog_gold.sql
18:48:41.508420 [debug]: Compiled SQL for node model.lab_dbt.cyto_backlog_silver at target\.lsp\compiled\lab_dbt\models\silver\cyto_backlog_silver.sql
18:48:41.508766 [debug]: Finished rendering [  0.01s] model lab_staging.cyto_backlog_bronze [success]
18:48:41.508809 [debug]: Started analyzing model lab_staging.cyto_backlog_bronze
18:48:41.509930 [debug]: Finished analyzing [  0.00s] model lab_staging.powerpath_cyto_biopsy_silver [success]
18:48:41.509965 [info ]:  Succeeded [  0.01s] model lab_staging.powerpath_cyto_biopsy_silver (table)
18:48:41.510013 [debug]: Finished rendering [  0.01s] model lab_staging.cyto_backlog_gold [success]
18:48:41.510038 [debug]: Started analyzing model lab_staging.cyto_backlog_gold
18:48:41.510514 [debug]: Finished rendering [  0.01s] model lab_staging.cyto_backlog_silver [success]
18:48:41.510545 [debug]: Started analyzing model lab_staging.cyto_backlog_silver
18:48:41.510765 [debug]: Compiled SQL for node model.lab_dbt.date_filter_bronze at target\.lsp\compiled\lab_dbt\models\bronze\date_filter_bronze.sql
18:48:41.510952 [debug]: Finished analyzing [  0.00s] model lab_staging.cyto_backlog_gold [success]
18:48:41.510971 [info ]:  Succeeded [  0.01s] model lab_staging.cyto_backlog_gold (table)
18:48:41.510997 [debug]: Finished analyzing [  0.00s] model lab_staging.cyto_backlog_bronze [success]
18:48:41.511012 [info ]:  Succeeded [  0.01s] model lab_staging.cyto_backlog_bronze (table)
18:48:41.511044 [debug]: Finished rendering [  0.01s] model lab_staging.date_filter_bronze [success]
18:48:41.511055 [info ]: Finished rendering [  0.01s] (6 nodes, 0 skipped, 0 errors)
18:48:41.511072 [debug]: Started analyzing model lab_staging.date_filter_bronze
18:48:41.512087 [warn ]: [SyntaxInvalid (dbt0101)]: mismatched input 'cleaned' expecting one of <EOF>, ';'
  --> models/silver/cyto_backlog_silver.sql:32:71 (target\.lsp\compiled\lab_dbt\models\silver\cyto_backlog_silver.sql:32:71)
18:48:41.512177 [info ]:  Succeeded [  0.01s] model lab_staging.cyto_backlog_silver (table)
18:48:41.512225 [debug]: Finished analyzing [  0.00s] model lab_staging.cyto_backlog_silver [success]
18:48:41.512290 [debug]: Finished analyzing [  0.00s] model lab_staging.date_filter_bronze [success]
18:48:41.512308 [info ]: Finished analyzing [  0.01s] (6 nodes, 0 skipped, 0 errors)
18:48:41.512319 [info ]:  Succeeded [  0.01s] model lab_staging.date_filter_bronze (table)
18:48:41.519961 [info ]: Started scheduling
18:48:41.520037 [info ]: Finished scheduling [  0.00s]
18:48:41.522219 [info ]: Cached model count updated: 6 models (accurate)
19:01:13.487546 [info ]: Started loading project
19:01:13.489358 [info ]: Loading ~/.dbt/profiles.yml
19:01:13.512607 [info ]: Started loading project
19:01:13.513601 [info ]: Loading ~/.dbt/profiles.yml
19:01:13.513633 [info ]: Finished loading project [  0.03s]
19:01:13.602509 [info ]:    Started resolving packages from packages.yml
19:01:14.130892 [info ]:   Finished [  0.53s] resolving packages from packages.yml (1 items)
19:01:14.131146 [debug]:    Started loading packages
19:01:14.153108 [debug]:     Loaded [  0.02s] packages
19:01:14.154778 [info ]: Finished loading project [  0.64s]
19:01:14.155338 [info ]: Started parsing
19:01:14.323368 [debug]: Finished parsing models/gold/schema.yml [  0.00s]
19:01:14.324244 [debug]: Finished parsing models/silver/schema.yml [  0.00s]
19:01:14.325206 [debug]: Finished parsing models/sources.yml [  0.00s]
19:01:14.328948 [debug]: Finished parsing models/bronze/cyto_backlog_bronze.sql [  0.00s]
19:01:14.330269 [debug]: Finished parsing models/bronze/date_filter_bronze.sql [  0.00s]
19:01:14.331921 [debug]: Finished parsing models/bronze/powerpath_cyto_biopsy_bronze.sql [  0.00s]
19:01:14.333485 [debug]: Finished parsing models/gold/cyto_backlog_gold.sql [  0.00s]
19:01:14.334612 [debug]: Finished parsing models/gold/powerpath_cyto_gold.sql [  0.00s]
19:01:14.335868 [debug]: Finished parsing models/silver/cyto_backlog_silver.sql [  0.00s]
19:01:14.337713 [debug]: Finished parsing models/silver/powerpath_cyto_biopsy_silver.sql [  0.00s]
19:01:14.354052 [info ]: Finished parsing [  0.20s]
19:01:14.355969 [info ]: Cached model count updated: 7 models (estimate)
19:01:14.355999 [info ]: Cached model count updated: 7 models (accurate)
19:01:14.356050 [info ]: Started scheduling
19:01:14.356130 [info ]: Finished scheduling [  0.00s]
19:01:14.356154 [debug]: Compilation - 0 nodes selected: {}
19:01:14.356178 [warn ]: [NoNodesForSelectionCriteria (dbt1092)]: The selection criterion '' does not match any enabled nodes
19:01:14.356195 [warn ]: [NoNodesSelected (dbt1601)]: Nothing to do. Try checking your model configs and model specification args
19:01:14.356206 [info ]: Started scheduling
19:01:14.356334 [info ]: Finished scheduling [  0.00s]
19:01:14.356428 [debug]: Initializing schema store with entry: Frontier(CanonicalFqn { catalog: "opsanalytics_adb_workspace01", schema: "lab", table: "mshs_holidays" }) and interval: None
19:01:14.356516 [debug]: Initializing schema store with entry: Frontier(CanonicalFqn { catalog: "opsanalytics_adb_workspace01", schema: "lab", table: "powerpath_cyto_biopsy_historical" }) and interval: None
19:01:14.356577 [debug]: Initializing schema store with entry: Frontier(CanonicalFqn { catalog: "opsanalytics_adb_workspace01", schema: "lab", table: "cyto_backlog_raw" }) and interval: None
19:01:14.356623 [debug]: Initializing schema store with entry: Frontier(CanonicalFqn { catalog: "opsanalytics_adb_workspace01", schema: "lab", table: "lab_kpi_ap_patient_setting" }) and interval: None
19:01:14.356907 [debug]: Initializing schema store with entry: Frontier(CanonicalFqn { catalog: "opsanalytics_adb_workspace01", schema: "lab", table: "powerpath_raw" }) and interval: None
19:01:14.357032 [debug]: Initializing schema store with entry: Frontier(CanonicalFqn { catalog: "opsanalytics_adb_workspace01", schema: "lab", table: "lab_kpi_ap_tat_targets" }) and interval: None
19:01:14.462670 [info ]: Started building task graph
19:01:14.462719 [info ]: Finished building task graph [  0.00s]
19:01:14.489313 [info ]: Started scheduling
19:01:14.489375 [info ]: Finished scheduling [  0.00s]
19:01:14.494063 [info ]: Cached model count updated: 7 models (accurate)
19:01:16.053669 [info ]: Started loading project
19:01:16.054550 [info ]: Loading ~/.dbt/profiles.yml
19:01:16.136383 [info ]: Cached model count updated: 7 models (estimate)
19:01:16.136407 [info ]: Cached model count updated: 7 models (accurate)
19:01:16.136468 [info ]: Started scheduling
19:01:16.136622 [info ]: Finished scheduling [  0.00s]
19:01:16.136645 [debug]: Compilation - 6 nodes selected: {"model.lab_dbt.cyto_backlog_bronze", "model.lab_dbt.cyto_backlog_gold", "model.lab_dbt.cyto_backlog_silver", "model.lab_dbt.date_filter_bronze", "model.lab_dbt.powerpath_cyto_biopsy_bronze", "model.lab_dbt.powerpath_cyto_biopsy_silver"}
19:01:16.231659 [info ]: Started building task graph
19:01:16.231906 [info ]: Finished building task graph [  0.00s]
19:01:16.248664 [info ]: Started rendering (6 nodes)
19:01:16.248707 [info ]: Started model lab_staging.powerpath_cyto_biopsy_silver
19:01:16.249045 [debug]: Started rendering model lab_staging.powerpath_cyto_biopsy_silver
19:01:16.249091 [info ]: Started model lab_staging.powerpath_cyto_biopsy_bronze
19:01:16.249105 [debug]: Started rendering model lab_staging.powerpath_cyto_biopsy_bronze
19:01:16.249114 [info ]: Finished loading project [  0.20s]
19:01:16.249149 [info ]: Started model lab_staging.cyto_backlog_gold
19:01:16.249163 [debug]: Started rendering model lab_staging.cyto_backlog_gold
19:01:16.249185 [info ]: Started model lab_staging.cyto_backlog_silver
19:01:16.249197 [debug]: Started rendering model lab_staging.cyto_backlog_silver
19:01:16.249275 [info ]: Started model lab_staging.date_filter_bronze
19:01:16.249291 [debug]: Started rendering model lab_staging.date_filter_bronze
19:01:16.249309 [info ]: Started model lab_staging.cyto_backlog_bronze
19:01:16.249321 [debug]: Started rendering model lab_staging.cyto_backlog_bronze
19:01:16.258180 [debug]: Compiled SQL for node model.lab_dbt.cyto_backlog_silver at target\.lsp\compiled\lab_dbt\models\silver\cyto_backlog_silver.sql
19:01:16.258546 [debug]: Finished rendering [  0.01s] model lab_staging.cyto_backlog_silver [success]
19:01:16.258604 [info ]: Started analyzing (6 nodes)
19:01:16.258619 [debug]: Started analyzing model lab_staging.cyto_backlog_silver
19:01:16.259034 [debug]: Compiled SQL for node model.lab_dbt.cyto_backlog_gold at target\.lsp\compiled\lab_dbt\models\gold\cyto_backlog_gold.sql
19:01:16.259806 [debug]: Finished rendering [  0.01s] model lab_staging.cyto_backlog_gold [success]
19:01:16.260286 [debug]: Started analyzing model lab_staging.cyto_backlog_gold
19:01:16.261192 [debug]: Compiled SQL for node model.lab_dbt.powerpath_cyto_biopsy_silver at target\.lsp\compiled\lab_dbt\models\silver\powerpath_cyto_biopsy_silver.sql
19:01:16.261487 [debug]: Finished rendering [  0.01s] model lab_staging.powerpath_cyto_biopsy_silver [success]
19:01:16.261543 [debug]: Started analyzing model lab_staging.powerpath_cyto_biopsy_silver
19:01:16.261591 [debug]: Finished analyzing [  0.00s] model lab_staging.cyto_backlog_gold [success]
19:01:16.261614 [info ]:  Succeeded [  0.01s] model lab_staging.cyto_backlog_gold (table)
19:01:16.262295 [warn ]: [SyntaxInvalid (dbt0101)]: mismatched input 'cleaned' expecting one of <EOF>, ';'
  --> models/silver/cyto_backlog_silver.sql:32:71 (target\.lsp\compiled\lab_dbt\models\silver\cyto_backlog_silver.sql:32:71)
19:01:16.262302 [debug]: Compiled SQL for node model.lab_dbt.powerpath_cyto_biopsy_bronze at target\.lsp\compiled\lab_dbt\models\bronze\powerpath_cyto_biopsy_bronze.sql
19:01:16.263036 [info ]:  Succeeded [  0.01s] model lab_staging.cyto_backlog_silver (table)
19:01:16.263222 [debug]: Finished analyzing [  0.00s] model lab_staging.cyto_backlog_silver [success]
19:01:16.261814 [debug]: Compiled SQL for node model.lab_dbt.date_filter_bronze at target\.lsp\compiled\lab_dbt\models\bronze\date_filter_bronze.sql
19:01:16.263631 [debug]: Finished rendering [  0.01s] model lab_staging.powerpath_cyto_biopsy_bronze [success]
19:01:16.263672 [debug]: Started analyzing model lab_staging.powerpath_cyto_biopsy_bronze
19:01:16.263707 [debug]: Finished rendering [  0.01s] model lab_staging.date_filter_bronze [success]
19:01:16.263727 [debug]: Started analyzing model lab_staging.date_filter_bronze
19:01:16.263850 [debug]: Compiled SQL for node model.lab_dbt.cyto_backlog_bronze at target\.lsp\compiled\lab_dbt\models\bronze\cyto_backlog_bronze.sql
19:01:16.264739 [debug]: Finished rendering [  0.02s] model lab_staging.cyto_backlog_bronze [success]
19:01:16.264782 [info ]: Finished rendering [  0.02s] (6 nodes, 0 skipped, 0 errors)
19:01:16.264832 [debug]: Started analyzing model lab_staging.cyto_backlog_bronze
19:01:16.265293 [debug]: Finished analyzing [  0.00s] model lab_staging.powerpath_cyto_biopsy_bronze [success]
19:01:16.265333 [info ]:  Succeeded [  0.01s] model lab_staging.powerpath_cyto_biopsy_bronze (table)
19:01:16.265937 [debug]: Finished analyzing [  0.00s] model lab_staging.date_filter_bronze [success]
19:01:16.265993 [info ]:  Succeeded [  0.02s] model lab_staging.date_filter_bronze (table)
19:01:16.266727 [debug]: Finished analyzing [  0.00s] model lab_staging.cyto_backlog_bronze [success]
19:01:16.266759 [info ]:  Succeeded [  0.02s] model lab_staging.cyto_backlog_bronze (table)
19:01:16.269220 [debug]: Finished analyzing [  0.01s] model lab_staging.powerpath_cyto_biopsy_silver [success]
19:01:16.269259 [info ]: Finished analyzing [  0.01s] (6 nodes, 0 skipped, 0 errors)
19:01:16.269279 [info ]:  Succeeded [  0.02s] model lab_staging.powerpath_cyto_biopsy_silver (table)
19:01:16.277112 [info ]: Started scheduling
19:01:16.277187 [info ]: Finished scheduling [  0.00s]
19:01:16.279776 [info ]: Cached model count updated: 7 models (accurate)
19:01:19.587055 [info ]: Started loading project
19:01:19.587937 [info ]: Loading ~/.dbt/profiles.yml
19:01:19.604942 [info ]: Started parsing
19:01:19.695947 [info ]: Finished loading project [  0.11s]
19:01:19.703359 [debug]: Finished parsing models/gold/powerpath_cyto_gold.sql [  0.00s]
19:01:19.710094 [info ]: Finished parsing [  0.11s]
19:01:19.714721 [info ]: Cached model count updated: 7 models (estimate)
19:01:19.714743 [info ]: Cached model count updated: 7 models (accurate)
19:01:19.714772 [info ]: Started scheduling
19:01:19.714902 [info ]: Finished scheduling [  0.00s]
19:01:19.714921 [debug]: Compilation - 4 nodes selected: {"model.lab_dbt.date_filter_bronze", "model.lab_dbt.powerpath_cyto_biopsy_bronze", "model.lab_dbt.powerpath_cyto_biopsy_silver", "model.lab_dbt.powerpath_cyto_gold"}
19:01:19.786572 [info ]: Started building task graph
19:01:19.786652 [info ]: Finished building task graph [  0.00s]
19:01:19.797705 [info ]: Started rendering (4 nodes)
19:01:19.797755 [info ]: Started model lab_staging.powerpath_cyto_gold
19:01:19.797772 [debug]: Started rendering model lab_staging.powerpath_cyto_gold
19:01:19.797804 [info ]: Started model lab_staging.powerpath_cyto_biopsy_silver
19:01:19.797816 [debug]: Started rendering model lab_staging.powerpath_cyto_biopsy_silver
19:01:19.797841 [info ]: Started model lab_staging.powerpath_cyto_biopsy_bronze
19:01:19.797853 [debug]: Started rendering model lab_staging.powerpath_cyto_biopsy_bronze
19:01:19.797876 [info ]: Started model lab_staging.date_filter_bronze
19:01:19.797887 [debug]: Started rendering model lab_staging.date_filter_bronze
19:01:19.800631 [debug]: Compiled SQL for node model.lab_dbt.powerpath_cyto_biopsy_bronze at target\.lsp\compiled\lab_dbt\models\bronze\powerpath_cyto_biopsy_bronze.sql
19:01:19.801034 [debug]: Compiled SQL for node model.lab_dbt.powerpath_cyto_biopsy_silver at target\.lsp\compiled\lab_dbt\models\silver\powerpath_cyto_biopsy_silver.sql
19:01:19.801389 [debug]: Finished rendering [  0.00s] model lab_staging.powerpath_cyto_biopsy_bronze [success]
19:01:19.801481 [info ]: Started analyzing (4 nodes)
19:01:19.801517 [debug]: Started analyzing model lab_staging.powerpath_cyto_biopsy_bronze
19:01:19.801579 [debug]: Finished rendering [  0.00s] model lab_staging.powerpath_cyto_biopsy_silver [success]
19:01:19.801594 [debug]: Started analyzing model lab_staging.powerpath_cyto_biopsy_silver
19:01:19.802677 [debug]: Compiled SQL for node model.lab_dbt.date_filter_bronze at target\.lsp\compiled\lab_dbt\models\bronze\date_filter_bronze.sql
19:01:19.803140 [debug]: Finished rendering [  0.01s] model lab_staging.date_filter_bronze [success]
19:01:19.803192 [debug]: Started analyzing model lab_staging.date_filter_bronze
19:01:19.803267 [debug]: Finished analyzing [  0.00s] model lab_staging.powerpath_cyto_biopsy_bronze [success]
19:01:19.803288 [info ]:  Succeeded [  0.00s] model lab_staging.powerpath_cyto_biopsy_bronze (table)
19:01:19.804690 [debug]: Finished analyzing [  0.00s] model lab_staging.date_filter_bronze [success]
19:01:19.804727 [info ]:  Succeeded [  0.01s] model lab_staging.date_filter_bronze (table)
19:01:19.805434 [debug]: Finished analyzing [  0.00s] model lab_staging.powerpath_cyto_biopsy_silver [success]
19:01:19.805459 [info ]:  Succeeded [  0.01s] model lab_staging.powerpath_cyto_biopsy_silver (table)
19:01:19.805600 [debug]: Compiled SQL for node model.lab_dbt.powerpath_cyto_gold at target\.lsp\compiled\lab_dbt\models\gold\powerpath_cyto_gold.sql
19:01:19.805724 [debug]: Finished rendering [  0.01s] model lab_staging.powerpath_cyto_gold [success]
19:01:19.805739 [info ]: Finished rendering [  0.01s] (4 nodes, 0 skipped, 0 errors)
19:01:19.805755 [debug]: Started analyzing model lab_staging.powerpath_cyto_gold
19:01:19.834674 [debug]: Finished analyzing [  0.03s] model lab_staging.powerpath_cyto_gold [success]
19:01:19.834701 [info ]: Finished analyzing [  0.03s] (4 nodes, 0 skipped, 0 errors)
19:01:19.834710 [info ]:  Succeeded [  0.04s] model lab_staging.powerpath_cyto_gold (table)
19:01:19.839850 [info ]: Started scheduling
19:01:19.840005 [info ]: Finished scheduling [  0.00s]
19:01:19.842084 [info ]: Cached model count updated: 7 models (accurate)
19:01:21.403048 [info ]: Started loading project
19:01:21.404018 [info ]: Loading ~/.dbt/profiles.yml
19:01:21.460130 [info ]: Cached model count updated: 7 models (estimate)
19:01:21.460150 [info ]: Cached model count updated: 7 models (accurate)
19:01:21.460189 [info ]: Started scheduling
19:01:21.460303 [info ]: Finished scheduling [  0.00s]
19:01:21.460319 [debug]: Compilation - 7 nodes selected: {"model.lab_dbt.cyto_backlog_bronze", "model.lab_dbt.cyto_backlog_gold", "model.lab_dbt.cyto_backlog_silver", "model.lab_dbt.date_filter_bronze", "model.lab_dbt.powerpath_cyto_biopsy_bronze", "model.lab_dbt.powerpath_cyto_biopsy_silver", "model.lab_dbt.powerpath_cyto_gold"}
19:01:21.529506 [info ]: Started building task graph
19:01:21.529610 [info ]: Finished building task graph [  0.00s]
19:01:21.540380 [info ]: Started rendering (7 nodes)
19:01:21.540406 [info ]: Started model lab_staging.powerpath_cyto_gold
19:01:21.540433 [debug]: Started rendering model lab_staging.powerpath_cyto_gold
19:01:21.540460 [info ]: Started model lab_staging.powerpath_cyto_biopsy_silver
19:01:21.540478 [debug]: Started rendering model lab_staging.powerpath_cyto_biopsy_silver
19:01:21.540492 [info ]: Started model lab_staging.powerpath_cyto_biopsy_bronze
19:01:21.540497 [debug]: Started rendering model lab_staging.powerpath_cyto_biopsy_bronze
19:01:21.540507 [info ]: Started model lab_staging.cyto_backlog_gold
19:01:21.540518 [debug]: Started rendering model lab_staging.cyto_backlog_gold
19:01:21.540533 [info ]: Started model lab_staging.cyto_backlog_silver
19:01:21.540534 [info ]: Finished loading project [  0.14s]
19:01:21.540553 [debug]: Started rendering model lab_staging.cyto_backlog_silver
19:01:21.540568 [info ]: Started model lab_staging.date_filter_bronze
19:01:21.540579 [debug]: Started rendering model lab_staging.date_filter_bronze
19:01:21.540600 [info ]: Started model lab_staging.cyto_backlog_bronze
19:01:21.540611 [debug]: Started rendering model lab_staging.cyto_backlog_bronze
19:01:21.542956 [debug]: Compiled SQL for node model.lab_dbt.powerpath_cyto_biopsy_silver at target\.lsp\compiled\lab_dbt\models\silver\powerpath_cyto_biopsy_silver.sql
19:01:21.542948 [debug]: Compiled SQL for node model.lab_dbt.cyto_backlog_gold at target\.lsp\compiled\lab_dbt\models\gold\cyto_backlog_gold.sql
19:01:21.543020 [debug]: Compiled SQL for node model.lab_dbt.powerpath_cyto_biopsy_bronze at target\.lsp\compiled\lab_dbt\models\bronze\powerpath_cyto_biopsy_bronze.sql
19:01:21.543259 [debug]: Compiled SQL for node model.lab_dbt.powerpath_cyto_gold at target\.lsp\compiled\lab_dbt\models\gold\powerpath_cyto_gold.sql
19:01:21.543289 [info ]: Started analyzing (7 nodes)
19:01:21.543307 [debug]: Started analyzing model lab_staging.cyto_backlog_gold
19:01:21.543309 [debug]: Finished rendering [  0.00s] model lab_staging.cyto_backlog_gold [success]
19:01:21.543424 [debug]: Finished rendering [  0.00s] model lab_staging.powerpath_cyto_biopsy_silver [success]
19:01:21.543450 [debug]: Started analyzing model lab_staging.powerpath_cyto_biopsy_silver
19:01:21.543699 [debug]: Finished rendering [  0.00s] model lab_staging.powerpath_cyto_biopsy_bronze [success]
19:01:21.543720 [debug]: Compiled SQL for node model.lab_dbt.cyto_backlog_bronze at target\.lsp\compiled\lab_dbt\models\bronze\cyto_backlog_bronze.sql
19:01:21.543733 [debug]: Started analyzing model lab_staging.powerpath_cyto_biopsy_bronze
19:01:21.543768 [debug]: Compiled SQL for node model.lab_dbt.cyto_backlog_silver at target\.lsp\compiled\lab_dbt\models\silver\cyto_backlog_silver.sql
19:01:21.543820 [debug]: Finished rendering [  0.00s] model lab_staging.powerpath_cyto_gold [success]
19:01:21.543840 [debug]: Started analyzing model lab_staging.powerpath_cyto_gold
19:01:21.544089 [debug]: Compiled SQL for node model.lab_dbt.date_filter_bronze at target\.lsp\compiled\lab_dbt\models\bronze\date_filter_bronze.sql
19:01:21.544308 [debug]: Finished rendering [  0.00s] model lab_staging.cyto_backlog_bronze [success]
19:01:21.544348 [debug]: Started analyzing model lab_staging.cyto_backlog_bronze
19:01:21.544524 [debug]: Finished analyzing [  0.00s] model lab_staging.cyto_backlog_gold [success]
19:01:21.544543 [info ]:  Succeeded [  0.00s] model lab_staging.cyto_backlog_gold (table)
19:01:21.544598 [debug]: Finished rendering [  0.00s] model lab_staging.cyto_backlog_silver [success]
19:01:21.544621 [debug]: Started analyzing model lab_staging.cyto_backlog_silver
19:01:21.544840 [debug]: Finished analyzing [  0.00s] model lab_staging.powerpath_cyto_biopsy_bronze [success]
19:01:21.544864 [info ]:  Succeeded [  0.00s] model lab_staging.powerpath_cyto_biopsy_bronze (table)
19:01:21.544906 [debug]: Finished rendering [  0.00s] model lab_staging.date_filter_bronze [success]
19:01:21.544921 [info ]: Finished rendering [  0.00s] (7 nodes, 0 skipped, 0 errors)
19:01:21.544938 [debug]: Started analyzing model lab_staging.date_filter_bronze
19:01:21.546626 [debug]: Finished analyzing [  0.00s] model lab_staging.cyto_backlog_bronze [success]
19:01:21.546655 [info ]:  Succeeded [  0.01s] model lab_staging.cyto_backlog_bronze (table)
19:01:21.546733 [debug]: Finished analyzing [  0.00s] model lab_staging.date_filter_bronze [success]
19:01:21.546754 [info ]:  Succeeded [  0.01s] model lab_staging.date_filter_bronze (table)
19:01:21.547252 [debug]: Finished analyzing [  0.00s] model lab_staging.powerpath_cyto_gold [success]
19:01:21.547275 [info ]:  Succeeded [  0.01s] model lab_staging.powerpath_cyto_gold (table)
19:01:21.547323 [warn ]: [SyntaxInvalid (dbt0101)]: mismatched input 'cleaned' expecting one of <EOF>, ';'
  --> models/silver/cyto_backlog_silver.sql:32:71 (target\.lsp\compiled\lab_dbt\models\silver\cyto_backlog_silver.sql:32:71)
19:01:21.547379 [info ]:  Succeeded [  0.01s] model lab_staging.cyto_backlog_silver (table)
19:01:21.547402 [debug]: Finished analyzing [  0.00s] model lab_staging.cyto_backlog_silver [success]
19:01:21.547749 [debug]: Finished analyzing [  0.00s] model lab_staging.powerpath_cyto_biopsy_silver [success]
19:01:21.547765 [info ]: Finished analyzing [  0.00s] (7 nodes, 0 skipped, 0 errors)
19:01:21.547774 [info ]:  Succeeded [  0.01s] model lab_staging.powerpath_cyto_biopsy_silver (table)
19:01:21.554298 [info ]: Started scheduling
19:01:21.554355 [info ]: Finished scheduling [  0.00s]
19:01:21.555406 [info ]: Cached model count updated: 7 models (accurate)
19:05:41.008251 [info ]: Started loading project
19:05:41.009282 [info ]: Loading ~/.dbt/profiles.yml
19:05:41.030474 [info ]: Started parsing
19:05:41.134284 [info ]: Finished loading project [  0.13s]
19:05:41.143993 [debug]: Finished parsing models/gold/cyto_backlog_gold.sql [  0.00s]
19:05:41.151013 [info ]: Finished parsing [  0.12s]
19:05:41.157113 [info ]: Cached model count updated: 7 models (estimate)
19:05:41.157131 [info ]: Cached model count updated: 7 models (accurate)
19:05:41.157164 [info ]: Started scheduling
19:05:41.157345 [info ]: Finished scheduling [  0.00s]
19:05:41.157367 [debug]: Compilation - 7 nodes selected: {"model.lab_dbt.cyto_backlog_bronze", "model.lab_dbt.cyto_backlog_gold", "model.lab_dbt.cyto_backlog_silver", "model.lab_dbt.date_filter_bronze", "model.lab_dbt.powerpath_cyto_biopsy_bronze", "model.lab_dbt.powerpath_cyto_biopsy_silver", "model.lab_dbt.powerpath_cyto_gold"}
19:05:41.237760 [info ]: Started building task graph
19:05:41.237863 [info ]: Finished building task graph [  0.00s]
19:05:41.255883 [info ]: Started rendering (7 nodes)
19:05:41.255912 [info ]: Started model lab_staging.cyto_backlog_gold
19:05:41.255923 [debug]: Started rendering model lab_staging.cyto_backlog_gold
19:05:41.256364 [info ]: Started model lab_staging.powerpath_cyto_gold
19:05:41.256385 [debug]: Started rendering model lab_staging.powerpath_cyto_gold
19:05:41.256425 [info ]: Started model lab_staging.powerpath_cyto_biopsy_silver
19:05:41.256433 [debug]: Started rendering model lab_staging.powerpath_cyto_biopsy_silver
19:05:41.256467 [info ]: Started model lab_staging.powerpath_cyto_biopsy_bronze
19:05:41.256483 [debug]: Started rendering model lab_staging.powerpath_cyto_biopsy_bronze
19:05:41.256495 [info ]: Started model lab_staging.cyto_backlog_silver
19:05:41.256505 [debug]: Started rendering model lab_staging.cyto_backlog_silver
19:05:41.256542 [info ]: Started model lab_staging.date_filter_bronze
19:05:41.256564 [debug]: Started rendering model lab_staging.date_filter_bronze
19:05:41.256608 [info ]: Started model lab_staging.cyto_backlog_bronze
19:05:41.256619 [debug]: Started rendering model lab_staging.cyto_backlog_bronze
19:05:41.259594 [debug]: Compiled SQL for node model.lab_dbt.powerpath_cyto_gold at target\.lsp\compiled\lab_dbt\models\gold\powerpath_cyto_gold.sql
19:05:41.259715 [debug]: Finished rendering [  0.00s] model lab_staging.powerpath_cyto_gold [success]
19:05:41.259762 [info ]: Started analyzing (7 nodes)
19:05:41.259775 [debug]: Started analyzing model lab_staging.powerpath_cyto_gold
19:05:41.261842 [debug]: Compiled SQL for node model.lab_dbt.date_filter_bronze at target\.lsp\compiled\lab_dbt\models\bronze\date_filter_bronze.sql
19:05:41.261842 [debug]: Compiled SQL for node model.lab_dbt.powerpath_cyto_biopsy_bronze at target\.lsp\compiled\lab_dbt\models\bronze\powerpath_cyto_biopsy_bronze.sql
19:05:41.261906 [debug]: Compiled SQL for node model.lab_dbt.cyto_backlog_silver at target\.lsp\compiled\lab_dbt\models\silver\cyto_backlog_silver.sql
19:05:41.261940 [debug]: Compiled SQL for node model.lab_dbt.powerpath_cyto_biopsy_silver at target\.lsp\compiled\lab_dbt\models\silver\powerpath_cyto_biopsy_silver.sql
19:05:41.261944 [debug]: Finished rendering [  0.01s] model lab_staging.date_filter_bronze [success]
19:05:41.261983 [debug]: Started analyzing model lab_staging.date_filter_bronze
19:05:41.262051 [debug]: Finished rendering [  0.01s] model lab_staging.powerpath_cyto_biopsy_bronze [success]
19:05:41.262078 [debug]: Started analyzing model lab_staging.powerpath_cyto_biopsy_bronze
19:05:41.262111 [debug]: Finished rendering [  0.01s] model lab_staging.cyto_backlog_silver [success]
19:05:41.262127 [debug]: Started analyzing model lab_staging.cyto_backlog_silver
19:05:41.262143 [debug]: Finished rendering [  0.01s] model lab_staging.powerpath_cyto_biopsy_silver [success]
19:05:41.262159 [debug]: Started analyzing model lab_staging.powerpath_cyto_biopsy_silver
19:05:41.262515 [debug]: Compiled SQL for node model.lab_dbt.cyto_backlog_gold at target\.lsp\compiled\lab_dbt\models\gold\cyto_backlog_gold.sql
19:05:41.262669 [debug]: Finished rendering [  0.01s] model lab_staging.cyto_backlog_gold [success]
19:05:41.262693 [debug]: Started analyzing model lab_staging.cyto_backlog_gold
19:05:41.263573 [debug]: Finished analyzing [  0.00s] model lab_staging.powerpath_cyto_gold [success]
19:05:41.263604 [info ]:  Succeeded [  0.01s] model lab_staging.powerpath_cyto_gold (table)
19:05:41.263611 [debug]: Compiled SQL for node model.lab_dbt.cyto_backlog_bronze at target\.lsp\compiled\lab_dbt\models\bronze\cyto_backlog_bronze.sql
19:05:41.263669 [debug]: Finished rendering [  0.01s] model lab_staging.cyto_backlog_bronze [success]
19:05:41.263687 [info ]: Finished rendering [  0.01s] (7 nodes, 0 skipped, 0 errors)
19:05:41.263707 [debug]: Started analyzing model lab_staging.cyto_backlog_bronze
19:05:41.264189 [debug]: Finished analyzing [  0.00s] model lab_staging.powerpath_cyto_biopsy_bronze [success]
19:05:41.264217 [info ]:  Succeeded [  0.01s] model lab_staging.powerpath_cyto_biopsy_bronze (table)
19:05:41.264291 [debug]: Finished analyzing [  0.00s] model lab_staging.date_filter_bronze [success]
19:05:41.264313 [info ]:  Succeeded [  0.01s] model lab_staging.date_filter_bronze (table)
19:05:41.264429 [warn ]: [SyntaxInvalid (dbt0101)]: mismatched input 'cleaned' expecting one of <EOF>, ';'
  --> models/silver/cyto_backlog_silver.sql:32:71 (target\.lsp\compiled\lab_dbt\models\silver\cyto_backlog_silver.sql:32:71)
19:05:41.264490 [info ]:  Succeeded [  0.01s] model lab_staging.cyto_backlog_silver (table)
19:05:41.264512 [debug]: Finished analyzing [  0.00s] model lab_staging.cyto_backlog_silver [success]
19:05:41.264991 [debug]: Finished analyzing [  0.00s] model lab_staging.cyto_backlog_bronze [success]
19:05:41.265016 [info ]:  Succeeded [  0.01s] model lab_staging.cyto_backlog_bronze (table)
19:05:41.266621 [debug]: Finished analyzing [  0.00s] model lab_staging.powerpath_cyto_biopsy_silver [success]
19:05:41.266647 [info ]:  Succeeded [  0.01s] model lab_staging.powerpath_cyto_biopsy_silver (table)
19:05:41.287117 [debug]: Finished analyzing [  0.02s] model lab_staging.cyto_backlog_gold [success]
19:05:41.287145 [info ]: Finished analyzing [  0.03s] (7 nodes, 0 skipped, 0 errors)
19:05:41.287169 [info ]:  Succeeded [  0.03s] model lab_staging.cyto_backlog_gold (table)
19:05:41.292999 [info ]: Started scheduling
19:05:41.293133 [info ]: Finished scheduling [  0.00s]
19:05:41.295640 [info ]: Cached model count updated: 7 models (accurate)
19:05:42.897300 [info ]: Started loading project
19:05:42.898867 [info ]: Loading ~/.dbt/profiles.yml
19:05:42.964494 [info ]: Cached model count updated: 7 models (estimate)
19:05:42.964513 [info ]: Cached model count updated: 7 models (accurate)
19:05:42.964550 [info ]: Started scheduling
19:05:42.964675 [info ]: Finished scheduling [  0.00s]
19:05:42.964691 [debug]: Compilation - 7 nodes selected: {"model.lab_dbt.cyto_backlog_bronze", "model.lab_dbt.cyto_backlog_gold", "model.lab_dbt.cyto_backlog_silver", "model.lab_dbt.date_filter_bronze", "model.lab_dbt.powerpath_cyto_biopsy_bronze", "model.lab_dbt.powerpath_cyto_biopsy_silver", "model.lab_dbt.powerpath_cyto_gold"}
19:05:43.038877 [info ]: Started building task graph
19:05:43.038970 [info ]: Finished building task graph [  0.00s]
19:05:43.048742 [info ]: Started rendering (7 nodes)
19:05:43.048770 [info ]: Started model lab_staging.cyto_backlog_gold
19:05:43.048781 [debug]: Started rendering model lab_staging.cyto_backlog_gold
19:05:43.048806 [info ]: Started model lab_staging.powerpath_cyto_gold
19:05:43.048820 [debug]: Started rendering model lab_staging.powerpath_cyto_gold
19:05:43.048835 [info ]: Started model lab_staging.powerpath_cyto_biopsy_silver
19:05:43.048837 [info ]: Finished loading project [  0.15s]
19:05:43.048845 [debug]: Started rendering model lab_staging.powerpath_cyto_biopsy_silver
19:05:43.048865 [info ]: Started model lab_staging.powerpath_cyto_biopsy_bronze
19:05:43.048875 [debug]: Started rendering model lab_staging.powerpath_cyto_biopsy_bronze
19:05:43.048889 [info ]: Started model lab_staging.cyto_backlog_silver
19:05:43.048899 [debug]: Started rendering model lab_staging.cyto_backlog_silver
19:05:43.048985 [info ]: Started model lab_staging.date_filter_bronze
19:05:43.049004 [debug]: Started rendering model lab_staging.date_filter_bronze
19:05:43.049021 [info ]: Started model lab_staging.cyto_backlog_bronze
19:05:43.049075 [debug]: Started rendering model lab_staging.cyto_backlog_bronze
19:05:43.051389 [debug]: Compiled SQL for node model.lab_dbt.cyto_backlog_gold at target\.lsp\compiled\lab_dbt\models\gold\cyto_backlog_gold.sql
19:05:43.051620 [debug]: Compiled SQL for node model.lab_dbt.powerpath_cyto_gold at target\.lsp\compiled\lab_dbt\models\gold\powerpath_cyto_gold.sql
19:05:43.051773 [debug]: Compiled SQL for node model.lab_dbt.powerpath_cyto_biopsy_silver at target\.lsp\compiled\lab_dbt\models\silver\powerpath_cyto_biopsy_silver.sql
19:05:43.051885 [debug]: Finished rendering [  0.00s] model lab_staging.cyto_backlog_gold [success]
19:05:43.052258 [info ]: Started analyzing (7 nodes)
19:05:43.052286 [debug]: Started analyzing model lab_staging.cyto_backlog_gold
19:05:43.052953 [debug]: Compiled SQL for node model.lab_dbt.cyto_backlog_bronze at target\.lsp\compiled\lab_dbt\models\bronze\cyto_backlog_bronze.sql
19:05:43.053049 [debug]: Compiled SQL for node model.lab_dbt.powerpath_cyto_biopsy_bronze at target\.lsp\compiled\lab_dbt\models\bronze\powerpath_cyto_biopsy_bronze.sql
19:05:43.053802 [debug]: Finished rendering [  0.00s] model lab_staging.powerpath_cyto_biopsy_silver [success]
19:05:43.053852 [debug]: Started analyzing model lab_staging.powerpath_cyto_biopsy_silver
19:05:43.053889 [debug]: Finished rendering [  0.01s] model lab_staging.powerpath_cyto_gold [success]
19:05:43.053908 [debug]: Started analyzing model lab_staging.powerpath_cyto_gold
19:05:43.053929 [debug]: Finished rendering [  0.00s] model lab_staging.cyto_backlog_bronze [success]
19:05:43.053943 [debug]: Started analyzing model lab_staging.cyto_backlog_bronze
19:05:43.053963 [debug]: Finished rendering [  0.01s] model lab_staging.powerpath_cyto_biopsy_bronze [success]
19:05:43.053978 [debug]: Started analyzing model lab_staging.powerpath_cyto_biopsy_bronze
19:05:43.054464 [debug]: Compiled SQL for node model.lab_dbt.cyto_backlog_silver at target\.lsp\compiled\lab_dbt\models\silver\cyto_backlog_silver.sql
19:05:43.054499 [debug]: Compiled SQL for node model.lab_dbt.date_filter_bronze at target\.lsp\compiled\lab_dbt\models\bronze\date_filter_bronze.sql
19:05:43.054984 [debug]: Finished rendering [  0.01s] model lab_staging.cyto_backlog_silver [success]
19:05:43.055588 [debug]: Started analyzing model lab_staging.cyto_backlog_silver
19:05:43.055636 [debug]: Finished rendering [  0.01s] model lab_staging.date_filter_bronze [success]
19:05:43.055656 [info ]: Finished rendering [  0.01s] (7 nodes, 0 skipped, 0 errors)
19:05:43.055672 [debug]: Started analyzing model lab_staging.date_filter_bronze
19:05:43.055849 [debug]: Finished analyzing [  0.00s] model lab_staging.cyto_backlog_bronze [success]
19:05:43.055870 [info ]:  Succeeded [  0.01s] model lab_staging.cyto_backlog_bronze (table)
19:05:43.055898 [debug]: Finished analyzing [  0.00s] model lab_staging.cyto_backlog_gold [success]
19:05:43.055911 [info ]:  Succeeded [  0.01s] model lab_staging.cyto_backlog_gold (table)
19:05:43.055960 [debug]: Finished analyzing [  0.00s] model lab_staging.powerpath_cyto_biopsy_bronze [success]
19:05:43.055980 [info ]:  Succeeded [  0.01s] model lab_staging.powerpath_cyto_biopsy_bronze (table)
19:05:43.056757 [warn ]: [SyntaxInvalid (dbt0101)]: mismatched input 'cleaned' expecting one of <EOF>, ';'
  --> models/silver/cyto_backlog_silver.sql:32:71 (target\.lsp\compiled\lab_dbt\models\silver\cyto_backlog_silver.sql:32:71)
19:05:43.056836 [info ]:  Succeeded [  0.01s] model lab_staging.cyto_backlog_silver (table)
19:05:43.056858 [debug]: Finished analyzing [  0.00s] model lab_staging.cyto_backlog_silver [success]
19:05:43.056917 [debug]: Finished analyzing [  0.00s] model lab_staging.date_filter_bronze [success]
19:05:43.056939 [info ]:  Succeeded [  0.01s] model lab_staging.date_filter_bronze (table)
19:05:43.057180 [debug]: Finished analyzing [  0.00s] model lab_staging.powerpath_cyto_gold [success]
19:05:43.057207 [info ]:  Succeeded [  0.01s] model lab_staging.powerpath_cyto_gold (table)
19:05:43.057898 [debug]: Finished analyzing [  0.00s] model lab_staging.powerpath_cyto_biopsy_silver [success]
19:05:43.057929 [info ]: Finished analyzing [  0.01s] (7 nodes, 0 skipped, 0 errors)
19:05:43.057946 [info ]:  Succeeded [  0.01s] model lab_staging.powerpath_cyto_biopsy_silver (table)
19:05:43.065140 [info ]: Started scheduling
19:05:43.065233 [info ]: Finished scheduling [  0.00s]
19:05:43.066899 [info ]: Cached model count updated: 7 models (accurate)
19:19:18.516039 [info ]: Started loading project
19:19:18.517967 [info ]: Loading ~/.dbt/profiles.yml
19:19:18.583029 [info ]: Started parsing
19:19:18.768331 [info ]: Finished loading project [  0.25s]
19:19:18.787842 [debug]: Finished parsing models/silver/schema.yml [  0.01s]
19:19:18.799389 [debug]: Finished parsing models/silver/cyto_backlog_silver.sql [  0.00s]
19:19:18.801634 [debug]: Finished parsing models/silver/powerpath_cyto_biopsy_silver.sql [  0.00s]
19:19:18.815748 [info ]: Finished parsing [  0.23s]
19:19:18.826675 [info ]: Cached model count updated: 7 models (estimate)
19:19:18.826698 [info ]: Cached model count updated: 7 models (accurate)
19:19:18.826753 [info ]: Started scheduling
19:19:18.826966 [info ]: Finished scheduling [  0.00s]
19:19:18.826989 [debug]: Compilation - 5 nodes selected: {"model.lab_dbt.cyto_backlog_bronze", "model.lab_dbt.cyto_backlog_silver", "model.lab_dbt.date_filter_bronze", "model.lab_dbt.powerpath_cyto_biopsy_bronze", "model.lab_dbt.powerpath_cyto_biopsy_silver"}
19:19:18.915472 [info ]: Started building task graph
19:19:18.915597 [info ]: Finished building task graph [  0.00s]
19:19:18.926484 [info ]: Started rendering (5 nodes)
19:19:18.926523 [info ]: Started model lab_staging.powerpath_cyto_biopsy_silver
19:19:18.926556 [debug]: Started rendering model lab_staging.powerpath_cyto_biopsy_silver
19:19:18.926591 [info ]: Started model lab_staging.powerpath_cyto_biopsy_bronze
19:19:18.926604 [debug]: Started rendering model lab_staging.powerpath_cyto_biopsy_bronze
19:19:18.926619 [info ]: Started model lab_staging.cyto_backlog_silver
19:19:18.926630 [debug]: Started rendering model lab_staging.cyto_backlog_silver
19:19:18.926648 [info ]: Started model lab_staging.date_filter_bronze
19:19:18.926662 [debug]: Started rendering model lab_staging.date_filter_bronze
19:19:18.926684 [info ]: Started model lab_staging.cyto_backlog_bronze
19:19:18.927025 [debug]: Started rendering model lab_staging.cyto_backlog_bronze
19:19:18.933650 [debug]: Compiled SQL for node model.lab_dbt.cyto_backlog_silver at target\.lsp\compiled\lab_dbt\models\silver\cyto_backlog_silver.sql
19:19:18.933733 [debug]: Compiled SQL for node model.lab_dbt.powerpath_cyto_biopsy_bronze at target\.lsp\compiled\lab_dbt\models\bronze\powerpath_cyto_biopsy_bronze.sql
19:19:18.935253 [debug]: Finished rendering [  0.01s] model lab_staging.cyto_backlog_silver [success]
19:19:18.935337 [info ]: Started analyzing (5 nodes)
19:19:18.935357 [debug]: Started analyzing model lab_staging.cyto_backlog_silver
19:19:18.935690 [debug]: Finished rendering [  0.01s] model lab_staging.powerpath_cyto_biopsy_bronze [success]
19:19:18.935735 [debug]: Started analyzing model lab_staging.powerpath_cyto_biopsy_bronze
19:19:18.935812 [debug]: Compiled SQL for node model.lab_dbt.cyto_backlog_bronze at target\.lsp\compiled\lab_dbt\models\bronze\cyto_backlog_bronze.sql
19:19:18.935943 [debug]: Finished rendering [  0.01s] model lab_staging.cyto_backlog_bronze [success]
19:19:18.935981 [debug]: Started analyzing model lab_staging.cyto_backlog_bronze
19:19:18.936494 [debug]: Compiled SQL for node model.lab_dbt.date_filter_bronze at target\.lsp\compiled\lab_dbt\models\bronze\date_filter_bronze.sql
19:19:18.936574 [debug]: Finished rendering [  0.01s] model lab_staging.date_filter_bronze [success]
19:19:18.936778 [debug]: Started analyzing model lab_staging.date_filter_bronze
19:19:18.939952 [debug]: Compiled SQL for node model.lab_dbt.powerpath_cyto_biopsy_silver at target\.lsp\compiled\lab_dbt\models\silver\powerpath_cyto_biopsy_silver.sql
19:19:18.940170 [debug]: Finished rendering [  0.01s] model lab_staging.powerpath_cyto_biopsy_silver [success]
19:19:18.940203 [info ]: Finished rendering [  0.01s] (5 nodes, 0 skipped, 0 errors)
19:19:18.940234 [debug]: Started analyzing model lab_staging.powerpath_cyto_biopsy_silver
19:19:18.940257 [warn ]: [SyntaxInvalid (dbt0101)]: mismatched input 'cleaned' expecting one of <EOF>, ';'
  --> models/silver/cyto_backlog_silver.sql:32:71 (target\.lsp\compiled\lab_dbt\models\silver\cyto_backlog_silver.sql:32:71)
19:19:18.940383 [info ]:  Succeeded [  0.01s] model lab_staging.cyto_backlog_silver (table)
19:19:18.940439 [debug]: Finished analyzing [  0.01s] model lab_staging.cyto_backlog_silver [success]
19:19:18.940486 [debug]: Finished analyzing [  0.00s] model lab_staging.powerpath_cyto_biopsy_bronze [success]
19:19:18.940506 [info ]:  Succeeded [  0.01s] model lab_staging.powerpath_cyto_biopsy_bronze (table)
19:19:18.940975 [debug]: Finished analyzing [  0.00s] model lab_staging.cyto_backlog_bronze [success]
19:19:18.941007 [info ]:  Succeeded [  0.01s] model lab_staging.cyto_backlog_bronze (table)
19:19:18.942602 [debug]: Finished analyzing [  0.01s] model lab_staging.date_filter_bronze [success]
19:19:18.942646 [info ]:  Succeeded [  0.01s] model lab_staging.date_filter_bronze (table)
19:19:18.945218 [debug]: Finished analyzing [  0.00s] model lab_staging.powerpath_cyto_biopsy_silver [success]
19:19:18.945263 [info ]: Finished analyzing [  0.01s] (5 nodes, 0 skipped, 0 errors)
19:19:18.945281 [info ]:  Succeeded [  0.02s] model lab_staging.powerpath_cyto_biopsy_silver (table)
19:19:18.954453 [info ]: Started scheduling
19:19:18.954553 [info ]: Finished scheduling [  0.00s]
19:19:18.957526 [info ]: Cached model count updated: 7 models (accurate)
19:19:20.525536 [info ]: Started loading project
19:19:20.526979 [info ]: Loading ~/.dbt/profiles.yml
19:19:20.610238 [info ]: Cached model count updated: 7 models (estimate)
19:19:20.610261 [info ]: Cached model count updated: 7 models (accurate)
19:19:20.610297 [info ]: Started scheduling
19:19:20.610434 [info ]: Finished scheduling [  0.00s]
19:19:20.610453 [debug]: Compilation - 7 nodes selected: {"model.lab_dbt.cyto_backlog_bronze", "model.lab_dbt.cyto_backlog_gold", "model.lab_dbt.cyto_backlog_silver", "model.lab_dbt.date_filter_bronze", "model.lab_dbt.powerpath_cyto_biopsy_bronze", "model.lab_dbt.powerpath_cyto_biopsy_silver", "model.lab_dbt.powerpath_cyto_gold"}
19:19:20.702213 [info ]: Started building task graph
19:19:20.702316 [info ]: Finished building task graph [  0.00s]
19:19:20.712728 [info ]: Started rendering (7 nodes)
19:19:20.712758 [info ]: Started model lab_staging.cyto_backlog_gold
19:19:20.713447 [debug]: Started rendering model lab_staging.cyto_backlog_gold
19:19:20.713601 [info ]: Started model lab_staging.powerpath_cyto_gold
19:19:20.713620 [debug]: Started rendering model lab_staging.powerpath_cyto_gold
19:19:20.713639 [info ]: Started model lab_staging.powerpath_cyto_biopsy_silver
19:19:20.713651 [debug]: Started rendering model lab_staging.powerpath_cyto_biopsy_silver
19:19:20.713673 [info ]: Started model lab_staging.powerpath_cyto_biopsy_bronze
19:19:20.713690 [debug]: Started rendering model lab_staging.powerpath_cyto_biopsy_bronze
19:19:20.713707 [info ]: Started model lab_staging.cyto_backlog_silver
19:19:20.713720 [debug]: Started rendering model lab_staging.cyto_backlog_silver
19:19:20.713734 [info ]: Started model lab_staging.date_filter_bronze
19:19:20.713743 [debug]: Started rendering model lab_staging.date_filter_bronze
19:19:20.713770 [info ]: Started model lab_staging.cyto_backlog_bronze
19:19:20.713783 [debug]: Started rendering model lab_staging.cyto_backlog_bronze
19:19:20.713921 [info ]: Finished loading project [  0.19s]
19:19:20.717164 [debug]: Compiled SQL for node model.lab_dbt.powerpath_cyto_biopsy_bronze at target\.lsp\compiled\lab_dbt\models\bronze\powerpath_cyto_biopsy_bronze.sql
19:19:20.717352 [debug]: Finished rendering [  0.00s] model lab_staging.powerpath_cyto_biopsy_bronze [success]
19:19:20.717402 [info ]: Started analyzing (7 nodes)
19:19:20.717422 [debug]: Started analyzing model lab_staging.powerpath_cyto_biopsy_bronze
19:19:20.717446 [debug]: Compiled SQL for node model.lab_dbt.cyto_backlog_bronze at target\.lsp\compiled\lab_dbt\models\bronze\cyto_backlog_bronze.sql
19:19:20.717930 [debug]: Finished rendering [  0.00s] model lab_staging.cyto_backlog_bronze [success]
19:19:20.717972 [debug]: Started analyzing model lab_staging.cyto_backlog_bronze
19:19:20.717971 [debug]: Compiled SQL for node model.lab_dbt.date_filter_bronze at target\.lsp\compiled\lab_dbt\models\bronze\date_filter_bronze.sql
19:19:20.718142 [debug]: Finished rendering [  0.00s] model lab_staging.date_filter_bronze [success]
19:19:20.718174 [debug]: Started analyzing model lab_staging.date_filter_bronze
19:19:20.718183 [debug]: Compiled SQL for node model.lab_dbt.powerpath_cyto_biopsy_silver at target\.lsp\compiled\lab_dbt\models\silver\powerpath_cyto_biopsy_silver.sql
19:19:20.718366 [debug]: Finished rendering [  0.00s] model lab_staging.powerpath_cyto_biopsy_silver [success]
19:19:20.718392 [debug]: Started analyzing model lab_staging.powerpath_cyto_biopsy_silver
19:19:20.718702 [debug]: Compiled SQL for node model.lab_dbt.cyto_backlog_silver at target\.lsp\compiled\lab_dbt\models\silver\cyto_backlog_silver.sql
19:19:20.719738 [debug]: Finished rendering [  0.01s] model lab_staging.cyto_backlog_silver [success]
19:19:20.719791 [debug]: Started analyzing model lab_staging.cyto_backlog_silver
19:19:20.720275 [debug]: Finished analyzing [  0.00s] model lab_staging.cyto_backlog_bronze [success]
19:19:20.720305 [info ]:  Succeeded [  0.01s] model lab_staging.cyto_backlog_bronze (table)
19:19:20.720528 [debug]: Finished analyzing [  0.00s] model lab_staging.date_filter_bronze [success]
19:19:20.720558 [info ]:  Succeeded [  0.01s] model lab_staging.date_filter_bronze (table)
19:19:20.720679 [debug]: Finished analyzing [  0.00s] model lab_staging.powerpath_cyto_biopsy_bronze [success]
19:19:20.720698 [info ]:  Succeeded [  0.01s] model lab_staging.powerpath_cyto_biopsy_bronze (table)
19:19:20.721205 [debug]: Compiled SQL for node model.lab_dbt.powerpath_cyto_gold at target\.lsp\compiled\lab_dbt\models\gold\powerpath_cyto_gold.sql
19:19:20.721346 [debug]: Finished rendering [  0.01s] model lab_staging.powerpath_cyto_gold [success]
19:19:20.721399 [debug]: Started analyzing model lab_staging.powerpath_cyto_gold
19:19:20.722184 [warn ]: [SyntaxInvalid (dbt0101)]: mismatched input 'cleaned' expecting one of <EOF>, ';'
  --> models/silver/cyto_backlog_silver.sql:32:71 (target\.lsp\compiled\lab_dbt\models\silver\cyto_backlog_silver.sql:32:71)
19:19:20.722384 [info ]:  Succeeded [  0.01s] model lab_staging.cyto_backlog_silver (table)
19:19:20.722438 [debug]: Finished analyzing [  0.00s] model lab_staging.cyto_backlog_silver [success]
19:19:20.723766 [debug]: Compiled SQL for node model.lab_dbt.cyto_backlog_gold at target\.lsp\compiled\lab_dbt\models\gold\cyto_backlog_gold.sql
19:19:20.724160 [debug]: Finished rendering [  0.01s] model lab_staging.cyto_backlog_gold [success]
19:19:20.724201 [info ]: Finished rendering [  0.01s] (7 nodes, 0 skipped, 0 errors)
19:19:20.724246 [debug]: Started analyzing model lab_staging.cyto_backlog_gold
19:19:20.725216 [debug]: Finished analyzing [  0.01s] model lab_staging.powerpath_cyto_biopsy_silver [success]
19:19:20.725245 [info ]:  Succeeded [  0.01s] model lab_staging.powerpath_cyto_biopsy_silver (table)
19:19:20.725650 [debug]: Finished analyzing [  0.00s] model lab_staging.powerpath_cyto_gold [success]
19:19:20.725672 [info ]:  Succeeded [  0.01s] model lab_staging.powerpath_cyto_gold (table)
19:19:20.726741 [debug]: Finished analyzing [  0.00s] model lab_staging.cyto_backlog_gold [success]
19:19:20.726757 [info ]: Finished analyzing [  0.01s] (7 nodes, 0 skipped, 0 errors)
19:19:20.726767 [info ]:  Succeeded [  0.01s] model lab_staging.cyto_backlog_gold (table)
19:19:20.733496 [info ]: Started scheduling
19:19:20.733557 [info ]: Finished scheduling [  0.00s]
19:19:20.735016 [info ]: Cached model count updated: 7 models (accurate)
19:22:12.170339 [info ]: Started loading project
19:22:12.171574 [info ]: Loading ~/.dbt/profiles.yml
19:22:12.214098 [info ]: Started parsing
19:22:12.390336 [info ]: Finished loading project [  0.22s]
19:22:12.399468 [debug]: Finished parsing models/gold/schema.yml [  0.00s]
19:22:12.402103 [debug]: Finished parsing models/gold/cyto_backlog_gold.sql [  0.00s]
19:22:12.412971 [info ]: Finished parsing [  0.20s]
19:22:12.420867 [info ]: Cached model count updated: 7 models (estimate)
19:22:12.420886 [info ]: Cached model count updated: 7 models (accurate)
19:22:12.420925 [info ]: Started scheduling
19:22:12.421533 [info ]: Finished scheduling [  0.00s]
19:22:12.421558 [debug]: Compilation - 7 nodes selected: {"model.lab_dbt.cyto_backlog_bronze", "model.lab_dbt.cyto_backlog_gold", "model.lab_dbt.cyto_backlog_silver", "model.lab_dbt.date_filter_bronze", "model.lab_dbt.powerpath_cyto_biopsy_bronze", "model.lab_dbt.powerpath_cyto_biopsy_silver", "model.lab_dbt.powerpath_cyto_gold"}
19:22:12.500737 [info ]: Started building task graph
19:22:12.500829 [info ]: Finished building task graph [  0.00s]
19:22:12.517601 [info ]: Started rendering (7 nodes)
19:22:12.517630 [info ]: Started model lab_staging.cyto_backlog_gold
19:22:12.517641 [debug]: Started rendering model lab_staging.cyto_backlog_gold
19:22:12.517667 [info ]: Started model lab_staging.powerpath_cyto_gold
19:22:12.517673 [debug]: Started rendering model lab_staging.powerpath_cyto_gold
19:22:12.517696 [info ]: Started model lab_staging.powerpath_cyto_biopsy_silver
19:22:12.517702 [debug]: Started rendering model lab_staging.powerpath_cyto_biopsy_silver
19:22:12.517713 [info ]: Started model lab_staging.powerpath_cyto_biopsy_bronze
19:22:12.517724 [debug]: Started rendering model lab_staging.powerpath_cyto_biopsy_bronze
19:22:12.517735 [info ]: Started model lab_staging.cyto_backlog_silver
19:22:12.517741 [debug]: Started rendering model lab_staging.cyto_backlog_silver
19:22:12.517761 [info ]: Started model lab_staging.date_filter_bronze
19:22:12.517772 [debug]: Started rendering model lab_staging.date_filter_bronze
19:22:12.517782 [info ]: Started model lab_staging.cyto_backlog_bronze
19:22:12.517789 [debug]: Started rendering model lab_staging.cyto_backlog_bronze
19:22:12.523993 [debug]: Compiled SQL for node model.lab_dbt.powerpath_cyto_biopsy_silver at target\.lsp\compiled\lab_dbt\models\silver\powerpath_cyto_biopsy_silver.sql
19:22:12.524029 [debug]: Compiled SQL for node model.lab_dbt.cyto_backlog_silver at target\.lsp\compiled\lab_dbt\models\silver\cyto_backlog_silver.sql
19:22:12.524067 [debug]: Compiled SQL for node model.lab_dbt.date_filter_bronze at target\.lsp\compiled\lab_dbt\models\bronze\date_filter_bronze.sql
19:22:12.524075 [debug]: Compiled SQL for node model.lab_dbt.powerpath_cyto_biopsy_bronze at target\.lsp\compiled\lab_dbt\models\bronze\powerpath_cyto_biopsy_bronze.sql
19:22:12.524089 [debug]: Finished rendering [  0.01s] model lab_staging.powerpath_cyto_biopsy_silver [success]
19:22:12.524118 [debug]: Compiled SQL for node model.lab_dbt.cyto_backlog_bronze at target\.lsp\compiled\lab_dbt\models\bronze\cyto_backlog_bronze.sql
19:22:12.524135 [info ]: Started analyzing (7 nodes)
19:22:12.524151 [debug]: Started analyzing model lab_staging.powerpath_cyto_biopsy_silver
19:22:12.524179 [debug]: Finished rendering [  0.01s] model lab_staging.cyto_backlog_silver [success]
19:22:12.524197 [debug]: Started analyzing model lab_staging.cyto_backlog_silver
19:22:12.524222 [debug]: Finished rendering [  0.01s] model lab_staging.date_filter_bronze [success]
19:22:12.524240 [debug]: Started analyzing model lab_staging.date_filter_bronze
19:22:12.524301 [debug]: Finished rendering [  0.01s] model lab_staging.powerpath_cyto_biopsy_bronze [success]
19:22:12.524311 [debug]: Compiled SQL for node model.lab_dbt.powerpath_cyto_gold at target\.lsp\compiled\lab_dbt\models\gold\powerpath_cyto_gold.sql
19:22:12.524321 [debug]: Started analyzing model lab_staging.powerpath_cyto_biopsy_bronze
19:22:12.524341 [debug]: Finished rendering [  0.01s] model lab_staging.cyto_backlog_bronze [success]
19:22:12.524358 [debug]: Started analyzing model lab_staging.cyto_backlog_bronze
19:22:12.524374 [debug]: Finished rendering [  0.01s] model lab_staging.powerpath_cyto_gold [success]
19:22:12.524390 [debug]: Started analyzing model lab_staging.powerpath_cyto_gold
19:22:12.526346 [debug]: Compiled SQL for node model.lab_dbt.cyto_backlog_gold at target\.lsp\compiled\lab_dbt\models\gold\cyto_backlog_gold.sql
19:22:12.527213 [debug]: Finished rendering [  0.01s] model lab_staging.cyto_backlog_gold [success]
19:22:12.527238 [info ]: Finished rendering [  0.01s] (7 nodes, 0 skipped, 0 errors)
19:22:12.527256 [debug]: Started analyzing model lab_staging.cyto_backlog_gold
19:22:12.528582 [debug]: Finished analyzing [  0.00s] model lab_staging.powerpath_cyto_biopsy_bronze [success]
19:22:12.528612 [info ]:  Succeeded [  0.01s] model lab_staging.powerpath_cyto_biopsy_bronze (table)
19:22:12.528730 [debug]: Finished analyzing [  0.00s] model lab_staging.cyto_backlog_bronze [success]
19:22:12.528756 [info ]:  Succeeded [  0.01s] model lab_staging.cyto_backlog_bronze (table)
19:22:12.529228 [warn ]: [SyntaxInvalid (dbt0101)]: mismatched input 'cleaned' expecting one of <EOF>, ';'
  --> models/silver/cyto_backlog_silver.sql:32:71 (target\.lsp\compiled\lab_dbt\models\silver\cyto_backlog_silver.sql:32:71)
19:22:12.529319 [info ]:  Succeeded [  0.01s] model lab_staging.cyto_backlog_silver (table)
19:22:12.529337 [debug]: Finished analyzing [  0.01s] model lab_staging.cyto_backlog_silver [success]
19:22:12.529601 [debug]: Finished analyzing [  0.01s] model lab_staging.date_filter_bronze [success]
19:22:12.529624 [info ]:  Succeeded [  0.01s] model lab_staging.date_filter_bronze (table)
19:22:12.529935 [debug]: Finished analyzing [  0.01s] model lab_staging.powerpath_cyto_gold [success]
19:22:12.529952 [info ]:  Succeeded [  0.01s] model lab_staging.powerpath_cyto_gold (table)
19:22:12.530412 [debug]: Finished analyzing [  0.00s] model lab_staging.cyto_backlog_gold [success]
19:22:12.530435 [info ]:  Succeeded [  0.01s] model lab_staging.cyto_backlog_gold (table)
19:22:12.531168 [debug]: Finished analyzing [  0.01s] model lab_staging.powerpath_cyto_biopsy_silver [success]
19:22:12.531188 [info ]: Finished analyzing [  0.01s] (7 nodes, 0 skipped, 0 errors)
19:22:12.531200 [info ]:  Succeeded [  0.01s] model lab_staging.powerpath_cyto_biopsy_silver (table)
19:22:12.536724 [info ]: Started scheduling
19:22:12.536807 [info ]: Finished scheduling [  0.00s]
19:22:12.539156 [info ]: Cached model count updated: 7 models (accurate)
19:22:14.101124 [info ]: Started loading project
19:22:14.102438 [info ]: Loading ~/.dbt/profiles.yml
19:22:14.178247 [info ]: Cached model count updated: 7 models (estimate)
19:22:14.178267 [info ]: Cached model count updated: 7 models (accurate)
19:22:14.178300 [info ]: Started scheduling
19:22:14.178421 [info ]: Finished scheduling [  0.00s]
19:22:14.178436 [debug]: Compilation - 7 nodes selected: {"model.lab_dbt.cyto_backlog_bronze", "model.lab_dbt.cyto_backlog_gold", "model.lab_dbt.cyto_backlog_silver", "model.lab_dbt.date_filter_bronze", "model.lab_dbt.powerpath_cyto_biopsy_bronze", "model.lab_dbt.powerpath_cyto_biopsy_silver", "model.lab_dbt.powerpath_cyto_gold"}
19:22:14.256755 [info ]: Started building task graph
19:22:14.256841 [info ]: Finished building task graph [  0.00s]
19:22:14.266801 [info ]: Started rendering (7 nodes)
19:22:14.266833 [info ]: Started model lab_staging.cyto_backlog_gold
19:22:14.266843 [debug]: Started rendering model lab_staging.cyto_backlog_gold
19:22:14.266864 [info ]: Started model lab_staging.powerpath_cyto_gold
19:22:14.266871 [debug]: Started rendering model lab_staging.powerpath_cyto_gold
19:22:14.266898 [info ]: Started model lab_staging.powerpath_cyto_biopsy_silver
19:22:14.266906 [debug]: Started rendering model lab_staging.powerpath_cyto_biopsy_silver
19:22:14.266930 [info ]: Started model lab_staging.powerpath_cyto_biopsy_bronze
19:22:14.266941 [debug]: Started rendering model lab_staging.powerpath_cyto_biopsy_bronze
19:22:14.266942 [info ]: Finished loading project [  0.17s]
19:22:14.266957 [info ]: Started model lab_staging.cyto_backlog_silver
19:22:14.266972 [debug]: Started rendering model lab_staging.cyto_backlog_silver
19:22:14.266986 [info ]: Started model lab_staging.date_filter_bronze
19:22:14.266998 [debug]: Started rendering model lab_staging.date_filter_bronze
19:22:14.267014 [info ]: Started model lab_staging.cyto_backlog_bronze
19:22:14.267024 [debug]: Started rendering model lab_staging.cyto_backlog_bronze
19:22:14.269762 [debug]: Compiled SQL for node model.lab_dbt.powerpath_cyto_gold at target\.lsp\compiled\lab_dbt\models\gold\powerpath_cyto_gold.sql
19:22:14.269780 [debug]: Compiled SQL for node model.lab_dbt.date_filter_bronze at target\.lsp\compiled\lab_dbt\models\bronze\date_filter_bronze.sql
19:22:14.269780 [debug]: Compiled SQL for node model.lab_dbt.cyto_backlog_bronze at target\.lsp\compiled\lab_dbt\models\bronze\cyto_backlog_bronze.sql
19:22:14.269871 [debug]: Compiled SQL for node model.lab_dbt.powerpath_cyto_biopsy_silver at target\.lsp\compiled\lab_dbt\models\silver\powerpath_cyto_biopsy_silver.sql
19:22:14.269875 [debug]: Finished rendering [  0.00s] model lab_staging.date_filter_bronze [success]
19:22:14.269964 [info ]: Started analyzing (7 nodes)
19:22:14.270001 [debug]: Started analyzing model lab_staging.date_filter_bronze
19:22:14.270033 [debug]: Finished rendering [  0.00s] model lab_staging.powerpath_cyto_gold [success]
19:22:14.270055 [debug]: Started analyzing model lab_staging.powerpath_cyto_gold
19:22:14.270138 [debug]: Finished rendering [  0.00s] model lab_staging.cyto_backlog_bronze [success]
19:22:14.270160 [debug]: Started analyzing model lab_staging.cyto_backlog_bronze
19:22:14.270189 [debug]: Finished rendering [  0.00s] model lab_staging.powerpath_cyto_biopsy_silver [success]
19:22:14.270206 [debug]: Started analyzing model lab_staging.powerpath_cyto_biopsy_silver
19:22:14.270240 [debug]: Compiled SQL for node model.lab_dbt.cyto_backlog_silver at target\.lsp\compiled\lab_dbt\models\silver\cyto_backlog_silver.sql
19:22:14.270239 [debug]: Compiled SQL for node model.lab_dbt.cyto_backlog_gold at target\.lsp\compiled\lab_dbt\models\gold\cyto_backlog_gold.sql
19:22:14.270298 [debug]: Finished rendering [  0.00s] model lab_staging.cyto_backlog_silver [success]
19:22:14.270317 [debug]: Started analyzing model lab_staging.cyto_backlog_silver
19:22:14.270340 [debug]: Finished rendering [  0.00s] model lab_staging.cyto_backlog_gold [success]
19:22:14.270354 [debug]: Started analyzing model lab_staging.cyto_backlog_gold
19:22:14.271766 [warn ]: [SyntaxInvalid (dbt0101)]: mismatched input 'cleaned' expecting one of <EOF>, ';'
  --> models/silver/cyto_backlog_silver.sql:32:71 (target\.lsp\compiled\lab_dbt\models\silver\cyto_backlog_silver.sql:32:71)
19:22:14.271893 [info ]:  Succeeded [  0.00s] model lab_staging.cyto_backlog_silver (table)
19:22:14.271972 [debug]: Finished analyzing [  0.00s] model lab_staging.cyto_backlog_silver [success]
19:22:14.272204 [debug]: Finished analyzing [  0.00s] model lab_staging.cyto_backlog_bronze [success]
19:22:14.272249 [info ]:  Succeeded [  0.00s] model lab_staging.cyto_backlog_bronze (table)
19:22:14.272351 [debug]: Finished analyzing [  0.00s] model lab_staging.date_filter_bronze [success]
19:22:14.272373 [info ]:  Succeeded [  0.00s] model lab_staging.date_filter_bronze (table)
19:22:14.271768 [debug]: Compiled SQL for node model.lab_dbt.powerpath_cyto_biopsy_bronze at target\.lsp\compiled\lab_dbt\models\bronze\powerpath_cyto_biopsy_bronze.sql
19:22:14.273168 [debug]: Finished rendering [  0.01s] model lab_staging.powerpath_cyto_biopsy_bronze [success]
19:22:14.273204 [info ]: Finished rendering [  0.01s] (7 nodes, 0 skipped, 0 errors)
19:22:14.273238 [debug]: Started analyzing model lab_staging.powerpath_cyto_biopsy_bronze
19:22:14.274149 [debug]: Finished analyzing [  0.00s] model lab_staging.cyto_backlog_gold [success]
19:22:14.274182 [info ]:  Succeeded [  0.01s] model lab_staging.cyto_backlog_gold (table)
19:22:14.274238 [debug]: Finished analyzing [  0.00s] model lab_staging.powerpath_cyto_biopsy_bronze [success]
19:22:14.274264 [info ]:  Succeeded [  0.01s] model lab_staging.powerpath_cyto_biopsy_bronze (table)
19:22:14.274398 [debug]: Finished analyzing [  0.00s] model lab_staging.powerpath_cyto_gold [success]
19:22:14.274424 [info ]:  Succeeded [  0.01s] model lab_staging.powerpath_cyto_gold (table)
19:22:14.275069 [debug]: Finished analyzing [  0.00s] model lab_staging.powerpath_cyto_biopsy_silver [success]
19:22:14.275089 [info ]: Finished analyzing [  0.01s] (7 nodes, 0 skipped, 0 errors)
19:22:14.275098 [info ]:  Succeeded [  0.01s] model lab_staging.powerpath_cyto_biopsy_silver (table)
19:22:14.280971 [info ]: Started scheduling
19:22:14.281057 [info ]: Finished scheduling [  0.00s]
19:22:14.282494 [info ]: Cached model count updated: 7 models (accurate)
19:22:59.542032 [info ]: Started loading project
19:22:59.543345 [info ]: Loading ~/.dbt/profiles.yml
19:22:59.567270 [info ]: Started parsing
19:22:59.738381 [info ]: Finished loading project [  0.20s]
19:22:59.743792 [debug]: Finished parsing models/silver/schema.yml [  0.00s]
19:22:59.745955 [debug]: Finished parsing models/silver/cyto_backlog_silver.sql [  0.00s]
19:22:59.746975 [debug]: Finished parsing models/silver/powerpath_cyto_biopsy_silver.sql [  0.00s]
19:22:59.753976 [info ]: Finished parsing [  0.19s]
19:22:59.760246 [info ]: Cached model count updated: 7 models (estimate)
19:22:59.760265 [info ]: Cached model count updated: 7 models (accurate)
19:22:59.760307 [info ]: Started scheduling
19:22:59.760661 [info ]: Finished scheduling [  0.00s]
19:22:59.760680 [debug]: Compilation - 3 nodes selected: {"model.lab_dbt.cyto_backlog_bronze", "model.lab_dbt.cyto_backlog_silver", "model.lab_dbt.date_filter_bronze"}
19:22:59.825919 [info ]: Started building task graph
19:22:59.825995 [info ]: Finished building task graph [  0.00s]
19:22:59.837245 [info ]: Started rendering (3 nodes)
19:22:59.837279 [info ]: Started model lab_staging.cyto_backlog_silver
19:22:59.837302 [debug]: Started rendering model lab_staging.cyto_backlog_silver
19:22:59.837341 [info ]: Started model lab_staging.date_filter_bronze
19:22:59.837358 [debug]: Started rendering model lab_staging.date_filter_bronze
19:22:59.837394 [info ]: Started model lab_staging.cyto_backlog_bronze
19:22:59.837412 [debug]: Started rendering model lab_staging.cyto_backlog_bronze
19:22:59.840255 [debug]: Compiled SQL for node model.lab_dbt.cyto_backlog_bronze at target\.lsp\compiled\lab_dbt\models\bronze\cyto_backlog_bronze.sql
19:22:59.840394 [debug]: Compiled SQL for node model.lab_dbt.date_filter_bronze at target\.lsp\compiled\lab_dbt\models\bronze\date_filter_bronze.sql
19:22:59.840402 [debug]: Finished rendering [  0.00s] model lab_staging.cyto_backlog_bronze [success]
19:22:59.840435 [info ]: Started analyzing (3 nodes)
19:22:59.840452 [debug]: Started analyzing model lab_staging.cyto_backlog_bronze
19:22:59.840544 [debug]: Finished rendering [  0.00s] model lab_staging.date_filter_bronze [success]
19:22:59.840562 [debug]: Started analyzing model lab_staging.date_filter_bronze
19:22:59.842568 [debug]: Finished analyzing [  0.00s] model lab_staging.date_filter_bronze [success]
19:22:59.842604 [info ]:  Succeeded [  0.00s] model lab_staging.date_filter_bronze (table)
19:22:59.842878 [debug]: Finished analyzing [  0.00s] model lab_staging.cyto_backlog_bronze [success]
19:22:59.842899 [info ]:  Succeeded [  0.00s] model lab_staging.cyto_backlog_bronze (table)
19:22:59.843566 [debug]: Compiled SQL for node model.lab_dbt.cyto_backlog_silver at target\.lsp\compiled\lab_dbt\models\silver\cyto_backlog_silver.sql
19:22:59.843706 [debug]: Finished rendering [  0.01s] model lab_staging.cyto_backlog_silver [success]
19:22:59.843728 [info ]: Finished rendering [  0.01s] (3 nodes, 0 skipped, 0 errors)
19:22:59.843751 [debug]: Started analyzing model lab_staging.cyto_backlog_silver
19:22:59.848640 [debug]: Finished analyzing [  0.00s] model lab_staging.cyto_backlog_silver [success]
19:22:59.848665 [info ]: Finished analyzing [  0.01s] (3 nodes, 0 skipped, 0 errors)
19:22:59.848676 [info ]:  Succeeded [  0.01s] model lab_staging.cyto_backlog_silver (table)
19:22:59.857102 [info ]: Started scheduling
19:22:59.857275 [info ]: Finished scheduling [  0.00s]
19:22:59.859252 [info ]: Cached model count updated: 7 models (accurate)
19:23:01.417148 [info ]: Started loading project
19:23:01.418526 [info ]: Loading ~/.dbt/profiles.yml
19:23:01.483283 [info ]: Cached model count updated: 7 models (estimate)
19:23:01.483302 [info ]: Cached model count updated: 7 models (accurate)
19:23:01.483337 [info ]: Started scheduling
19:23:01.483507 [info ]: Finished scheduling [  0.00s]
19:23:01.483524 [debug]: Compilation - 7 nodes selected: {"model.lab_dbt.cyto_backlog_bronze", "model.lab_dbt.cyto_backlog_gold", "model.lab_dbt.cyto_backlog_silver", "model.lab_dbt.date_filter_bronze", "model.lab_dbt.powerpath_cyto_biopsy_bronze", "model.lab_dbt.powerpath_cyto_biopsy_silver", "model.lab_dbt.powerpath_cyto_gold"}
19:23:01.551550 [info ]: Started building task graph
19:23:01.551654 [info ]: Finished building task graph [  0.00s]
19:23:01.561942 [info ]: Started rendering (7 nodes)
19:23:01.561969 [info ]: Started model lab_staging.cyto_backlog_gold
19:23:01.561987 [debug]: Started rendering model lab_staging.cyto_backlog_gold
19:23:01.562012 [info ]: Started model lab_staging.powerpath_cyto_gold
19:23:01.562019 [debug]: Started rendering model lab_staging.powerpath_cyto_gold
19:23:01.562034 [info ]: Started model lab_staging.powerpath_cyto_biopsy_silver
19:23:01.562041 [debug]: Started rendering model lab_staging.powerpath_cyto_biopsy_silver
19:23:01.562052 [info ]: Started model lab_staging.powerpath_cyto_biopsy_bronze
19:23:01.562065 [debug]: Started rendering model lab_staging.powerpath_cyto_biopsy_bronze
19:23:01.562084 [info ]: Finished loading project [  0.14s]
19:23:01.562090 [info ]: Started model lab_staging.cyto_backlog_silver
19:23:01.562145 [debug]: Started rendering model lab_staging.cyto_backlog_silver
19:23:01.562174 [info ]: Started model lab_staging.date_filter_bronze
19:23:01.562185 [debug]: Started rendering model lab_staging.date_filter_bronze
19:23:01.562204 [info ]: Started model lab_staging.cyto_backlog_bronze
19:23:01.562216 [debug]: Started rendering model lab_staging.cyto_backlog_bronze
19:23:01.564607 [debug]: Compiled SQL for node model.lab_dbt.cyto_backlog_gold at target\.lsp\compiled\lab_dbt\models\gold\cyto_backlog_gold.sql
19:23:01.564625 [debug]: Compiled SQL for node model.lab_dbt.powerpath_cyto_biopsy_silver at target\.lsp\compiled\lab_dbt\models\silver\powerpath_cyto_biopsy_silver.sql
19:23:01.564682 [debug]: Compiled SQL for node model.lab_dbt.powerpath_cyto_gold at target\.lsp\compiled\lab_dbt\models\gold\powerpath_cyto_gold.sql
19:23:01.564908 [debug]: Finished rendering [  0.00s] model lab_staging.powerpath_cyto_biopsy_silver [success]
19:23:01.565122 [info ]: Started analyzing (7 nodes)
19:23:01.565140 [debug]: Started analyzing model lab_staging.powerpath_cyto_biopsy_silver
19:23:01.565169 [debug]: Finished rendering [  0.00s] model lab_staging.cyto_backlog_gold [success]
19:23:01.565189 [debug]: Started analyzing model lab_staging.cyto_backlog_gold
19:23:01.565207 [debug]: Finished rendering [  0.00s] model lab_staging.powerpath_cyto_gold [success]
19:23:01.565221 [debug]: Started analyzing model lab_staging.powerpath_cyto_gold
19:23:01.565971 [debug]: Compiled SQL for node model.lab_dbt.powerpath_cyto_biopsy_bronze at target\.lsp\compiled\lab_dbt\models\bronze\powerpath_cyto_biopsy_bronze.sql
19:23:01.566192 [debug]: Finished rendering [  0.00s] model lab_staging.powerpath_cyto_biopsy_bronze [success]
19:23:01.566209 [debug]: Compiled SQL for node model.lab_dbt.cyto_backlog_silver at target\.lsp\compiled\lab_dbt\models\silver\cyto_backlog_silver.sql
19:23:01.566227 [debug]: Started analyzing model lab_staging.powerpath_cyto_biopsy_bronze
19:23:01.566349 [debug]: Finished rendering [  0.00s] model lab_staging.cyto_backlog_silver [success]
19:23:01.566372 [debug]: Started analyzing model lab_staging.cyto_backlog_silver
19:23:01.567157 [debug]: Finished analyzing [  0.00s] model lab_staging.powerpath_cyto_biopsy_bronze [success]
19:23:01.567179 [info ]:  Succeeded [  0.00s] model lab_staging.powerpath_cyto_biopsy_bronze (table)
19:23:01.567331 [debug]: Compiled SQL for node model.lab_dbt.date_filter_bronze at target\.lsp\compiled\lab_dbt\models\bronze\date_filter_bronze.sql
19:23:01.567507 [debug]: Finished rendering [  0.01s] model lab_staging.date_filter_bronze [success]
19:23:01.567552 [debug]: Started analyzing model lab_staging.date_filter_bronze
19:23:01.568266 [debug]: Compiled SQL for node model.lab_dbt.cyto_backlog_bronze at target\.lsp\compiled\lab_dbt\models\bronze\cyto_backlog_bronze.sql
19:23:01.568369 [debug]: Finished rendering [  0.01s] model lab_staging.cyto_backlog_bronze [success]
19:23:01.568393 [info ]: Finished rendering [  0.01s] (7 nodes, 0 skipped, 0 errors)
19:23:01.568417 [debug]: Started analyzing model lab_staging.cyto_backlog_bronze
19:23:01.568446 [debug]: Finished analyzing [  0.00s] model lab_staging.cyto_backlog_gold [success]
19:23:01.568460 [info ]:  Succeeded [  0.01s] model lab_staging.cyto_backlog_gold (table)
19:23:01.569038 [debug]: Finished analyzing [  0.00s] model lab_staging.date_filter_bronze [success]
19:23:01.569067 [info ]:  Succeeded [  0.01s] model lab_staging.date_filter_bronze (table)
19:23:01.569089 [debug]: Finished analyzing [  0.00s] model lab_staging.powerpath_cyto_gold [success]
19:23:01.569100 [info ]:  Succeeded [  0.01s] model lab_staging.powerpath_cyto_gold (table)
19:23:01.569726 [debug]: Finished analyzing [  0.00s] model lab_staging.powerpath_cyto_biopsy_silver [success]
19:23:01.569750 [info ]:  Succeeded [  0.01s] model lab_staging.powerpath_cyto_biopsy_silver (table)
19:23:01.569781 [debug]: Finished analyzing [  0.00s] model lab_staging.cyto_backlog_silver [success]
19:23:01.569796 [info ]:  Succeeded [  0.01s] model lab_staging.cyto_backlog_silver (table)
19:23:01.569900 [debug]: Finished analyzing [  0.00s] model lab_staging.cyto_backlog_bronze [success]
19:23:01.569917 [info ]: Finished analyzing [  0.00s] (7 nodes, 0 skipped, 0 errors)
19:23:01.569929 [info ]:  Succeeded [  0.01s] model lab_staging.cyto_backlog_bronze (table)
19:23:01.574936 [info ]: Started scheduling
19:23:01.575392 [info ]: Finished scheduling [  0.00s]
19:23:01.576761 [info ]: Cached model count updated: 7 models (accurate)
19:43:59.318612 [info ]: Started loading project
19:43:59.333419 [info ]: Loading ~/.dbt/profiles.yml
19:43:59.599875 [info ]: Started parsing
19:43:59.964995 [info ]: Finished loading project [  0.65s]
19:43:59.988922 [debug]: Finished parsing models/gold/schema.yml [  0.00s]
19:44:00.010840 [debug]: Finished parsing models/gold/cyto_backlog_gold.sql [  0.02s]
19:44:00.027064 [info ]: Finished parsing [  0.43s]
19:44:00.034461 [info ]: Cached model count updated: 7 models (estimate)
19:44:00.034704 [info ]: Cached model count updated: 7 models (accurate)
19:44:00.035112 [info ]: Started scheduling
19:44:00.036085 [info ]: Finished scheduling [  0.00s]
19:44:00.036261 [debug]: Compilation - 7 nodes selected: {"model.lab_dbt.cyto_backlog_bronze", "model.lab_dbt.cyto_backlog_gold", "model.lab_dbt.cyto_backlog_silver", "model.lab_dbt.date_filter_bronze", "model.lab_dbt.powerpath_cyto_biopsy_bronze", "model.lab_dbt.powerpath_cyto_biopsy_silver", "model.lab_dbt.powerpath_cyto_gold"}
19:44:00.138137 [info ]: Started building task graph
19:44:00.138410 [info ]: Finished building task graph [  0.00s]
19:44:00.183754 [info ]: Started rendering (7 nodes)
19:44:00.183968 [info ]: Started model lab_staging.cyto_backlog_gold
19:44:00.184001 [debug]: Started rendering model lab_staging.cyto_backlog_gold
19:44:00.184032 [info ]: Started model lab_staging.powerpath_cyto_gold
19:44:00.184040 [debug]: Started rendering model lab_staging.powerpath_cyto_gold
19:44:00.184058 [info ]: Started model lab_staging.powerpath_cyto_biopsy_silver
19:44:00.184064 [debug]: Started rendering model lab_staging.powerpath_cyto_biopsy_silver
19:44:00.184075 [info ]: Started model lab_staging.powerpath_cyto_biopsy_bronze
19:44:00.184091 [debug]: Started rendering model lab_staging.powerpath_cyto_biopsy_bronze
19:44:00.184110 [info ]: Started model lab_staging.cyto_backlog_silver
19:44:00.184138 [debug]: Started rendering model lab_staging.cyto_backlog_silver
19:44:00.184533 [info ]: Started model lab_staging.date_filter_bronze
19:44:00.184569 [debug]: Started rendering model lab_staging.date_filter_bronze
19:44:00.184604 [info ]: Started model lab_staging.cyto_backlog_bronze
19:44:00.184616 [debug]: Started rendering model lab_staging.cyto_backlog_bronze
19:44:00.189194 [debug]: Compiled SQL for node model.lab_dbt.powerpath_cyto_gold at target\.lsp\compiled\lab_dbt\models\gold\powerpath_cyto_gold.sql
19:44:00.189499 [debug]: Compiled SQL for node model.lab_dbt.cyto_backlog_silver at target\.lsp\compiled\lab_dbt\models\silver\cyto_backlog_silver.sql
19:44:00.190233 [debug]: Compiled SQL for node model.lab_dbt.powerpath_cyto_biopsy_bronze at target\.lsp\compiled\lab_dbt\models\bronze\powerpath_cyto_biopsy_bronze.sql
19:44:00.190480 [debug]: Finished rendering [  0.01s] model lab_staging.powerpath_cyto_gold [success]
19:44:00.190700 [debug]: Compiled SQL for node model.lab_dbt.cyto_backlog_bronze at target\.lsp\compiled\lab_dbt\models\bronze\cyto_backlog_bronze.sql
19:44:00.190789 [debug]: Compiled SQL for node model.lab_dbt.date_filter_bronze at target\.lsp\compiled\lab_dbt\models\bronze\date_filter_bronze.sql
19:44:00.190944 [info ]: Started analyzing (7 nodes)
19:44:00.190979 [debug]: Started analyzing model lab_staging.powerpath_cyto_gold
19:44:00.191016 [debug]: Finished rendering [  0.01s] model lab_staging.powerpath_cyto_biopsy_bronze [success]
19:44:00.191041 [debug]: Started analyzing model lab_staging.powerpath_cyto_biopsy_bronze
19:44:00.191513 [debug]: Finished rendering [  0.01s] model lab_staging.cyto_backlog_silver [success]
19:44:00.191558 [debug]: Compiled SQL for node model.lab_dbt.powerpath_cyto_biopsy_silver at target\.lsp\compiled\lab_dbt\models\silver\powerpath_cyto_biopsy_silver.sql
19:44:00.191586 [debug]: Started analyzing model lab_staging.cyto_backlog_silver
19:44:00.191632 [debug]: Finished rendering [  0.01s] model lab_staging.cyto_backlog_bronze [success]
19:44:00.191652 [debug]: Started analyzing model lab_staging.cyto_backlog_bronze
19:44:00.191675 [debug]: Finished rendering [  0.01s] model lab_staging.date_filter_bronze [success]
19:44:00.192797 [debug]: Started analyzing model lab_staging.date_filter_bronze
19:44:00.192874 [debug]: Finished rendering [  0.01s] model lab_staging.powerpath_cyto_biopsy_silver [success]
19:44:00.192909 [debug]: Started analyzing model lab_staging.powerpath_cyto_biopsy_silver
19:44:00.195928 [debug]: Compiled SQL for node model.lab_dbt.cyto_backlog_gold at target\.lsp\compiled\lab_dbt\models\gold\cyto_backlog_gold.sql
19:44:00.196496 [debug]: Finished rendering [  0.01s] model lab_staging.cyto_backlog_gold [success]
19:44:00.196528 [info ]: Finished rendering [  0.01s] (7 nodes, 0 skipped, 0 errors)
19:44:00.196559 [debug]: Started analyzing model lab_staging.cyto_backlog_gold
19:44:00.205138 [debug]: Finished analyzing [  0.01s] model lab_staging.powerpath_cyto_biopsy_bronze [success]
19:44:00.205177 [info ]:  Succeeded [  0.02s] model lab_staging.powerpath_cyto_biopsy_bronze (table)
19:44:00.205898 [debug]: Finished analyzing [  0.01s] model lab_staging.date_filter_bronze [success]
19:44:00.205925 [info ]:  Succeeded [  0.02s] model lab_staging.date_filter_bronze (table)
19:44:00.205955 [debug]: Finished analyzing [  0.01s] model lab_staging.cyto_backlog_silver [success]
19:44:00.205964 [info ]:  Succeeded [  0.02s] model lab_staging.cyto_backlog_silver (table)
19:44:00.207297 [debug]: Finished analyzing [  0.02s] model lab_staging.cyto_backlog_bronze [success]
19:44:00.207626 [info ]:  Succeeded [  0.02s] model lab_staging.cyto_backlog_bronze (table)
19:44:00.207663 [debug]: Finished analyzing [  0.01s] model lab_staging.cyto_backlog_gold [success]
19:44:00.207684 [info ]:  Succeeded [  0.02s] model lab_staging.cyto_backlog_gold (table)
19:44:00.208923 [debug]: Finished analyzing [  0.02s] model lab_staging.powerpath_cyto_gold [success]
19:44:00.209120 [info ]:  Succeeded [  0.02s] model lab_staging.powerpath_cyto_gold (table)
19:44:00.209881 [debug]: Finished analyzing [  0.02s] model lab_staging.powerpath_cyto_biopsy_silver [success]
19:44:00.209925 [info ]: Finished analyzing [  0.02s] (7 nodes, 0 skipped, 0 errors)
19:44:00.209978 [info ]:  Succeeded [  0.02s] model lab_staging.powerpath_cyto_biopsy_silver (table)
19:44:00.218832 [info ]: Started scheduling
19:44:00.218892 [info ]: Finished scheduling [  0.00s]
19:44:00.224283 [info ]: Cached model count updated: 7 models (accurate)
19:44:01.788419 [info ]: Started loading project
19:44:01.790611 [info ]: Loading ~/.dbt/profiles.yml
19:44:01.896733 [info ]: Cached model count updated: 7 models (estimate)
19:44:01.896753 [info ]: Cached model count updated: 7 models (accurate)
19:44:01.896788 [info ]: Started scheduling
19:44:01.896935 [info ]: Finished scheduling [  0.00s]
19:44:01.896953 [debug]: Compilation - 7 nodes selected: {"model.lab_dbt.cyto_backlog_bronze", "model.lab_dbt.cyto_backlog_gold", "model.lab_dbt.cyto_backlog_silver", "model.lab_dbt.date_filter_bronze", "model.lab_dbt.powerpath_cyto_biopsy_bronze", "model.lab_dbt.powerpath_cyto_biopsy_silver", "model.lab_dbt.powerpath_cyto_gold"}
19:44:01.973480 [info ]: Started building task graph
19:44:01.973577 [info ]: Finished building task graph [  0.00s]
19:44:01.985779 [info ]: Started rendering (7 nodes)
19:44:01.985809 [info ]: Started model lab_staging.cyto_backlog_gold
19:44:01.985819 [debug]: Started rendering model lab_staging.cyto_backlog_gold
19:44:01.985841 [info ]: Started model lab_staging.powerpath_cyto_gold
19:44:01.985849 [debug]: Started rendering model lab_staging.powerpath_cyto_gold
19:44:01.985859 [info ]: Started model lab_staging.powerpath_cyto_biopsy_silver
19:44:01.985866 [debug]: Started rendering model lab_staging.powerpath_cyto_biopsy_silver
19:44:01.985878 [info ]: Started model lab_staging.powerpath_cyto_biopsy_bronze
19:44:01.985898 [debug]: Started rendering model lab_staging.powerpath_cyto_biopsy_bronze
19:44:01.985902 [info ]: Finished loading project [  0.20s]
19:44:01.985919 [info ]: Started model lab_staging.cyto_backlog_silver
19:44:01.985948 [debug]: Started rendering model lab_staging.cyto_backlog_silver
19:44:01.985976 [info ]: Started model lab_staging.date_filter_bronze
19:44:01.986019 [debug]: Started rendering model lab_staging.date_filter_bronze
19:44:01.986045 [info ]: Started model lab_staging.cyto_backlog_bronze
19:44:01.986149 [debug]: Started rendering model lab_staging.cyto_backlog_bronze
19:44:01.989312 [debug]: Compiled SQL for node model.lab_dbt.date_filter_bronze at target\.lsp\compiled\lab_dbt\models\bronze\date_filter_bronze.sql
19:44:01.989366 [debug]: Compiled SQL for node model.lab_dbt.cyto_backlog_gold at target\.lsp\compiled\lab_dbt\models\gold\cyto_backlog_gold.sql
19:44:01.989378 [debug]: Compiled SQL for node model.lab_dbt.powerpath_cyto_biopsy_silver at target\.lsp\compiled\lab_dbt\models\silver\powerpath_cyto_biopsy_silver.sql
19:44:01.989412 [debug]: Compiled SQL for node model.lab_dbt.powerpath_cyto_gold at target\.lsp\compiled\lab_dbt\models\gold\powerpath_cyto_gold.sql
19:44:01.989412 [debug]: Compiled SQL for node model.lab_dbt.powerpath_cyto_biopsy_bronze at target\.lsp\compiled\lab_dbt\models\bronze\powerpath_cyto_biopsy_bronze.sql
19:44:01.989526 [debug]: Finished rendering [  0.00s] model lab_staging.date_filter_bronze [success]
19:44:01.989536 [debug]: Compiled SQL for node model.lab_dbt.cyto_backlog_bronze at target\.lsp\compiled\lab_dbt\models\bronze\cyto_backlog_bronze.sql
19:44:01.989569 [info ]: Started analyzing (7 nodes)
19:44:01.989582 [debug]: Started analyzing model lab_staging.date_filter_bronze
19:44:01.989708 [debug]: Compiled SQL for node model.lab_dbt.cyto_backlog_silver at target\.lsp\compiled\lab_dbt\models\silver\cyto_backlog_silver.sql
19:44:01.990005 [debug]: Finished rendering [  0.00s] model lab_staging.cyto_backlog_gold [success]
19:44:01.990038 [debug]: Started analyzing model lab_staging.cyto_backlog_gold
19:44:01.990059 [debug]: Finished rendering [  0.00s] model lab_staging.powerpath_cyto_biopsy_silver [success]
19:44:01.990074 [debug]: Started analyzing model lab_staging.powerpath_cyto_biopsy_silver
19:44:01.990097 [debug]: Finished rendering [  0.00s] model lab_staging.powerpath_cyto_gold [success]
19:44:01.990115 [debug]: Started analyzing model lab_staging.powerpath_cyto_gold
19:44:01.990142 [debug]: Finished rendering [  0.00s] model lab_staging.powerpath_cyto_biopsy_bronze [success]
19:44:01.990158 [debug]: Started analyzing model lab_staging.powerpath_cyto_biopsy_bronze
19:44:01.990180 [debug]: Finished rendering [  0.00s] model lab_staging.cyto_backlog_bronze [success]
19:44:01.990198 [debug]: Started analyzing model lab_staging.cyto_backlog_bronze
19:44:01.990218 [debug]: Finished rendering [  0.00s] model lab_staging.cyto_backlog_silver [success]
19:44:01.990230 [info ]: Finished rendering [  0.00s] (7 nodes, 0 skipped, 0 errors)
19:44:01.990241 [debug]: Started analyzing model lab_staging.cyto_backlog_silver
19:44:01.991401 [debug]: Finished analyzing [  0.00s] model lab_staging.powerpath_cyto_biopsy_bronze [success]
19:44:01.991436 [info ]:  Succeeded [  0.01s] model lab_staging.powerpath_cyto_biopsy_bronze (table)
19:44:01.991468 [debug]: Finished analyzing [  0.00s] model lab_staging.date_filter_bronze [success]
19:44:01.991482 [info ]:  Succeeded [  0.00s] model lab_staging.date_filter_bronze (table)
19:44:01.991804 [debug]: Finished analyzing [  0.00s] model lab_staging.cyto_backlog_silver [success]
19:44:01.991828 [info ]:  Succeeded [  0.01s] model lab_staging.cyto_backlog_silver (table)
19:44:01.992424 [debug]: Finished analyzing [  0.00s] model lab_staging.cyto_backlog_bronze [success]
19:44:01.992443 [info ]:  Succeeded [  0.01s] model lab_staging.cyto_backlog_bronze (table)
19:44:01.992662 [debug]: Finished analyzing [  0.00s] model lab_staging.cyto_backlog_gold [success]
19:44:01.992680 [info ]:  Succeeded [  0.01s] model lab_staging.cyto_backlog_gold (table)
19:44:01.993728 [debug]: Finished analyzing [  0.00s] model lab_staging.powerpath_cyto_gold [success]
19:44:01.993761 [info ]:  Succeeded [  0.01s] model lab_staging.powerpath_cyto_gold (table)
19:44:01.993794 [debug]: Finished analyzing [  0.00s] model lab_staging.powerpath_cyto_biopsy_silver [success]
19:44:01.993806 [info ]: Finished analyzing [  0.00s] (7 nodes, 0 skipped, 0 errors)
19:44:01.993817 [info ]:  Succeeded [  0.01s] model lab_staging.powerpath_cyto_biopsy_silver (table)
19:44:01.999613 [info ]: Started scheduling
19:44:01.999686 [info ]: Finished scheduling [  0.00s]
19:44:02.000903 [info ]: Cached model count updated: 7 models (accurate)
